{"type": "FeatureCollection", "features": [{"type": "Feature", "id": 268838, "geometry": {"type": "LineString", "coordinates": [[-120.64254250725801, 39.72571011340238], [-120.64197257357101, 39.725766113528984], [-120.64097570676407, 39.72587651387405], [-120.64061990661924, 39.725873780897246], [-120.6402636403152, 39.72582144777165], [-120.6398366406011, 39.72560111409728], [-120.63955217321383, 39.72532498015267]]}, "properties": {"OBJECTID": 268838, "permanent_identifier": "158997312", "fdate": 1329727215000, "resolution": 2, "gnis_id": null, "gnis_name": null, "lengthkm": 0.279, "reachcode": "18020123030684", "flowdir": 1, "wbarea_permanent_identifier": null, "ftype": 460, "fcode": 46007, "innetwork": 1, "mainpath": 0, "visibilityfilter": 24000, "Shape_Length": 364.29290893373206, "globalid": "{8D234ECB-4C72-11E1-BCF4-0021280458E6}"}}, {"type": "Feature", "id": 277522, "geometry": {"type": "LineString", "coordinates": [[-120.60731096755964, 39.72174624927734], [-120.60735676769761, 39.72181471621268], [-120.60737190122191, 39.7219051161851], [-120.60736470176823, 39.721963516394624], [-120.60734196818466, 39.721990116205056], [-120.60730310112372, 39.7220388499508], [-120.6072579013738, 39.7221009163582], [-120.60719670133486, 39.72216271620011], [-120.60713576767255, 39.72223811596594], [-120.60709756759385, 39.72233191597347], [-120.60705156767335, 39.72237605000055], [-120.60697536833896, 39.722451049370214], [-120.60690670142908, 39.722517116231444], [-120.60683050105416, 39.72256964954508], [-120.6067845011337, 39.7226137161928], [-120.60671570103548, 39.72268431672853], [-120.60665470077905, 39.72280484927907], [-120.60661676811752, 39.72290764972069], [-120.60655570126691, 39.72300991619615], [-120.60650250085219, 39.72315751652396], [-120.6064869011687, 39.72326984980799], [-120.60647190083272, 39.7233866494667], [-120.60648676798037, 39.72352651636151], [-120.60650236870438, 39.723580916035615], [-120.6064869688034, 39.72362564949744], [-120.60646416862568, 39.72367471661757], [-120.60642576772393, 39.72372804936025], [-120.60636496829049, 39.72384384945644], [-120.60631130067607, 39.72391931621062], [-120.60622730149994, 39.7240302493162], [-120.60619730186848, 39.72416025033527], [-120.60620496852191, 39.72423244989778], [-120.60622756787659, 39.72431404975797], [-120.60623530216473, 39.72440871687113], [-120.60624276799511, 39.7245305164862], [-120.60623536875887, 39.72462044952426], [-120.60622756787659, 39.72473744937096], [-120.6062051683044, 39.724818049861256], [-120.60622796848213, 39.724917650114534], [-120.6062427014009, 39.72495391637057], [-120.60626596877835, 39.72497691609445], [-120.60630356846904, 39.725027249921645], [-120.60641070183428, 39.72520064981121], [-120.60646396780265, 39.725282849545586], [-120.60651736799984, 39.72542351608664], [-120.6065713009504, 39.72572191604804], [-120.60654076856561, 39.7258429162582], [-120.60652570163545, 39.7259237163279], [-120.60649470205097, 39.72603564976512], [-120.60648716858589, 39.72617064957003], [-120.60648730177424, 39.726274250076905], [-120.60650236870438, 39.72636464980492], [-120.60648716858589, 39.726445450063494], [-120.6064641020315, 39.72649904955683], [-120.6064105020518, 39.726574450183], [-120.60636490169634, 39.72665011641866], [-120.60630376929207, 39.72674791660588]]}, "properties": {"OBJECTID": 277522, "permanent_identifier": "158996863", "fdate": 1329727324000, "resolution": 2, "gnis_id": "00263725", "gnis_name": "Mohawk Creek", "lengthkm": 0.599, "reachcode": "18020123000649", "flowdir": 1, "wbarea_permanent_identifier": null, "ftype": 460, "fcode": 46006, "innetwork": 1, "mainpath": 0, "visibilityfilter": 1000000, "Shape_Length": 775.1796407717325, "globalid": "{40C821E9-4C91-11E1-BCF4-0021280458E6}"}}, {"type": "Feature", "id": 391743, "geometry": {"type": "LineString", "coordinates": [[-120.64890224390925, 39.74185564774505], [-120.64888491069635, 39.74190624768366], [-120.64881611059819, 39.74204004746567], [-120.64873257758117, 39.74211491423068], [-120.6485725101779, 39.74225584806282], [-120.64841217743847, 39.74235611440476], [-120.64820591033221, 39.742482648467025], [-120.64813737765121, 39.742526247934244], [-120.64809911097832, 39.74260204787824], [-120.64806871074134, 39.74268631430102]]}, "properties": {"OBJECTID": 391743, "permanent_identifier": "158996793", "fdate": 1329727091000, "resolution": 2, "gnis_id": "00266769", "gnis_name": "Gray Eagle Creek", "lengthkm": 0.12000000000000001, "reachcode": "18020123000640", "flowdir": 1, "wbarea_permanent_identifier": null, "ftype": 460, "fcode": 46006, "innetwork": 1, "mainpath": 0, "visibilityfilter": 2000000, "Shape_Length": 156.48721965855913, "globalid": "{63163967-4C98-11E1-BCF4-0021280458E6}"}}, {"type": "Feature", "id": 494382, "geometry": {"type": "LineString", "coordinates": [[-120.64204937745559, 39.755722182592], [-120.6419763111686, 39.755941449659076], [-120.64190464439966, 39.7560526496049], [-120.64154424405467, 39.75665331627294], [-120.64132724488226, 39.75709038232014], [-120.6411113778107, 39.75736531631519], [-120.64103891191175, 39.75758451655762], [-120.64067964470809, 39.75802318292036], [-120.64039144492591, 39.758517316864626], [-120.64031911117478, 39.758623982785224], [-120.64010331173789, 39.758898783473704], [-120.63995991160581, 39.75906251694278], [-120.63967224561749, 39.75939004990451], [-120.63952877785074, 39.75955378300553], [-120.6393094447609, 39.760378183449305], [-120.63930557813711, 39.760873583503454], [-120.63915757884543, 39.76164085020074], [-120.63915677867489, 39.76174885026497], [-120.63901044527789, 39.76229545011624], [-120.6388660451928, 39.76257178388335], [-120.63879411100665, 39.76271678394044]]}, "properties": {"OBJECTID": 494382, "permanent_identifier": "158997349", "fdate": 1329727766000, "resolution": 2, "gnis_id": null, "gnis_name": null, "lengthkm": 0.8440000000000001, "reachcode": "18020123030665", "flowdir": 1, "wbarea_permanent_identifier": null, "ftype": 460, "fcode": 46007, "innetwork": 1, "mainpath": 0, "visibilityfilter": 24000, "Shape_Length": 1093.2709880296177, "globalid": "{1C4CCF30-4C7F-11E1-BCF4-0021280458E6}"}}, {"type": "Feature", "id": 502607, "geometry": {"type": "LineString", "coordinates": [[-120.66939531044834, 39.71760817768129], [-120.6688971767186, 39.717332443937174], [-120.66725991023175, 39.71667344365097], [-120.66661884356962, 39.71650737714678], [-120.6661209096224, 39.71639831046894], [-120.66589017644372, 39.71630004417872]]}, "properties": {"OBJECTID": 502607, "permanent_identifier": "158997519", "fdate": 1329728177000, "resolution": 2, "gnis_id": null, "gnis_name": null, "lengthkm": 0.334, "reachcode": "18020123031414", "flowdir": 1, "wbarea_permanent_identifier": null, "ftype": 460, "fcode": 46003, "innetwork": 1, "mainpath": 0, "visibilityfilter": 250000, "Shape_Length": 436.31485443863374, "globalid": "{2ECC9649-4C90-11E1-BCF4-0021280458E6}"}}, {"type": "Feature", "id": 502609, "geometry": {"type": "LineString", "coordinates": [[-120.64517250859193, 39.730984180605326], [-120.64474477530145, 39.73103851437859], [-120.64388997466219, 39.73114731383378], [-120.64366777490162, 39.73114258050368]]}, "properties": {"OBJECTID": 502609, "permanent_identifier": "158997392", "fdate": 1329728229000, "resolution": 2, "gnis_id": null, "gnis_name": null, "lengthkm": 0.129, "reachcode": "18020123031226", "flowdir": 1, "wbarea_permanent_identifier": null, "ftype": 460, "fcode": 46007, "innetwork": 1, "mainpath": 0, "visibilityfilter": 0, "Shape_Length": 169.4552429604005, "globalid": "{3ADAC978-4C92-11E1-BCF4-0021280458E6}"}}, {"type": "Feature", "id": 502626, "geometry": {"type": "LineString", "coordinates": [[-120.64103617218612, 39.71814244659134], [-120.64108710631811, 39.71826631343622], [-120.64115630598131, 39.71846144682605], [-120.64117097334645, 39.718650913045224], [-120.64117130631729, 39.71881311261274], [-120.64111817249675, 39.71891564688027], [-120.64101857259656, 39.71903524638889], [-120.64094257304464, 39.71919131346723], [-120.64084417288, 39.7193899138062]]}, "properties": {"OBJECTID": 502626, "permanent_identifier": "158997768", "fdate": 1329727100000, "resolution": 2, "gnis_id": "00260351", "gnis_name": "Frazier Creek", "lengthkm": 0.14700000000000002, "reachcode": "18020123000347", "flowdir": 1, "wbarea_permanent_identifier": null, "ftype": 460, "fcode": 46006, "innetwork": 1, "mainpath": 0, "visibilityfilter": 5000000, "Shape_Length": 190.42387278955835, "globalid": "{69AFF9F0-4C91-11E1-BCF4-0021280458E6}"}}, {"type": "Feature", "id": 717595, "geometry": {"type": "LineString", "coordinates": [[-120.65472444181383, 39.719848779423764], [-120.65500984255996, 39.71979604554893]]}, "properties": {"OBJECTID": 717595, "permanent_identifier": "158997390", "fdate": 1329727736000, "resolution": 2, "gnis_id": null, "gnis_name": null, "lengthkm": 0.025, "reachcode": "18020123030815", "flowdir": 1, "wbarea_permanent_identifier": null, "ftype": 460, "fcode": 46003, "innetwork": 1, "mainpath": 0, "visibilityfilter": 24000, "Shape_Length": 32.674476090412966, "globalid": "{1024735E-4C83-11E1-BCF4-0021280458E6}"}}, {"type": "Feature", "id": 726785, "geometry": {"type": "LineString", "coordinates": [[-120.60842476852018, 39.726291649792955], [-120.60825756825732, 39.72631971644925], [-120.60818070194074, 39.72634971657187], [-120.60809670172405, 39.726352515953124], [-120.60798290269896, 39.72635464950088], [-120.60783790222581, 39.72637411632055], [-120.60766236832735, 39.726388516561755], [-120.6075627684272, 39.726382050298454], [-120.60744056917233, 39.72639305014825], [-120.60733416834292, 39.726413316436606], [-120.60721176930554, 39.72645131691162], [-120.60708196895088, 39.72647125026677], [-120.60696770168555, 39.72648685010581], [-120.60689136812228, 39.72652131651037], [-120.6068149024112, 39.726560250050156], [-120.60673130175952, 39.726617116186745], [-120.60664710176032, 39.726669449508705], [-120.60651770201122, 39.72672084966888], [-120.60638810143908, 39.726758649905484], [-120.60630376929207, 39.72674791660588]]}, "properties": {"OBJECTID": 726785, "permanent_identifier": "62404379", "fdate": 1329727261000, "resolution": 2, "gnis_id": null, "gnis_name": null, "lengthkm": 0.192, "reachcode": "18020123000650", "flowdir": 1, "wbarea_permanent_identifier": null, "ftype": 460, "fcode": 46006, "innetwork": 1, "mainpath": 0, "visibilityfilter": 500000, "Shape_Length": 251.78137527702341, "globalid": "{B357F9D9-4C97-11E1-BCF4-0021280458E6}"}}, {"type": "Feature", "id": 940926, "geometry": {"type": "LineString", "coordinates": [[-120.65043917587906, 39.73400518078352], [-120.65058164265227, 39.73406211359668], [-120.65093777680846, 39.73422704716846], [-120.65164944369235, 39.734336047239445], [-120.65229051035445, 39.73472284654518], [-120.65278891046083, 39.734886046943366], [-120.65314457637683, 39.73510498023794], [-120.65335770996597, 39.73527151326863], [-120.65350071053304, 39.735269847300145]]}, "properties": {"OBJECTID": 940926, "permanent_identifier": "158996589", "fdate": 1329727785000, "resolution": 2, "gnis_id": null, "gnis_name": null, "lengthkm": 0.304, "reachcode": "18020123031062", "flowdir": 1, "wbarea_permanent_identifier": null, "ftype": 460, "fcode": 46007, "innetwork": 1, "mainpath": 0, "visibilityfilter": 0, "Shape_Length": 396.39785026663685, "globalid": "{E4FA7890-4C7E-11E1-BCF4-0021280458E6}"}}, {"type": "Feature", "id": 941643, "geometry": {"type": "LineString", "coordinates": [[-120.6322159725434, 39.726689047484875], [-120.63250003932512, 39.72718591502062], [-120.63271383885592, 39.72756864828026], [-120.63292643969173, 39.72806398097932], [-120.63306830607691, 39.728886715220554], [-120.63313963987503, 39.72899624789953], [-120.63321063966181, 39.72915984757525], [-120.63338757307828, 39.729297047542026]]}, "properties": {"OBJECTID": 941643, "permanent_identifier": "158997410", "fdate": 1329727639000, "resolution": 2, "gnis_id": null, "gnis_name": null, "lengthkm": 0.313, "reachcode": "18020123030714", "flowdir": 1, "wbarea_permanent_identifier": null, "ftype": 460, "fcode": 46007, "innetwork": 1, "mainpath": 0, "visibilityfilter": 24000, "Shape_Length": 405.14975419348394, "globalid": "{484A460A-4C7A-11E1-BCF4-0021280458E6}"}}, {"type": "Feature", "id": 949592, "geometry": {"type": "LineString", "coordinates": [[-120.64203344167966, 39.736087048004244], [-120.64174844257963, 39.73636051510539], [-120.64117844229844, 39.736907514866175], [-120.64096370940877, 39.73762391497789], [-120.64082097521836, 39.73789571407691], [-120.64067870822763, 39.73800544768049], [-120.64047997562699, 39.73800664789832]]}, "properties": {"OBJECTID": 949592, "permanent_identifier": "158996566", "fdate": 1329728221000, "resolution": 2, "gnis_id": null, "gnis_name": null, "lengthkm": 0.266, "reachcode": "18020123030834", "flowdir": 1, "wbarea_permanent_identifier": null, "ftype": 460, "fcode": 46007, "innetwork": 1, "mainpath": 0, "visibilityfilter": 0, "Shape_Length": 345.6166415267766, "globalid": "{32C5E005-4C89-11E1-BCF4-0021280458E6}"}}, {"type": "Feature", "id": 1165341, "geometry": {"type": "LineString", "coordinates": [[-120.66404184598956, 39.73308611212065], [-120.66361424484687, 39.733523378897864], [-120.66332937789461, 39.733905045526214], [-120.66283024525238, 39.73434551266057], [-120.66240271174443, 39.734782779450555], [-120.66176131107093, 39.73522484613217], [-120.66161917830911, 39.73522191268136], [-120.66133431135684, 39.73538737959561], [-120.66069311150639, 39.73560871261718], [-120.65969617810528, 39.73571471305969]]}, "properties": {"OBJECTID": 1165341, "permanent_identifier": "158996567", "fdate": 1329727974000, "resolution": 2, "gnis_id": null, "gnis_name": null, "lengthkm": 0.498, "reachcode": "18020123030826", "flowdir": 1, "wbarea_permanent_identifier": null, "ftype": 460, "fcode": 46007, "innetwork": 1, "mainpath": 0, "visibilityfilter": 24000, "Shape_Length": 648.387266014585, "globalid": "{BC0D9511-4C86-11E1-BCF4-0021280458E6}"}}, {"type": "Feature", "id": 1173057, "geometry": {"type": "LineString", "coordinates": [[-120.63955217321383, 39.72532498015267], [-120.63855564041823, 39.7251021135588], [-120.63819963945035, 39.724937180563394], [-120.63755870701712, 39.7248295141335], [-120.63730757313176, 39.72483924735919]]}, "properties": {"OBJECTID": 1173057, "permanent_identifier": "158997351", "fdate": 1329728170000, "resolution": 2, "gnis_id": null, "gnis_name": null, "lengthkm": 0.201, "reachcode": "18020123030919", "flowdir": 1, "wbarea_permanent_identifier": null, "ftype": 460, "fcode": 46003, "innetwork": 1, "mainpath": 0, "visibilityfilter": 24000, "Shape_Length": 262.8142386418969, "globalid": "{C8D8080C-4C8F-11E1-BCF4-0021280458E6}"}}, {"type": "Feature", "id": 1173848, "geometry": {"type": "LineString", "coordinates": [[-120.63592557249017, 39.72059811343919], [-120.63621030625411, 39.72065351425609], [-120.63649477260083, 39.720821380356476], [-120.63727763905393, 39.721040046984704], [-120.63770543997914, 39.72115238051675], [-120.63791870571606, 39.72120624743652], [-120.63855923962483, 39.72125984700083], [-120.63877290596729, 39.72115151374759]]}, "properties": {"OBJECTID": 1173848, "permanent_identifier": "158997639", "fdate": 1329728259000, "resolution": 2, "gnis_id": null, "gnis_name": null, "lengthkm": 0.261, "reachcode": "18020123031406", "flowdir": 1, "wbarea_permanent_identifier": null, "ftype": 460, "fcode": 46007, "innetwork": 1, "mainpath": 0, "visibilityfilter": 0, "Shape_Length": 340.84569593683506, "globalid": "{7B8B2820-4C94-11E1-BCF4-0021280458E6}"}}, {"type": "Feature", "id": 1173889, "geometry": {"type": "LineString", "coordinates": [[-120.62784403846314, 39.72576751483205], [-120.62765170514567, 39.725825714099656], [-120.62735390435766, 39.72589624812417], [-120.62716317138124, 39.72595091482458], [-120.62691157133672, 39.72603591465919], [-120.62663737193749, 39.72614544866617]]}, "properties": {"OBJECTID": 1173889, "permanent_identifier": "158996786", "fdate": 1329727261000, "resolution": 2, "gnis_id": null, "gnis_name": null, "lengthkm": 0.111, "reachcode": "18020123000650", "flowdir": 1, "wbarea_permanent_identifier": null, "ftype": 460, "fcode": 46003, "innetwork": 1, "mainpath": 0, "visibilityfilter": 500000, "Shape_Length": 145.3402481472016, "globalid": "{6717E462-4C90-11E1-BCF4-0021280458E6}"}}, {"type": "Feature", "id": 1173911, "geometry": {"type": "LineString", "coordinates": [[-120.63541577437597, 39.730866981699094], [-120.63513123935402, 39.73069891438918], [-120.63313777315732, 39.73058624830876], [-120.63256823903528, 39.73048004792381], [-120.63213017324367, 39.73026258117499]]}, "properties": {"OBJECTID": 1173911, "permanent_identifier": "158997354", "fdate": 1329728413000, "resolution": 2, "gnis_id": null, "gnis_name": null, "lengthkm": 0.29500000000000004, "reachcode": "18020123030948", "flowdir": 1, "wbarea_permanent_identifier": null, "ftype": 460, "fcode": 46007, "innetwork": 1, "mainpath": 0, "visibilityfilter": 24000, "Shape_Length": 385.7280417590274, "globalid": "{EE27E8B6-4C99-11E1-BCF4-0021280458E6}"}}, {"type": "Feature", "id": 1286956, "geometry": {"type": "LineString", "coordinates": [[-120.65233564455075, 39.74726678153581], [-120.65254871154573, 39.74765398108945], [-120.65275637921054, 39.74807898061267], [-120.65305257757642, 39.7490696332837], [-120.65338570136706, 39.75016418591355], [-120.65375880663039, 39.75055221478287], [-120.65457543216374, 39.751401505858475], [-120.6555837791807, 39.752469514197024]]}, "properties": {"OBJECTID": 1286956, "permanent_identifier": "158996554", "fdate": 1507852800000, "resolution": 2, "gnis_id": null, "gnis_name": null, "lengthkm": 0.65620608, "reachcode": "18020123031220", "flowdir": 1, "wbarea_permanent_identifier": null, "ftype": 460, "fcode": 46007, "innetwork": 1, "mainpath": 0, "visibilityfilter": 24000, "Shape_Length": 850.410633942786, "globalid": "{671776B6-4C90-11E1-BCF4-0021280458E6}"}}, {"type": "Feature", "id": 1287093, "geometry": {"type": "LineString", "coordinates": [[-120.6523782440066, 39.73839871393505], [-120.6522039108842, 39.7385185140908], [-120.65201331005558, 39.73865431359336], [-120.65193464361543, 39.73870191376811]]}, "properties": {"OBJECTID": 1287093, "permanent_identifier": "158996748", "fdate": 1329727091000, "resolution": 2, "gnis_id": "00266769", "gnis_name": "Gray Eagle Creek", "lengthkm": 0.051000000000000004, "reachcode": "18020123000640", "flowdir": 1, "wbarea_permanent_identifier": null, "ftype": 460, "fcode": 46006, "innetwork": 1, "mainpath": 0, "visibilityfilter": 2000000, "Shape_Length": 66.09500491766038, "globalid": "{DEA34117-4C78-11E1-BCF4-0021280458E6}"}}, {"type": "Feature", "id": 1388171, "geometry": {"type": "LineString", "coordinates": [[-120.63028404039699, 39.735469448758806], [-120.62971370714497, 39.73574604938133], [-120.62928630682534, 39.73585444852294], [-120.6290012400906, 39.73601984910508], [-120.62857383977094, 39.73612811578853], [-120.62750477344171, 39.73640358233615], [-120.62721990648946, 39.73645638272594], [-120.62615183907272, 39.73651111546789]]}, "properties": {"OBJECTID": 1388171, "permanent_identifier": "158997400", "fdate": 1329727662000, "resolution": 2, "gnis_id": null, "gnis_name": null, "lengthkm": 0.376, "reachcode": "18020123030708", "flowdir": 1, "wbarea_permanent_identifier": null, "ftype": 460, "fcode": 46007, "innetwork": 1, "mainpath": 0, "visibilityfilter": 24000, "Shape_Length": 492.29607513474343, "globalid": "{15242BC9-4C7B-11E1-BCF4-0021280458E6}"}}, {"type": "Feature", "id": 1388252, "geometry": {"type": "LineString", "coordinates": [[-120.63496037329043, 39.72872384792845], [-120.63490750584653, 39.72875764740462], [-120.63477817269158, 39.72880451498114], [-120.63464817359498, 39.72883344808738], [-120.63441150729227, 39.728887114545834], [-120.63419777331511, 39.72895484776356], [-120.63392330649867, 39.72904831453318], [-120.63349610700209, 39.72923331429538], [-120.63338757307828, 39.729297047542026]]}, "properties": {"OBJECTID": 1388252, "permanent_identifier": "158996803", "fdate": 1329727100000, "resolution": 2, "gnis_id": "00260351", "gnis_name": "Frazier Creek", "lengthkm": 0.149, "reachcode": "18020123000347", "flowdir": 1, "wbarea_permanent_identifier": null, "ftype": 460, "fcode": 46006, "innetwork": 1, "mainpath": 0, "visibilityfilter": 5000000, "Shape_Length": 195.0264777013097, "globalid": "{E6F45360-4C7C-11E1-BCF4-0021280458E6}"}}, {"type": "Feature", "id": 1397482, "geometry": {"type": "LineString", "coordinates": [[-120.63009403787535, 39.71378558028209], [-120.63052077017228, 39.714118647283115], [-120.63066323694547, 39.714283713409905], [-120.6308751707991, 39.71565284720187], [-120.63101763757228, 39.715984579722836], [-120.63108823779407, 39.71609411368785], [-120.63115917098665, 39.71625777999409], [-120.63137257095245, 39.71647831400675], [-120.63151483794317, 39.716643380089415], [-120.6314435707392, 39.71680864667526]]}, "properties": {"OBJECTID": 1397482, "permanent_identifier": "158997654", "fdate": 1329728304000, "resolution": 2, "gnis_id": null, "gnis_name": null, "lengthkm": 0.373, "reachcode": "18020123031455", "flowdir": 1, "wbarea_permanent_identifier": null, "ftype": 460, "fcode": 46007, "innetwork": 1, "mainpath": 0, "visibilityfilter": 24000, "Shape_Length": 482.74446997698664, "globalid": "{9C1E9160-4C96-11E1-BCF4-0021280458E6}"}}, {"type": "Feature", "id": 1511623, "geometry": {"type": "LineString", "coordinates": [[-120.66195511570328, 39.76417444779476], [-120.66193998217895, 39.764061514906246], [-120.6618255817253, 39.7639465150357], [-120.66138298232771, 39.7636403148862], [-120.66119971518167, 39.76349251570189], [-120.66102438210625, 39.763389914963454], [-120.66090978187009, 39.76332904871785], [-120.6606735151324, 39.76326124850237], [-120.66047491467955, 39.763203115239406], [-120.66029931522748, 39.76317264884687], [-120.66019291439807, 39.76317051563903], [-120.66010838142805, 39.76318684863506], [-120.65997898167893, 39.76315271490852], [-120.65964338245823, 39.76306484857968], [-120.65957471450784, 39.76302744898621], [-120.6595439157464, 39.763008848363874], [-120.6595139816686, 39.76296764862741], [-120.65949831539092, 39.76293584877119], [-120.65945218228214, 39.762916848996], [-120.65942971507523, 39.76291191468458], [-120.65925398139429, 39.76289031537006], [-120.6591547810591, 39.762888314929576], [-120.65894891559891, 39.762911248404535], [-120.65889511479617, 39.762928115765746]]}, "properties": {"OBJECTID": 1511623, "permanent_identifier": "{CE4971C7-4BD4-4A62-BDCD-124F7A745110}", "fdate": 1507852800000, "resolution": 2, "gnis_id": "00274696", "gnis_name": "Claim Creek", "lengthkm": 0.31839485, "reachcode": "18020123004715", "flowdir": 1, "wbarea_permanent_identifier": null, "ftype": 460, "fcode": 46006, "innetwork": 1, "mainpath": 0, "visibilityfilter": 250000, "Shape_Length": 415.7108216321656, "globalid": "{78D5383F-1B18-4124-ADB0-364520CFBD79}"}}, {"type": "Feature", "id": 1611544, "geometry": {"type": "LineString", "coordinates": [[-120.63644884239613, 39.751973249707696], [-120.63651917624122, 39.75213691644275], [-120.63644351070067, 39.75279298264813], [-120.63637111035536, 39.75290405008173], [-120.63629864341587, 39.75321451620348]]}, "properties": {"OBJECTID": 1611544, "permanent_identifier": "158997338", "fdate": 1329727583000, "resolution": 2, "gnis_id": null, "gnis_name": null, "lengthkm": 0.14200000000000002, "reachcode": "18020123030897", "flowdir": 1, "wbarea_permanent_identifier": null, "ftype": 460, "fcode": 46007, "innetwork": 1, "mainpath": 0, "visibilityfilter": 0, "Shape_Length": 183.98516315549182, "globalid": "{3F50A53E-4C79-11E1-BCF4-0021280458E6}"}}, {"type": "Feature", "id": 1611587, "geometry": {"type": "LineString", "coordinates": [[-120.64104810710937, 39.72477891366243], [-120.64062070678975, 39.72488731404414], [-120.63998004073316, 39.725158046954526], [-120.63969444020455, 39.725215314394454], [-120.63955217321383, 39.72532498015267]]}, "properties": {"OBJECTID": 1611587, "permanent_identifier": "158997359", "fdate": 1329727956000, "resolution": 2, "gnis_id": null, "gnis_name": null, "lengthkm": 0.14300000000000002, "reachcode": "18020123031167", "flowdir": 1, "wbarea_permanent_identifier": null, "ftype": 460, "fcode": 46007, "innetwork": 1, "mainpath": 0, "visibilityfilter": 0, "Shape_Length": 186.75033677947943, "globalid": "{F06A271E-4C86-11E1-BCF4-0021280458E6}"}}, {"type": "Feature", "id": 1621043, "geometry": {"type": "LineString", "coordinates": [[-120.66618991262472, 39.73527951263727], [-120.66620451235518, 39.735318912534886], [-120.66623511237464, 39.735409646078956], [-120.66624257820501, 39.735553911943995], [-120.66618877948336, 39.73587264599114], [-120.66613531269196, 39.736074245323145], [-120.66611291207924, 39.73621791207319], [-120.66609017953621, 39.73639764592048], [-120.66601337877323, 39.73655371210927], [-120.66600637910203, 39.736652712891356], [-120.66597517869451, 39.73680071289819], [-120.66592997894456, 39.736907912544645], [-120.66582311195597, 39.737049913231864], [-120.66575411207529, 39.73717011260896], [-120.66571577984878, 39.737291046317374], [-120.66573897959152, 39.73744464601588], [-120.66573897959152, 39.73757524585807], [-120.66573871321482, 39.737692312536424], [-120.66576931323429, 39.73780104547922], [-120.66573871321482, 39.7378860459061], [-120.66566297899908, 39.73801064622381], [-120.66560931346571, 39.73817624566809], [-120.66556317931641, 39.738310445561766], [-120.66550257966546, 39.73846231308591], [-120.66546378023925, 39.73868231280587], [-120.66544917946825, 39.738857645883506], [-120.66545657974501, 39.73900644608999], [-120.66550271285381, 39.73915151335986], [-120.6655331786444, 39.739350445870755], [-120.66557858025793, 39.739495513216674], [-120.66557851262323, 39.73971624575378], [-120.6655255796257, 39.73987731320116], [-120.66543377956727, 39.74006911293664], [-120.66540271338863, 39.740106979465196]]}, "properties": {"OBJECTID": 1621043, "permanent_identifier": "158997750", "fdate": 1329727101000, "resolution": 2, "gnis_id": "00266321", "gnis_name": "Smith Creek", "lengthkm": 0.556, "reachcode": "18020123000158", "flowdir": 1, "wbarea_permanent_identifier": null, "ftype": 460, "fcode": 46006, "innetwork": 1, "mainpath": 0, "visibilityfilter": 2000000, "Shape_Length": 719.3531904129171, "globalid": "{CD0BD107-4C98-11E1-BCF4-0021280458E6}"}}, {"type": "Feature", "id": 1734459, "geometry": {"type": "LineString", "coordinates": [[-120.65453104403022, 39.73707664644925], [-120.65443911078347, 39.73714484691256], [-120.65428711063913, 39.737263446616595], [-120.65417271122598, 39.7373691132511], [-120.65407357748497, 39.73745271314521], [-120.65403157737663, 39.737472646520004]]}, "properties": {"OBJECTID": 1734459, "permanent_identifier": "158996801", "fdate": 1329727091000, "resolution": 2, "gnis_id": "00266769", "gnis_name": "Gray Eagle Creek", "lengthkm": 0.062, "reachcode": "18020123000640", "flowdir": 1, "wbarea_permanent_identifier": null, "ftype": 460, "fcode": 46006, "innetwork": 1, "mainpath": 0, "visibilityfilter": 2000000, "Shape_Length": 80.10143368318711, "globalid": "{CF7029DA-4C8B-11E1-BCF4-0021280458E6}"}}, {"type": "Feature", "id": 1835905, "geometry": {"type": "LineString", "coordinates": [[-120.65671690909804, 39.72177191198089], [-120.656873108837, 39.72200484549755]]}, "properties": {"OBJECTID": 1835905, "permanent_identifier": "158996690", "fdate": 1329727921000, "resolution": 2, "gnis_id": null, "gnis_name": null, "lengthkm": 0.029, "reachcode": "18020123030698", "flowdir": 1, "wbarea_permanent_identifier": null, "ftype": 460, "fcode": 46007, "innetwork": 1, "mainpath": 0, "visibilityfilter": 250000, "Shape_Length": 37.93241195672321, "globalid": "{165F0841-4C7C-11E1-BCF4-0021280458E6}"}}, {"type": "Feature", "id": 2068803, "geometry": {"type": "LineString", "coordinates": [[-120.62266943657059, 39.71611998099568], [-120.62261590318502, 39.716195914030315], [-120.62254756924601, 39.71631611455105], [-120.622532169345, 39.71636084792304], [-120.62250150273137, 39.71640524750089], [-120.62243290241568, 39.71648944830198], [-120.6223871699124, 39.71654704790102], [-120.62230336947825, 39.716608447720745], [-120.62221170260813, 39.71664704829126], [-120.62212757024365, 39.71667684772156], [-120.62201290237279, 39.716706047645076], [-120.62190616961306, 39.71673544765423], [-120.62176130232825, 39.716768447812974], [-120.6216007687658, 39.7168147144411], [-120.62146390318632, 39.71687491503764], [-120.62134176948507, 39.71694904796532], [-120.62123470271399, 39.7170099151686], [-120.62106730266865, 39.7171055143557], [-120.62090716971173, 39.71718331440845], [-120.62073130284246, 39.71733744794516], [-120.62070056963464, 39.71738184769473], [-120.62065490268499, 39.71743944814927], [-120.62055637037258, 39.717505048386045], [-120.62044116870783, 39.717588248167104], [-120.62035790206751, 39.717658648149715], [-120.6202509695253, 39.71771491493883], [-120.62012116917064, 39.71777984819707], [-120.61985376966014, 39.717986048184365], [-120.61974716904821, 39.71807391518152], [-120.61964776997107, 39.71816651468727], [-120.6195641027252, 39.71824591509271], [-120.61947236926095, 39.71839264840862], [-120.61944230303537, 39.71845964758956], [-120.619411169222, 39.7185355148191], [-120.61938116959055, 39.718584447897314], [-120.61930470283897, 39.71866404791404], [-120.61927456897864, 39.71871751499221], [-120.61924336961165, 39.71875291530871], [-120.61917536968402, 39.7188010486649], [-120.61907550236664, 39.718844048429624], [-120.61895416987646, 39.71889564811197], [-120.61880090236187, 39.718942047774696], [-120.61868690355429, 39.718971248339926], [-120.61855697001131, 39.71899551463734], [-120.61842750262747, 39.7190289146978], [-120.61828217022405, 39.71908004842943], [-120.6181529692169, 39.719144914772535], [-120.61805350250506, 39.719219448643415], [-120.6179241017154, 39.71931591476153], [-120.61784756941016, 39.719395448304375], [-120.61777137007574, 39.71949291462649], [-120.61768717007656, 39.71960831525243], [-120.61761096970163, 39.71966084838089], [-120.61747350269357, 39.719716514869084], [-120.6173439697561, 39.71977244783121], [-120.61722156967821, 39.71983304842525], [-120.61719116944121, 39.719850448165985], [-120.61710750219537, 39.719929715374555], [-120.61702336983089, 39.720040648495434], [-120.61699316937641, 39.72013464837876], [-120.6169775686524, 39.72022891465097], [-120.61696210215725, 39.72034111504544], [-120.61696236957445, 39.720395248315], [-120.61697790266373, 39.7204541156063], [-120.61697790266373, 39.72059824869788], [-120.6169319027433, 39.72070991546102], [-120.61688636898198, 39.720799048334925], [-120.61683270344867, 39.720919648208216], [-120.61674116872635, 39.72103484876222], [-120.61666510258028, 39.7211098479899], [-120.61658070175805, 39.72116664899192], [-120.61647436960389, 39.72120504852684], [-120.61632150269482, 39.72130544873555], [-120.61626070222087, 39.7213988490424], [-120.61617696942139, 39.72154124823167], [-120.61613056889537, 39.721724914771784], [-120.61609276942222, 39.721868315304064], [-120.61602390272984, 39.72204711576435], [-120.61598596902779, 39.7221949158342], [-120.6159481019199, 39.722279715415056], [-120.61591676936459, 39.72240524911177], [-120.61589470276323, 39.722539915086244], [-120.61587130219746, 39.72271064895311], [-120.61585636949616, 39.72289044843054], [-120.61585650268451, 39.723057115810484], [-120.61585623630783, 39.72306004897861]]}, "properties": {"OBJECTID": 2068803, "permanent_identifier": "158996805", "fdate": 1329727189000, "resolution": 2, "gnis_id": null, "gnis_name": null, "lengthkm": 1.04, "reachcode": "18020123003370", "flowdir": 1, "wbarea_permanent_identifier": null, "ftype": 460, "fcode": 46003, "innetwork": 1, "mainpath": 0, "visibilityfilter": 250000, "Shape_Length": 1351.5109932583812, "globalid": "{EE2704D8-4C99-11E1-BCF4-0021280458E6}"}}, {"type": "Feature", "id": 2068906, "geometry": {"type": "LineString", "coordinates": [[-120.63133677242587, 39.7236353140662], [-120.63124537193242, 39.72368751439877], [-120.63111537179527, 39.72373891438096], [-120.631001506176, 39.72376364718241], [-120.63094750559077, 39.72380751459019], [-120.63093217228395, 39.72384784780319], [-120.63086337218574, 39.72391844787565], [-120.63075690476218, 39.72396131399939], [-120.63059650542857, 39.72402564834852], [-120.63052817148953, 39.72408284710227], [-120.63044450528422, 39.724166647980645], [-120.63030690508783, 39.72428544768185], [-120.63010830567552, 39.72438051498599], [-120.62988730565046, 39.724511113970465], [-120.6297423717715, 39.7245892481978], [-120.6295667046847, 39.72464871453501], [-120.62940637194528, 39.72473104857733], [-120.62926190526602, 39.724822647574854], [-120.62911670501039, 39.72495484791596], [-120.62898677250794, 39.72510531473877], [-120.62881130520367, 39.72526844747289], [-120.62868197204871, 39.725423448061875], [-120.62848310521919, 39.72554544755753], [-120.6283611057468, 39.72561504873172], [-120.62815490523472, 39.72567391476825], [-120.62797217188256, 39.7257287144927], [-120.62784403846314, 39.72576751483205]]}, "properties": {"OBJECTID": 2068906, "permanent_identifier": "158996778", "fdate": 1329727261000, "resolution": 2, "gnis_id": null, "gnis_name": null, "lengthkm": 0.39, "reachcode": "18020123000650", "flowdir": 1, "wbarea_permanent_identifier": null, "ftype": 460, "fcode": 46003, "innetwork": 1, "mainpath": 0, "visibilityfilter": 500000, "Shape_Length": 508.59023544465066, "globalid": "{A4E41812-4C9C-11E1-BCF4-0021280458E6}"}}, {"type": "Feature", "id": 2282669, "geometry": {"type": "LineString", "coordinates": [[-120.62543697254723, 39.734491181878624], [-120.6254159058989, 39.73451424963738], [-120.62534790597122, 39.734566916243246], [-120.62527117180245, 39.73465091562739], [-120.62520277230975, 39.73473511575512], [-120.62512597258733, 39.734846116277694], [-120.62502690648104, 39.73492971523112], [-120.62495877232452, 39.735000315958686], [-120.62485190637643, 39.73507924888038], [-120.62477530539597, 39.73518584947046], [-120.6247223058043, 39.735220715615775], [-120.62470783926216, 39.73524164905756]]}, "properties": {"OBJECTID": 2282669, "permanent_identifier": "158996704", "fdate": 1329727100000, "resolution": 2, "gnis_id": "00260351", "gnis_name": "Frazier Creek", "lengthkm": 0.10500000000000001, "reachcode": "18020123000347", "flowdir": 1, "wbarea_permanent_identifier": null, "ftype": 460, "fcode": 46006, "innetwork": 1, "mainpath": 0, "visibilityfilter": 5000000, "Shape_Length": 136.67673542389554, "globalid": "{05D8676B-4C76-11E1-BCF4-0021280458E6}"}}, {"type": "Feature", "id": 2283281, "geometry": {"type": "LineString", "coordinates": [[-120.65529417571834, 39.719905312545094], [-120.65543704205655, 39.72001184535861], [-120.65579217521923, 39.7208929119264], [-120.6559343090216, 39.72111191207018]]}, "properties": {"OBJECTID": 2283281, "permanent_identifier": "158997344", "fdate": 1329727717000, "resolution": 2, "gnis_id": null, "gnis_name": null, "lengthkm": 0.14800000000000002, "reachcode": "18020123030896", "flowdir": 1, "wbarea_permanent_identifier": null, "ftype": 460, "fcode": 46003, "innetwork": 1, "mainpath": 0, "visibilityfilter": 100000, "Shape_Length": 191.0770404499172, "globalid": "{3EF392F8-4C7D-11E1-BCF4-0021280458E6}"}}, {"type": "Feature", "id": 2283443, "geometry": {"type": "LineString", "coordinates": [[-120.61499143613825, 39.72534204878731], [-120.61490216977975, 39.72531231552397], [-120.61480350323845, 39.72530131550176], [-120.61472716967518, 39.725313249465394], [-120.61464290308182, 39.72537004860563], [-120.61458196941953, 39.72540484929007], [-120.61443736955192, 39.725473916012], [-120.61433770305759, 39.72550791555337], [-120.6140939028548, 39.72551644904827], [-120.61386516958218, 39.72548924957995], [-120.61369736997186, 39.725512849342856], [-120.61359810200197, 39.72551524941327], [-120.61348336961802, 39.72554444959608], [-120.61343770266838, 39.725557049358684], [-120.61335390223418, 39.725577848885585], [-120.61325456975122, 39.72560271547601], [-120.61316310266362, 39.72561444931521], [-120.61299536964746, 39.725610916038946], [-120.61290370277734, 39.72562711548903], [-120.61280430265967, 39.72563404919183], [-120.61270510232451, 39.725636516482275], [-120.61262156930752, 39.72562584943195], [-120.61247670306324, 39.72561831631186], [-120.61239250306406, 39.725607516410754], [-120.61228530310466, 39.72558731630955], [-120.61218670211699, 39.72554924893427], [-120.61211796861295, 39.72551184978037], [-120.61201090184184, 39.72546904944409], [-120.61195736949685, 39.72543191674364], [-120.61185070229077, 39.7253982492858], [-120.61169010213415, 39.725381449563095], [-120.6116143689589, 39.72537984977984]]}, "properties": {"OBJECTID": 2283443, "permanent_identifier": "158996711", "fdate": 1329727261000, "resolution": 2, "gnis_id": null, "gnis_name": null, "lengthkm": 0.304, "reachcode": "18020123000650", "flowdir": 1, "wbarea_permanent_identifier": null, "ftype": 460, "fcode": 46006, "innetwork": 1, "mainpath": 0, "visibilityfilter": 500000, "Shape_Length": 397.3005255221024, "globalid": "{BC0DCA4D-4C86-11E1-BCF4-0021280458E6}"}}, {"type": "Feature", "id": 2505593, "geometry": {"type": "LineString", "coordinates": [[-120.65179650962519, 39.72923091275396], [-120.65236597611249, 39.72972897993856], [-120.65265037586505, 39.73022111297918], [-120.65279257626159, 39.73060697989927], [-120.65279177609106, 39.731210579580534], [-120.65293364351679, 39.73175837961724], [-120.65300497731491, 39.731867979753225], [-120.65321837728071, 39.732309246512116], [-120.65336044344838, 39.732636380138274], [-120.65350224323939, 39.73318431288099], [-120.653430577511, 39.733403579662074], [-120.65321657715714, 39.733845246290166]]}, "properties": {"OBJECTID": 2505593, "permanent_identifier": "158996654", "fdate": 1329727821000, "resolution": 2, "gnis_id": null, "gnis_name": null, "lengthkm": 0.555, "reachcode": "18020123030762", "flowdir": 1, "wbarea_permanent_identifier": null, "ftype": 460, "fcode": 46007, "innetwork": 1, "mainpath": 0, "visibilityfilter": 24000, "Shape_Length": 717.8653989619258, "globalid": "{71593AB2-4C81-11E1-BCF4-0021280458E6}"}}, {"type": "Feature", "id": 2505716, "geometry": {"type": "LineString", "coordinates": [[-120.62154810942867, 39.76065085105109], [-120.62135730881761, 39.760894651530734], [-120.62117450887125, 39.76105305147037], [-120.62076257504677, 39.7613869179638], [-120.62043437506232, 39.7616594511926], [-120.62014450834491, 39.761878717754314], [-120.6200377755852, 39.76207485150532], [-120.61981697534263, 39.76247125181363], [-120.61976270838075, 39.76260525241473], [-120.6197327087493, 39.762780251864], [-120.61970177575898, 39.76293271893574], [-120.61961817614784, 39.76313825196156], [-120.61953437571364, 39.76319965187753], [-120.61944297522021, 39.76322471845511], [-120.61940497596451, 39.7632465184276], [-120.61936670825109, 39.763299718170146], [-120.61931257551807, 39.763343717986274], [-120.61922110843045, 39.76337331886477], [-120.6190767093859, 39.76341545178365], [-120.6190081090702, 39.76345905160099], [-120.61890890873501, 39.76354265183403], [-120.61871810916445, 39.76372331901349], [-120.61864117521317, 39.76381645148475], [-120.61858830880979, 39.76393245217754], [-120.61851210843486, 39.76419665218616], [-120.61845877587236, 39.764303651641505], [-120.6183669747734, 39.764405318406524], [-120.61808490893826, 39.764611251753955], [-120.61794750852437, 39.76468051913803], [-120.61778697496189, 39.76472225213946], [-120.61763450865838, 39.76478665242086], [-120.61751257473965, 39.7648517189033], [-120.61724550819997, 39.765044452102096], [-120.61699350859043, 39.76522391879674], [-120.61687197527725, 39.76529805251968], [-120.61668857598343, 39.76538885216458], [-120.61650537543156, 39.76541211833454], [-120.61626137544629, 39.76542065248753], [-120.6160933750129, 39.76544871920576], [-120.6159633759163, 39.76549551863928], [-120.61583390853248, 39.76554691863675]]}, "properties": {"OBJECTID": 2505716, "permanent_identifier": "62400901", "fdate": 1329727585000, "resolution": 2, "gnis_id": null, "gnis_name": null, "lengthkm": 0.775, "reachcode": "18020123002395", "flowdir": 1, "wbarea_permanent_identifier": null, "ftype": 460, "fcode": 46006, "innetwork": 1, "mainpath": 0, "visibilityfilter": 2000000, "Shape_Length": 1008.5912833117977, "globalid": "{3F574B07-4C79-11E1-BCF4-0021280458E6}"}}, {"type": "Feature", "id": 2728884, "geometry": {"type": "LineString", "coordinates": [[-120.66476404307596, 39.72150157794907], [-120.66440737720696, 39.721611511323445], [-120.66412257684887, 39.7216688449353], [-120.66376631054486, 39.721832844556744], [-120.66291104374642, 39.72254537890305], [-120.66248371002094, 39.72276197843482], [-120.66184257676467, 39.722983311977124], [-120.66153544342855, 39.72298117832505]]}, "properties": {"OBJECTID": 2728884, "permanent_identifier": "158997428", "fdate": 1329727857000, "resolution": 2, "gnis_id": null, "gnis_name": null, "lengthkm": 0.331, "reachcode": "18020123031090", "flowdir": 1, "wbarea_permanent_identifier": null, "ftype": 460, "fcode": 46007, "innetwork": 1, "mainpath": 0, "visibilityfilter": 24000, "Shape_Length": 431.5111443631082, "globalid": "{0572FD4B-4C81-11E1-BCF4-0021280458E6}"}}, {"type": "Feature", "id": 2729623, "geometry": {"type": "LineString", "coordinates": [[-120.63364897391114, 39.7349976489583], [-120.63338157440063, 39.735203915085854], [-120.63310690676117, 39.735410048567175], [-120.63290837394302, 39.7356492485717], [-120.63276390726377, 39.735844448795305], [-120.63264157482054, 39.73600864834865], [-120.63247337356414, 39.73614931541026], [-120.63223737424364, 39.736311248170395], [-120.63203097394903, 39.73646011548719], [-120.63188610770476, 39.73662384868013], [-120.63168790785745, 39.736917048747735], [-120.63160410742327, 39.73717211539673], [-120.63150477389978, 39.73732324848816], [-120.63136750771473, 39.73750064861302], [-120.63124577357848, 39.73773231516684], [-120.6311079735996, 39.73800891550984], [-120.63091770678237, 39.73830231532161], [-120.6308181079227, 39.73850744896395], [-120.63073704097096, 39.738671049271254]]}, "properties": {"OBJECTID": 2729623, "permanent_identifier": "158996754", "fdate": 1329727453000, "resolution": 2, "gnis_id": null, "gnis_name": null, "lengthkm": 0.48800000000000004, "reachcode": "18020123002824", "flowdir": 1, "wbarea_permanent_identifier": null, "ftype": 460, "fcode": 46003, "innetwork": 1, "mainpath": 0, "visibilityfilter": 100000, "Shape_Length": 632.7824351427726, "globalid": "{BC0DE879-4C86-11E1-BCF4-0021280458E6}"}}, {"type": "Feature", "id": 2729652, "geometry": {"type": "LineString", "coordinates": [[-120.6579185103049, 39.731980712557366], [-120.65777617776055, 39.731982380205764], [-120.65753437746385, 39.732062446485834]]}, "properties": {"OBJECTID": 2729652, "permanent_identifier": "158997404", "fdate": 1329727594000, "resolution": 2, "gnis_id": null, "gnis_name": null, "lengthkm": 0.035, "reachcode": "18020123030704", "flowdir": 1, "wbarea_permanent_identifier": null, "ftype": 460, "fcode": 46003, "innetwork": 1, "mainpath": 0, "visibilityfilter": 100000, "Shape_Length": 45.152361813599015, "globalid": "{AA319D36-4C79-11E1-BCF4-0021280458E6}"}}, {"type": "Feature", "id": 2737390, "geometry": {"type": "LineString", "coordinates": [[-120.66997084949121, 39.75597978102725], [-120.66975578259019, 39.756146647580366], [-120.66932611598781, 39.75647124746429], [-120.66861091649153, 39.75691191433257], [-120.66796824844783, 39.75712871384884], [-120.66746858201172, 39.75723584747462], [-120.66647064865757, 39.75734184744618], [-120.66604164903741, 39.7575585144225], [-120.66561258178254, 39.757887647966434], [-120.66511164797622, 39.758161381311844], [-120.66475304879532, 39.75814978099913]]}, "properties": {"OBJECTID": 2737390, "permanent_identifier": "158997452", "fdate": 1329728267000, "resolution": 2, "gnis_id": null, "gnis_name": null, "lengthkm": 0.524, "reachcode": "18020123031318", "flowdir": 1, "wbarea_permanent_identifier": null, "ftype": 460, "fcode": 46007, "innetwork": 1, "mainpath": 0, "visibilityfilter": 24000, "Shape_Length": 684.1072660044824, "globalid": "{8D2BE00C-4C93-11E1-BCF4-0021280458E6}"}}, {"type": "Feature", "id": 2851166, "geometry": {"type": "LineString", "coordinates": [[-120.6699829821159, 39.754169180141346], [-120.66983951538967, 39.75422484676377], [-120.66933978235942, 39.754444580971175], [-120.66834191559941, 39.75455064683493], [-120.66748798172485, 39.75443444714888], [-120.66727424878822, 39.7544346471375], [-120.66656084837496, 39.75454198014243], [-120.66598918219906, 39.75481418128152], [-120.66584611503782, 39.75492398073711], [-120.66477111454402, 39.75591131442769], [-120.66387236279543, 39.75639161430731]]}, "properties": {"OBJECTID": 2851166, "permanent_identifier": "158997499", "fdate": 1507852800000, "resolution": 2, "gnis_id": null, "gnis_name": null, "lengthkm": 0.61331981, "reachcode": "18020123031526", "flowdir": 1, "wbarea_permanent_identifier": null, "ftype": 460, "fcode": 46007, "innetwork": 1, "mainpath": 0, "visibilityfilter": 24000, "Shape_Length": 801.0107345901824, "globalid": "{4FACC460-4C84-11E1-BCF4-0021280458E6}"}}, {"type": "Feature", "id": 3075736, "geometry": {"type": "LineString", "coordinates": [[-120.64806871074134, 39.74268631430102], [-120.64804591056362, 39.74274964786555], [-120.64799271118943, 39.74287464823526], [-120.64793937654586, 39.74300871496622], [-120.64785511099304, 39.74308351507174], [-120.64777897721227, 39.74313151463034], [-120.64766451016443, 39.74317431520198], [-120.64757277670017, 39.74321291530216], [-120.64751177748425, 39.74327031495931], [-120.64748584321859, 39.74330271435717]]}, "properties": {"OBJECTID": 3075736, "permanent_identifier": "158996794", "fdate": 1329727091000, "resolution": 2, "gnis_id": "00266769", "gnis_name": "Gray Eagle Creek", "lengthkm": 0.08900000000000001, "reachcode": "18020123000640", "flowdir": 1, "wbarea_permanent_identifier": null, "ftype": 460, "fcode": 46006, "innetwork": 1, "mainpath": 0, "visibilityfilter": 2000000, "Shape_Length": 116.188152362161, "globalid": "{86E8CDE4-4C71-11E1-BCF4-0021280458E6}"}}, {"type": "Feature", "id": 3175864, "geometry": {"type": "LineString", "coordinates": [[-120.6535012443269, 39.73450404646812], [-120.65350071053304, 39.735269847300145]]}, "properties": {"OBJECTID": 3175864, "permanent_identifier": "158997357", "fdate": 1329727346000, "resolution": 2, "gnis_id": null, "gnis_name": null, "lengthkm": 0.08600000000000001, "reachcode": "18020123030947", "flowdir": 1, "wbarea_permanent_identifier": null, "ftype": 460, "fcode": 46003, "innetwork": 1, "mainpath": 0, "visibilityfilter": 100000, "Shape_Length": 110.85488956080381, "globalid": "{99E3ED71-4C73-11E1-BCF4-0021280458E6}"}}, {"type": "Feature", "id": 3175925, "geometry": {"type": "LineString", "coordinates": [[-120.64730004341315, 39.74004064781666], [-120.64751290958509, 39.74053604772239], [-120.64751244342594, 39.74119364779443], [-120.64736964368188, 39.741361847936865]]}, "properties": {"OBJECTID": 3175925, "permanent_identifier": "158996593", "fdate": 1329727758000, "resolution": 2, "gnis_id": null, "gnis_name": null, "lengthkm": 0.154, "reachcode": "18020123030746", "flowdir": 1, "wbarea_permanent_identifier": null, "ftype": 460, "fcode": 46003, "innetwork": 1, "mainpath": 0, "visibilityfilter": 24000, "Shape_Length": 199.8115993419505, "globalid": "{B593A4C3-4C7F-11E1-BCF4-0021280458E6}"}}, {"type": "Feature", "id": 3184418, "geometry": {"type": "LineString", "coordinates": [[-120.61856857196372, 39.737216116700665], [-120.61913603854498, 39.737489049621914], [-120.61970370490874, 39.737649316524035], [-120.61991590513901, 39.737649182899126]]}, "properties": {"OBJECTID": 3184418, "permanent_identifier": "158996565", "fdate": 1329728347000, "resolution": 2, "gnis_id": null, "gnis_name": null, "lengthkm": 0.127, "reachcode": "18020123030833", "flowdir": 1, "wbarea_permanent_identifier": null, "ftype": 460, "fcode": 46007, "innetwork": 1, "mainpath": 0, "visibilityfilter": 0, "Shape_Length": 165.4472966731508, "globalid": "{386A0521-4C99-11E1-BCF4-0021280458E6}"}}, {"type": "Feature", "id": 3184496, "geometry": {"type": "LineString", "coordinates": [[-120.63674230832011, 39.73667218160413], [-120.63669257496421, 39.736820915314944], [-120.63650197413561, 39.73719091503347], [-120.6362043741706, 39.73762171536644], [-120.63596790869094, 39.73796831533114], [-120.63582297481196, 39.738195048231546], [-120.63560230879831, 39.73844284887948], [-120.63537297513766, 39.73866331514178], [-120.635228174447, 39.73882704790156], [-120.63515210726038, 39.73892011562093], [-120.63508350798524, 39.73907184897955], [-120.63490777534481, 39.7394106483963], [-120.63481630825723, 39.739548448859665], [-120.6347167073165, 39.73977151519109], [-120.63465597447725, 39.73999104826118], [-120.63457210744889, 39.74020551507444], [-120.63450370795626, 39.740393315709504], [-120.63443470807555, 39.74050904860811], [-120.6343891087606, 39.740692848646134], [-120.63430490876144, 39.74093884886403], [-120.63428170797818, 39.74108264869334], [-120.63426677527687, 39.741303048903184], [-120.6342137756852, 39.741554115602064], [-120.63414437519897, 39.741705915170556], [-120.63406870757737, 39.74185304901853], [-120.63396150865849, 39.74202204845018], [-120.63392404111559, 39.7421679822779]]}, "properties": {"OBJECTID": 3184496, "permanent_identifier": "158996779", "fdate": 1329727261000, "resolution": 2, "gnis_id": null, "gnis_name": null, "lengthkm": 0.668, "reachcode": "18020123003231", "flowdir": 1, "wbarea_permanent_identifier": null, "ftype": 460, "fcode": 46006, "innetwork": 1, "mainpath": 0, "visibilityfilter": 100000, "Shape_Length": 865.4174596021697, "globalid": "{EB521068-4C87-11E1-BCF4-0021280458E6}"}}, {"type": "Feature", "id": 3185248, "geometry": {"type": "LineString", "coordinates": [[-120.61585623630783, 39.72306004897861], [-120.6158411027835, 39.72320544912764], [-120.61581770325827, 39.72333564937965], [-120.61577230268533, 39.723424848487134], [-120.61569570274538, 39.723531448692164], [-120.61562770281772, 39.72360204908856], [-120.61554377023573, 39.72366791556945], [-120.61533770291196, 39.72380784911979], [-120.61517730253786, 39.72387204916021], [-120.61501690216372, 39.72393184904433], [-120.61483370265239, 39.72398211560826], [-120.61467350206077, 39.724037448881646], [-120.614444503452, 39.724082249273074], [-120.61422390299195, 39.72413624915597], [-120.61399470251962, 39.72418564883987], [-120.61385750292875, 39.724209849278004], [-120.6137737024946, 39.72423064921131], [-120.61365136901084, 39.72428664893889], [-120.61354430223976, 39.72434751606867], [-120.61346050284612, 39.72440884892112], [-120.61337676900608, 39.72449271582836], [-120.61328510213599, 39.72454931556921], [-120.61318596943553, 39.72461044976756], [-120.6130411697854, 39.72464344935931], [-120.61288110238213, 39.7246762496606], [-120.61269770308829, 39.72470844892131], [-120.61247670202272, 39.724730916527946], [-120.61226290249192, 39.72475804907035], [-120.61206456945625, 39.72477651596733], [-120.61197350297421, 39.72480598296235]]}, "properties": {"OBJECTID": 3185248, "permanent_identifier": "158996806", "fdate": 1329727189000, "resolution": 2, "gnis_id": null, "gnis_name": null, "lengthkm": 0.41200000000000003, "reachcode": "18020123003370", "flowdir": 1, "wbarea_permanent_identifier": null, "ftype": 460, "fcode": 46003, "innetwork": 1, "mainpath": 0, "visibilityfilter": 250000, "Shape_Length": 537.9582585840177, "globalid": "{B5D9CFFB-4C92-11E1-BCF4-0021280458E6}"}}, {"type": "Feature", "id": 3398833, "geometry": {"type": "LineString", "coordinates": [[-120.6214647054379, 39.73523944937009], [-120.62139477219834, 39.73551278300439], [-120.62147383924406, 39.737370315880455], [-120.62154517200163, 39.73769538270749]]}, "properties": {"OBJECTID": 3398833, "permanent_identifier": "158997402", "fdate": 1329727811000, "resolution": 2, "gnis_id": null, "gnis_name": null, "lengthkm": 0.276, "reachcode": "18020123030709", "flowdir": 1, "wbarea_permanent_identifier": null, "ftype": 460, "fcode": 46007, "innetwork": 1, "mainpath": 0, "visibilityfilter": 0, "Shape_Length": 357.08906010955474, "globalid": "{07097D2E-4C82-11E1-BCF4-0021280458E6}"}}, {"type": "Feature", "id": 3399601, "geometry": {"type": "LineString", "coordinates": [[-120.61012963432917, 39.71907004866962], [-120.61005936811878, 39.719289249090195], [-120.60991883465745, 39.719453048677984], [-120.60977723464894, 39.719562715596865], [-120.60956570140087, 39.71967098251519], [-120.60907110132409, 39.72005724863057], [-120.6089303680803, 39.72016691538904], [-120.60815350134534, 39.72076804936738]]}, "properties": {"OBJECTID": 3399601, "permanent_identifier": "158997343", "fdate": 1329727056000, "resolution": 2, "gnis_id": null, "gnis_name": null, "lengthkm": 0.258, "reachcode": "18020123030895", "flowdir": 1, "wbarea_permanent_identifier": null, "ftype": 460, "fcode": 46007, "innetwork": 1, "mainpath": 0, "visibilityfilter": 0, "Shape_Length": 335.16411586444235, "globalid": "{81EF53EE-4C71-11E1-BCF4-0021280458E6}"}}, {"type": "Feature", "id": 3399680, "geometry": {"type": "LineString", "coordinates": [[-120.6255948381809, 39.72414404813963], [-120.62517030453202, 39.72436058182673], [-120.62439230465573, 39.72463744870718], [-120.62333123795072, 39.7249175148643], [-120.62212710408448, 39.725027981392074], [-120.6217021708706, 39.724920182254685], [-120.62120483731141, 39.724707314896776], [-120.6210628377379, 39.72459624842992]]}, "properties": {"OBJECTID": 3399680, "permanent_identifier": "158997426", "fdate": 1329727261000, "resolution": 2, "gnis_id": null, "gnis_name": null, "lengthkm": 0.41900000000000004, "reachcode": "18020123031191", "flowdir": 1, "wbarea_permanent_identifier": null, "ftype": 460, "fcode": 46007, "innetwork": 1, "mainpath": 0, "visibilityfilter": 24000, "Shape_Length": 547.7207185093283, "globalid": "{31DFD71E-4C73-11E1-BCF4-0021280458E6}"}}, {"type": "Feature", "id": 3408215, "geometry": {"type": "LineString", "coordinates": [[-120.619588103679, 39.72755251570844], [-120.61944670449354, 39.72754951550902], [-120.61916403722985, 39.72771498243418], [-120.6185981699491, 39.72788351556909], [-120.61746510350432, 39.72804951546665], [-120.61711130430606, 39.728159315962195], [-120.61697037023922, 39.728269049061176]]}, "properties": {"OBJECTID": 3408215, "permanent_identifier": "158997318", "fdate": 1329728363000, "resolution": 2, "gnis_id": null, "gnis_name": null, "lengthkm": 0.24200000000000002, "reachcode": "18020123030766", "flowdir": 1, "wbarea_permanent_identifier": null, "ftype": 460, "fcode": 46007, "innetwork": 1, "mainpath": 0, "visibilityfilter": 0, "Shape_Length": 316.03691690366566, "globalid": "{FFC486E2-4C98-11E1-BCF4-0021280458E6}"}}, {"type": "Feature", "id": 3630840, "geometry": {"type": "LineString", "coordinates": [[-120.61800597299982, 39.744432850546694], [-120.61793190571927, 39.74450045087857], [-120.61785530577933, 39.74456185060883], [-120.61777157297985, 39.74461871709679], [-120.61766437197988, 39.744702116980505], [-120.61758837346852, 39.74479065078986], [-120.61752717238903, 39.7448749169364], [-120.61751197331105, 39.74497825091415], [-120.61752757195403, 39.745032650462335], [-120.61750490600518, 39.745099717363864], [-120.61750437221131, 39.74519884988058], [-120.6175121064994, 39.74527105061112], [-120.61755810641988, 39.745398116960644], [-120.61760370677534, 39.74551165089489], [-120.6176343057543, 39.745660917567534], [-120.61761130579404, 39.745800050424506], [-120.61760397315201, 39.74588551701726], [-120.61758850561633, 39.745997850869834], [-120.61752710579486, 39.746190251208795], [-120.61749677319258, 39.746288717315785], [-120.61747417279736, 39.74635131712513], [-120.61743597271864, 39.74644511792665], [-120.61738237273893, 39.74651605087782], [-120.61729097328605, 39.74660885059837], [-120.6172073060402, 39.74668811744409], [-120.61707730590302, 39.74679811706234], [-120.61696330605491, 39.74689031717151], [-120.61682590668156, 39.74698211713679], [-120.61666537311908, 39.74708691762739], [-120.61650470636829, 39.7471782509081], [-120.61636777315411, 39.74725645064832], [-120.6162457726412, 39.74732611710567], [-120.61607777220782, 39.7473947170443], [-120.6158411059051, 39.74747091725059], [-120.61551370609118, 39.74755431768211], [-120.6152613724703, 39.74763471788746], [-120.61515450652225, 39.74766851769105], [-120.61500237318955, 39.747724051161136], [-120.61484177199239, 39.74778825132972], [-120.61469730635368, 39.74785731722618], [-120.61459810601849, 39.74791831795018], [-120.61454470582127, 39.74796685096064], [-120.61449097265323, 39.74804231770788], [-120.61446810588134, 39.74813191766223], [-120.61439150594138, 39.74823845086113], [-120.61435377202186, 39.74829625114483], [-120.61428470658753, 39.74839845115679], [-120.6142009727475, 39.748477717543594], [-120.61410170581814, 39.74856585129034], [-120.61388790628736, 39.74873705111516], [-120.61373537338967, 39.74890511764156], [-120.6136519059263, 39.74910611803817], [-120.61359837254076, 39.74921765142487], [-120.61351437336464, 39.74930591782735], [-120.61345337310816, 39.74934071762808], [-120.61339257263423, 39.74941151799597], [-120.61329290613989, 39.74951311794482], [-120.61323170610093, 39.7495929174563], [-120.61315550572598, 39.74966791761664], [-120.61305637198498, 39.74970645167829], [-120.61295750566116, 39.74974045126771], [-120.61283550618877, 39.74976491793759], [-120.61259137301516, 39.74978245172563], [-120.61255257254844, 39.74978165091714]]}, "properties": {"OBJECTID": 3630840, "permanent_identifier": "158996733", "fdate": 1329727100000, "resolution": 2, "gnis_id": "00260351", "gnis_name": "Frazier Creek", "lengthkm": 0.8300000000000001, "reachcode": "18020123000347", "flowdir": 1, "wbarea_permanent_identifier": null, "ftype": 460, "fcode": 46006, "innetwork": 1, "mainpath": 0, "visibilityfilter": 5000000, "Shape_Length": 1079.012384739579, "globalid": "{80849266-4C8F-11E1-BCF4-0021280458E6}"}}, {"type": "Feature", "id": 3631749, "geometry": {"type": "LineString", "coordinates": [[-120.60706409986305, 39.71454738184339], [-120.60685323359719, 39.714930448588476], [-120.6065712343562, 39.71520391556946], [-120.60650163304695, 39.71542324913907], [-120.60629023402775, 39.715698182107545], [-120.60621990018267, 39.71591738203913], [-120.60593776775335, 39.71619084910926], [-120.60573930048885, 39.71625191548026]]}, "properties": {"OBJECTID": 3631749, "permanent_identifier": "158996576", "fdate": 1329728267000, "resolution": 2, "gnis_id": null, "gnis_name": null, "lengthkm": 0.229, "reachcode": "18020123030784", "flowdir": 1, "wbarea_permanent_identifier": null, "ftype": 460, "fcode": 46007, "innetwork": 1, "mainpath": 0, "visibilityfilter": 0, "Shape_Length": 296.60502177271945, "globalid": "{8D2AE66D-4C93-11E1-BCF4-0021280458E6}"}}, {"type": "Feature", "id": 3744805, "geometry": {"type": "LineString", "coordinates": [[-120.60835657089108, 39.743974650992094], [-120.60817330478561, 39.74398445112133], [-120.60797517049191, 39.74397585110596], [-120.60775377090185, 39.743966718238916], [-120.60767770475579, 39.743974117341466], [-120.60757070457885, 39.74398551842248], [-120.60741777107566, 39.744000318222874], [-120.60725837065456, 39.74403311811517], [-120.60707470394355, 39.7440923180569], [-120.60691430460996, 39.74413411793919], [-120.60673170444612, 39.74420245143125], [-120.60662497168639, 39.74423171810536], [-120.60651810365728, 39.744243051137545], [-120.6063653709771, 39.74424891807114], [-120.60623557062245, 39.744228251389245], [-120.60612077164433, 39.74421685114852], [-120.60603757055762, 39.7441971181426], [-120.6059453709342, 39.74418165112314], [-120.60579290359014, 39.744165051195864], [-120.60548757037759, 39.7441362517367], [-120.60529690399537, 39.7441232513324], [-120.6050605706635, 39.74412285129528], [-120.60490770375444, 39.744115251390035], [-120.60466397014581, 39.744096718466814], [-120.60445797045676, 39.74408351883641], [-120.60425170439103, 39.74406125195513], [-120.60400757121744, 39.744056251486754], [-120.60363397066001, 39.74408005211289], [-120.6035577036909, 39.74407391793993], [-120.60343537020718, 39.74406691808546], [-120.60331370370561, 39.74404185173591], [-120.60323717035982, 39.74401771826523], [-120.6030921698867, 39.74399225105993], [-120.60294737023659, 39.74396225141441], [-120.60272610279435, 39.74394865172018], [-120.60249730292753, 39.74394391846912], [-120.60194776994722, 39.74395051829798], [-120.60175717015915, 39.74393765147135], [-120.60160417006175, 39.7439119178109], [-120.60137576975995, 39.74387111869029], [-120.60126110292964, 39.7438372514175], [-120.60112370251575, 39.74380291848269], [-120.60102476959779, 39.74377385164598], [-120.6009255692626, 39.74375371847398], [-120.60078050323581, 39.74375071817963], [-120.60064296963361, 39.74374345186611], [-120.6005435695159, 39.74376845191767], [-120.60043730291537, 39.743784251862394], [-120.60029256985943, 39.74383525202377], [-120.60019277017676, 39.74389171827287], [-120.60007056988135, 39.74394771803122], [-120.59995610283352, 39.74400845179116], [-120.59979630284741, 39.74407271862781], [-120.59955210307965, 39.74417131897304], [-120.5993765691812, 39.74422625200684], [-120.5992007699466, 39.744272118576376], [-120.59902510285984, 39.744309051511564], [-120.598857902597, 39.74437765205388], [-120.59877370259782, 39.74444791907471], [-120.5986979028284, 39.74455451877522], [-120.59859076946314, 39.744633319144356], [-120.59850690347534, 39.744676651628275], [-120.59836170321968, 39.744763718147944], [-120.5982473693602, 39.74484245267242], [-120.59808690343243, 39.744947252417234], [-120.59782776992283, 39.745162651879376], [-120.59768290263803, 39.745303852298704], [-120.59755330310642, 39.745481319086615], [-120.59743057005768, 39.745654452311975], [-120.59730116926805, 39.745791452235885], [-120.59714070334027, 39.74593671883687], [-120.59701130255061, 39.74607365259529], [-120.59689676890864, 39.746179452130484], [-120.59683550331604, 39.746304252666434], [-120.59676710278282, 39.746406452433135], [-120.59672190303291, 39.746531652581034]]}, "properties": {"OBJECTID": 3744805, "permanent_identifier": "158996784", "fdate": 1329727811000, "resolution": 2, "gnis_id": null, "gnis_name": null, "lengthkm": 1.142, "reachcode": "18020123002816", "flowdir": 1, "wbarea_permanent_identifier": null, "ftype": 460, "fcode": 46003, "innetwork": 1, "mainpath": 0, "visibilityfilter": 100000, "Shape_Length": 1492.683182647039, "globalid": "{CF700BB1-4C8B-11E1-BCF4-0021280458E6}"}}, {"type": "Feature", "id": 3845887, "geometry": {"type": "LineString", "coordinates": [[-120.63792423823455, 39.71576944605371], [-120.63806690583077, 39.715880513130315], [-120.63842197135874, 39.71626604650055], [-120.63870643874598, 39.71692504667734], [-120.6387771721561, 39.71730937923359], [-120.63870550642766, 39.717420513463864]]}, "properties": {"OBJECTID": 3845887, "permanent_identifier": "158997667", "fdate": 1329727494000, "resolution": 2, "gnis_id": null, "gnis_name": null, "lengthkm": 0.20500000000000002, "reachcode": "18020123031282", "flowdir": 1, "wbarea_permanent_identifier": null, "ftype": 460, "fcode": 46007, "innetwork": 1, "mainpath": 0, "visibilityfilter": 0, "Shape_Length": 265.5888877851884, "globalid": "{A9D71DA6-4C76-11E1-BCF4-0021280458E6}"}}, {"type": "Feature", "id": 3854411, "geometry": {"type": "LineString", "coordinates": [[-120.61278337024022, 39.726705582797734], [-120.612642102162, 39.726761182778276], [-120.61179303590477, 39.72698251628809], [-120.61122670246488, 39.727146516076274], [-120.61037663625463, 39.72709744982618], [-120.61023456904641, 39.72709458325234], [-120.60973810225191, 39.7268816497824], [-120.60945390228184, 39.7266640500408], [-120.60913450209215, 39.726328849253974]]}, "properties": {"OBJECTID": 3854411, "permanent_identifier": "158996683", "fdate": 1329728130000, "resolution": 2, "gnis_id": null, "gnis_name": null, "lengthkm": 0.35500000000000004, "reachcode": "18020123030695", "flowdir": 1, "wbarea_permanent_identifier": null, "ftype": 460, "fcode": 46007, "innetwork": 1, "mainpath": 0, "visibilityfilter": 24000, "Shape_Length": 463.61550952560054, "globalid": "{8B60042A-4C8D-11E1-BCF4-0021280458E6}"}}, {"type": "Feature", "id": 3854466, "geometry": {"type": "LineString", "coordinates": [[-120.61307223596404, 39.72120658197873], [-120.61290350299488, 39.72168104924042], [-120.61276696934566, 39.722934983060576], [-120.61248696897022, 39.723758116235985], [-120.61241723551316, 39.723918715979096], [-120.61192330241859, 39.72441311533659], [-120.61192396836024, 39.72452124899257], [-120.61197350297421, 39.72480598296235]]}, "properties": {"OBJECTID": 3854466, "permanent_identifier": "158947297", "fdate": 1329728011000, "resolution": 2, "gnis_id": null, "gnis_name": null, "lengthkm": 0.42400000000000004, "reachcode": "18020123030674", "flowdir": 1, "wbarea_permanent_identifier": null, "ftype": 460, "fcode": 46007, "innetwork": 1, "mainpath": 0, "visibilityfilter": 24000, "Shape_Length": 548.4307788878472, "globalid": "{BE31C2DF-4C89-11E1-BCF4-0021280458E6}"}}, {"type": "Feature", "id": 4070600, "geometry": {"type": "LineString", "coordinates": [[-120.6297121068039, 39.73739011565366], [-120.62964030684664, 39.73760938265831], [-120.62892717385057, 39.73815784877229], [-120.62857124051739, 39.73854244945265], [-120.62835650658718, 39.73914624929176], [-120.62842777379116, 39.73936838237385], [-120.62850257360752, 39.73968131627229]]}, "properties": {"OBJECTID": 4070600, "permanent_identifier": "158947318", "fdate": 1329727687000, "resolution": 2, "gnis_id": null, "gnis_name": null, "lengthkm": 0.29600000000000004, "reachcode": "18020123030829", "flowdir": 1, "wbarea_permanent_identifier": null, "ftype": 460, "fcode": 46007, "innetwork": 1, "mainpath": 0, "visibilityfilter": 0, "Shape_Length": 383.1464639793964, "globalid": "{245D09ED-4C7D-11E1-BCF4-0021280458E6}"}}, {"type": "Feature", "id": 4078660, "geometry": {"type": "LineString", "coordinates": [[-120.64105617540883, 39.739507714366304], [-120.6411029089057, 39.73957271511645], [-120.64115677630258, 39.7396819147664], [-120.64117117625054, 39.7397723145157], [-120.64112590886592, 39.7399020482143], [-120.64109530988696, 39.73998704845035], [-120.64101877550065, 39.74007104842998], [-120.64098830971004, 39.74012904839425], [-120.64094250853157, 39.74025424794657], [-120.64090437608755, 39.74041104791122], [-120.64085850935541, 39.74051371488537], [-120.64077470892121, 39.74062011504262], [-120.64062190860635, 39.740738648757755], [-120.64037830922659, 39.7409319151003], [-120.6399129752049, 39.74114311534183], [-120.639638509429, 39.74125911501725], [-120.6394245090752, 39.74135391568302], [-120.63930270834476, 39.74141904910951], [-120.63919557602006, 39.74149791467237], [-120.63903530883425, 39.74158024859469], [-120.63891317617355, 39.74163184886442], [-120.63877597554216, 39.74169651476847], [-120.63860810933764, 39.741873315562536], [-120.63840230839057, 39.74204484885588], [-120.63827197528259, 39.74214571477761], [-120.63815810862278, 39.74221551521795], [-120.63802817507978, 39.74223544881536], [-120.63792890919099, 39.7422649155488], [-120.63789857554818, 39.74231831551993], [-120.63786790893455, 39.742425849024265], [-120.63779177619429, 39.742581915163925], [-120.63772277527308, 39.742661648294956], [-120.63758537485916, 39.742730848945016], [-120.63728777593472, 39.74288244829944], [-120.63702897539595, 39.74302584883006], [-120.63671550833028, 39.74317264862449], [-120.63649477572243, 39.74327184872049], [-120.63639550879307, 39.74335984911197], [-120.63625817497336, 39.74345164898057], [-120.6362487092369, 39.743455715797246]]}, "properties": {"OBJECTID": 4078660, "permanent_identifier": "159003755", "fdate": 1329727215000, "resolution": 2, "gnis_id": null, "gnis_name": null, "lengthkm": 0.644, "reachcode": "18020123004153", "flowdir": 1, "wbarea_permanent_identifier": null, "ftype": 460, "fcode": 46006, "innetwork": 1, "mainpath": 0, "visibilityfilter": 250000, "Shape_Length": 838.5690900317084, "globalid": "{4ADFE9E6-4C8F-11E1-BCF4-0021280458E6}"}}, {"type": "Feature", "id": 4079589, "geometry": {"type": "LineString", "coordinates": [[-120.65748544427844, 39.73895391329829], [-120.6573426445344, 39.738950980006244], [-120.65720031094952, 39.73884451406124], [-120.65691551163195, 39.73878924708106], [-120.6566310442447, 39.73862131350671], [-120.65641737790222, 39.73851344680862], [-120.65577657761678, 39.73818071366783], [-120.65549204467588, 39.738183913440366], [-120.65485104460797, 39.73829264720786], [-120.65420931096365, 39.73867604692985], [-120.65363911089997, 39.73906091356314], [-120.65349651093844, 39.739112047641854], [-120.65328264481344, 39.73922491342225], [-120.65271291090892, 39.73955124770496], [-120.65257064391821, 39.73966091386238], [-120.6523567111991, 39.739773713933786], [-120.65214297826243, 39.73999004730833], [-120.65164437733303, 39.74026378056507], [-120.65100304429426, 39.74048504751956], [-120.65085997817354, 39.740594781000965], [-120.65029030982267, 39.74070491436453], [-120.64986291054356, 39.74070518080243], [-120.649745777648, 39.740675114116534]]}, "properties": {"OBJECTID": 4079589, "permanent_identifier": "158996581", "fdate": 1329728413000, "resolution": 2, "gnis_id": null, "gnis_name": null, "lengthkm": 0.779, "reachcode": "18020123030790", "flowdir": 1, "wbarea_permanent_identifier": null, "ftype": 460, "fcode": 46007, "innetwork": 1, "mainpath": 0, "visibilityfilter": 100000, "Shape_Length": 1016.5853636832999, "globalid": "{EE26EB69-4C99-11E1-BCF4-0021280458E6}"}}, {"type": "Feature", "id": 4079620, "geometry": {"type": "LineString", "coordinates": [[-120.64546830739285, 39.719292046357], [-120.64518430720526, 39.71907004626853], [-120.64497050663392, 39.718687379487996], [-120.64482850706042, 39.7183601796745], [-120.64468717238803, 39.71747897910069], [-120.64475843959198, 39.71720557956797]]}, "properties": {"OBJECTID": 4079620, "permanent_identifier": "158997536", "fdate": 1329728406000, "resolution": 2, "gnis_id": null, "gnis_name": null, "lengthkm": 0.251, "reachcode": "18020123031288", "flowdir": 1, "wbarea_permanent_identifier": null, "ftype": 460, "fcode": 46003, "innetwork": 1, "mainpath": 0, "visibilityfilter": 100000, "Shape_Length": 324.12421894582064, "globalid": "{6FE033BE-4C9B-11E1-BCF4-0021280458E6}"}}, {"type": "Feature", "id": 4192908, "geometry": {"type": "LineString", "coordinates": [[-120.6325288569101, 39.754957107407584], [-120.63251237693497, 39.75505071650387], [-120.6324743100446, 39.7551851171179], [-120.63237490992692, 39.75536325040387], [-120.63225291045457, 39.7554508505792], [-120.63213877637754, 39.75552505001965], [-120.63188617638001, 39.75561451625098], [-120.63170370940452, 39.7556603168433], [-120.6315277769816, 39.75566571643955], [-120.63132197603451, 39.755666050014625], [-120.63110810990955, 39.75563025028377], [-120.63092537655739, 39.75565805061266], [-120.63074211045186, 39.755708316439325], [-120.6305589088595, 39.7558172505361], [-120.6304215760803, 39.755927049992536], [-120.63029217633118, 39.75602351754188], [-120.63016210959988, 39.756133450258574], [-120.63000230961374, 39.75624285084411], [-120.62984197687433, 39.75630251705439], [-120.62964377598651, 39.75635705004882], [-120.62947597637616, 39.75638065044225], [-120.62930750978362, 39.75646285059022], [-120.62917817662866, 39.75646911724856], [-120.62895697578058, 39.756581717818975], [-120.62874350922061, 39.756681050594736], [-120.62851430978883, 39.75674845092566], [-120.62831617653568, 39.75675785007408], [-120.62810210958769, 39.75677151683352], [-120.62783517623633, 39.75676605013006], [-120.62769837621046, 39.756799251107736], [-120.6275455758956, 39.75689525107868], [-120.62744637660096, 39.756956317392834], [-120.62736217660175, 39.757053650618204], [-120.62721730931695, 39.75719485066421], [-120.6271253760702, 39.757296517525766], [-120.62695810921318, 39.757540851427144], [-120.62673657643482, 39.75770305068512], [-120.62655377648849, 39.757820917479386], [-120.62639357589684, 39.757916717647625], [-120.62623310892857, 39.7579584507487], [-120.62606490975323, 39.75797305076881], [-120.62598910894327, 39.75798951778319], [-120.62593557659827, 39.75797945087529], [-120.62585170956993, 39.75793265113291], [-120.62579857574937, 39.757909051271284], [-120.62572197580944, 39.75791191736348], [-120.62551550892069, 39.75793025139139], [-120.62537890867732, 39.75795905148375], [-120.62534790909282, 39.758012451289794], [-120.62532530973816, 39.75811551758985], [-120.62524850897518, 39.758208517661124], [-120.62513490869203, 39.75828745039622], [-120.62485197505168, 39.75836725094188], [-120.62453170913783, 39.75843271784486], [-120.62437157618089, 39.758460917796306], [-120.62417297572803, 39.75846591721917], [-120.62392837535475, 39.7584924509501], [-120.62377637521038, 39.75852085085384], [-120.62363150896613, 39.758576451566555], [-120.6234251752657, 39.758680317727624], [-120.62318837577466, 39.7588376508901], [-120.62301297610506, 39.758996251537006]]}, "properties": {"OBJECTID": 4192908, "permanent_identifier": "62408795", "fdate": 1507852800000, "resolution": 2, "gnis_id": "00266769", "gnis_name": "Gray Eagle Creek", "lengthkm": 1.0024050899999999, "reachcode": "18020123000640", "flowdir": 1, "wbarea_permanent_identifier": null, "ftype": 460, "fcode": 46006, "innetwork": 1, "mainpath": 0, "visibilityfilter": 2000000, "Shape_Length": 1308.388151801587, "globalid": "{86F0D0E1-4C71-11E1-BCF4-0021280458E6}"}}, {"type": "Feature", "id": 4293590, "geometry": {"type": "LineString", "coordinates": [[-120.64047997562699, 39.73800664789832], [-120.6405233086592, 39.738069914550856], [-120.64057617610308, 39.73814311492912], [-120.64061457492375, 39.738215914358115], [-120.64062190860635, 39.73832424800438], [-120.64062257558854, 39.73849531484896], [-120.64069830876379, 39.73877624806839], [-120.64080537553487, 39.73901711427045], [-120.64092757478974, 39.73919524775648], [-120.64101877550065, 39.73930071459719], [-120.64103450837247, 39.7393731151391], [-120.64103390902498, 39.73947671500869], [-120.64105617540883, 39.739507714366304]]}, "properties": {"OBJECTID": 4293590, "permanent_identifier": "158996766", "fdate": 1329727215000, "resolution": 2, "gnis_id": null, "gnis_name": null, "lengthkm": 0.17800000000000002, "reachcode": "18020123004153", "flowdir": 1, "wbarea_permanent_identifier": null, "ftype": 460, "fcode": 46006, "innetwork": 1, "mainpath": 0, "visibilityfilter": 250000, "Shape_Length": 230.9393292214303, "globalid": "{8D22AC64-4C72-11E1-BCF4-0021280458E6}"}}, {"type": "Feature", "id": 4293634, "geometry": {"type": "LineString", "coordinates": [[-120.64530411011069, 39.741468714846086], [-120.64566077702021, 39.74146691460975], [-120.64608704315796, 39.741799847911985], [-120.64672810982009, 39.74240291512887], [-120.64701244401901, 39.742620448388244], [-120.64715424381002, 39.743060247759146], [-120.64736771036999, 39.74328071525167], [-120.64748584321859, 39.74330271435717]]}, "properties": {"OBJECTID": 4293634, "permanent_identifier": "158996598", "fdate": 1329727758000, "resolution": 2, "gnis_id": null, "gnis_name": null, "lengthkm": 0.29500000000000004, "reachcode": "18020123030748", "flowdir": 1, "wbarea_permanent_identifier": null, "ftype": 460, "fcode": 46007, "innetwork": 1, "mainpath": 0, "visibilityfilter": 0, "Shape_Length": 383.6763836517592, "globalid": "{B593BBD2-4C7F-11E1-BCF4-0021280458E6}"}}, {"type": "Feature", "id": 4294168, "geometry": {"type": "LineString", "coordinates": [[-120.62369150302634, 39.710560180542195], [-120.62312696866948, 39.71099458045361], [-120.62298576926648, 39.71105018109463], [-120.62277343584788, 39.711162914316525], [-120.62234990215202, 39.7114380475697], [-120.62185656944548, 39.7119820472845], [-120.62171623576667, 39.71231251434866], [-120.6214348358732, 39.712694114293555], [-120.62115323619723, 39.71308024738963], [-120.62072990228388, 39.713517447342966], [-120.62002463572372, 39.71412018089258], [-120.61889403534416, 39.714835647601205], [-120.61868290166107, 39.71499798100554], [-120.61847070143081, 39.71510624788589], [-120.61832923565115, 39.7152745813204], [-120.61832996922752, 39.715382647664626], [-120.61811830175058, 39.715599047980916], [-120.61776643482371, 39.716037780744124], [-120.61748463536524, 39.71636538136841], [-120.61727296892882, 39.71658624880119], [-120.61600336883482, 39.71790244789349], [-120.61586350235572, 39.718174381577576], [-120.61515796837836, 39.71888958132954], [-120.61446750133118, 39.71943864858908]]}, "properties": {"OBJECTID": 4294168, "permanent_identifier": "158996673", "fdate": 1329727937000, "resolution": 2, "gnis_id": null, "gnis_name": null, "lengthkm": 1.283, "reachcode": "18020123030974", "flowdir": 1, "wbarea_permanent_identifier": null, "ftype": 460, "fcode": 46007, "innetwork": 1, "mainpath": 0, "visibilityfilter": 100000, "Shape_Length": 1666.606389595588, "globalid": "{3DC0871D-4C85-11E1-BCF4-0021280458E6}"}}, {"type": "Feature", "id": 4294481, "geometry": {"type": "LineString", "coordinates": [[-120.65734524274743, 39.722104778749916], [-120.6573845759675, 39.72212331198446], [-120.65752917583511, 39.72220284549102], [-120.65762817638777, 39.72224984557574], [-120.65772731012878, 39.72227431240212], [-120.65784190932443, 39.72226764567096], [-120.6579489760955, 39.7222923117726], [-120.65811677570584, 39.72235431232505], [-120.65822371032912, 39.722383445818686]]}, "properties": {"OBJECTID": 4294481, "permanent_identifier": "158996795", "fdate": 1329727506000, "resolution": 2, "gnis_id": null, "gnis_name": null, "lengthkm": 0.083, "reachcode": "18020123003237", "flowdir": 1, "wbarea_permanent_identifier": null, "ftype": 460, "fcode": 46006, "innetwork": 1, "mainpath": 0, "visibilityfilter": 500000, "Shape_Length": 108.05148823280409, "globalid": "{AA313274-4C79-11E1-BCF4-0021280458E6}"}}, {"type": "Feature", "id": 4294482, "geometry": {"type": "LineString", "coordinates": [[-120.62945203681384, 39.7145022470863], [-120.6296649706205, 39.71526778104469], [-120.62980710442288, 39.71554544721869], [-120.62996730397396, 39.715709980063615], [-120.63044730432027, 39.71620271341415], [-120.63123003758507, 39.71680878034058], [-120.6314435707392, 39.71680864667526]]}, "properties": {"OBJECTID": 4294482, "permanent_identifier": "158946331", "fdate": 1329727269000, "resolution": 2, "gnis_id": null, "gnis_name": null, "lengthkm": 0.326, "reachcode": "18020123031374", "flowdir": 1, "wbarea_permanent_identifier": null, "ftype": 460, "fcode": 46007, "innetwork": 1, "mainpath": 0, "visibilityfilter": 24000, "Shape_Length": 422.7345379344271, "globalid": "{36314048-4C73-11E1-BCF4-0021280458E6}"}}, {"type": "Feature", "id": 4302340, "geometry": {"type": "LineString", "coordinates": [[-120.65102364062129, 39.71776051261459], [-120.65059657431303, 39.71764824559195], [-120.6501699741639, 39.717648645782724], [-120.64995577402757, 39.717815445888185], [-120.64960004151743, 39.717920845392754], [-120.64846030733172, 39.718032912677735], [-120.6477481742887, 39.71791937909958], [-120.647392440738, 39.717813045549825], [-120.6468943070083, 39.71753717896083], [-120.64653850686345, 39.717259712897544], [-120.64646710647115, 39.717042045974054]]}, "properties": {"OBJECTID": 4302340, "permanent_identifier": "158997498", "fdate": 1329728114000, "resolution": 2, "gnis_id": null, "gnis_name": null, "lengthkm": 0.446, "reachcode": "18020123031529", "flowdir": 1, "wbarea_permanent_identifier": null, "ftype": 460, "fcode": 46007, "innetwork": 1, "mainpath": 0, "visibilityfilter": 24000, "Shape_Length": 582.6658539817469, "globalid": "{C3E3A898-4C8D-11E1-BCF4-0021280458E6}"}}, {"type": "Feature", "id": 4303197, "geometry": {"type": "LineString", "coordinates": [[-120.61591777556082, 39.765760451686724], [-120.61589830821302, 39.76571045233962], [-120.61583390853248, 39.76554691863675]]}, "properties": {"OBJECTID": 4303197, "permanent_identifier": "62415643", "fdate": 1329728178000, "resolution": 2, "gnis_id": "00266769", "gnis_name": "Gray Eagle Creek", "lengthkm": 0.025, "reachcode": "18020123004225", "flowdir": 1, "wbarea_permanent_identifier": null, "ftype": 460, "fcode": 46006, "innetwork": 1, "mainpath": 0, "visibilityfilter": 2000000, "Shape_Length": 32.30274807498089, "globalid": "{2ED3B080-4C90-11E1-BCF4-0021280458E6}"}}, {"type": "Feature", "id": 4517717, "geometry": {"type": "LineString", "coordinates": [[-120.61292650399562, 39.733906717128995], [-120.61281217117667, 39.733859316891575], [-120.6127743040688, 39.73383604966544], [-120.612697770723, 39.733811916621605], [-120.61262116974252, 39.73376984961489], [-120.61257570361593, 39.733737316903834], [-120.61254490381394, 39.73372324947833], [-120.61250677032939, 39.73370445049612], [-120.6124227701127, 39.73366665006683], [-120.6123775037686, 39.73364765022001], [-120.61230137102837, 39.733614516504], [-120.61214090406008, 39.733570716950965], [-120.61205670406088, 39.733560050327995], [-120.61195770350822, 39.733535449872456], [-120.61184317090674, 39.73353751678158], [-120.61174430354242, 39.7335490500213], [-120.61163730336548, 39.73356484990842], [-120.61150750301086, 39.73358471719109], [-120.61136237038991, 39.73362671629417], [-120.61118710286812, 39.733677250257045], [-120.61108756956213, 39.73372925013986], [-120.6109579700305, 39.73374451705602], [-120.61085137045912, 39.73374691683988], [-120.61079776943888, 39.733736716757775], [-120.6107215035103, 39.73373071689706], [-120.61069130305583, 39.73371651663777], [-120.6105923035437, 39.73369204987067], [-120.61052290305747, 39.73367251710065], [-120.61041676964524, 39.733661316763], [-120.61029397000233, 39.733627316441186], [-120.61018770340178, 39.733580050444694], [-120.61007316975977, 39.73355971664592], [-120.6099661029887, 39.73353504977387], [-120.60990550333777, 39.73351585064166], [-120.60982096932722, 39.73351405019764], [-120.6097529028054, 39.73352164967159], [-120.60969197018365, 39.733511449556154], [-120.60963030294499, 39.733505650525366], [-120.60959237028348, 39.73350485032792], [-120.60950077000754, 39.73351644998947], [-120.60941690297918, 39.73353725031591], [-120.60931770264402, 39.733557716953996], [-120.60921110307262, 39.73356451702659], [-120.60911210356049, 39.73358051695931], [-120.60892096997856, 39.73362165025276], [-120.60884496938611, 39.73364711728962], [-120.60875290295101, 39.733654250234785], [-120.60864656975629, 39.733647517387546], [-120.6085469698561, 39.73364091737212], [-120.60844830331482, 39.73364791748541], [-120.60832570345441, 39.733672450684445], [-120.60824230258523, 39.73369771685356], [-120.60815810258605, 39.733732050021686], [-120.60797470225167, 39.733804850909046], [-120.60792190348305, 39.73381271681549], [-120.60785290256182, 39.73382485095473], [-120.60775376986132, 39.73384531670722], [-120.6075933694872, 39.73384651699748], [-120.60751736889476, 39.733849450506774], [-120.60741790218293, 39.733878917625084], [-120.60735730357253, 39.73390025077063], [-120.60728097000927, 39.73393911692809], [-120.60716636977308, 39.73398185039145], [-120.60698276965623, 39.73399605059603], [-120.60688370354994, 39.733994050916756], [-120.60678476959141, 39.73398745093456], [-120.6065331019122, 39.73388771734835], [-120.6064261027758, 39.733858450282206], [-120.60624277007615, 39.7338456503879], [-120.60611336928652, 39.73381145090878], [-120.60600616932707, 39.73379125001045], [-120.60579316892627, 39.733773316857075], [-120.60561756947419, 39.73376525009731], [-120.60545710354644, 39.73376645038902], [-120.60525110177633, 39.733780116908406], [-120.60504496993946, 39.733771450803836], [-120.60476270224078, 39.73375205088864], [-120.60465616822302, 39.733754317839924], [-120.60453376918564, 39.73376985041506], [-120.60440476900152, 39.73378971763864], [-120.6042745024877, 39.73382751720023], [-120.60417550297556, 39.73386151742331], [-120.60400716957135, 39.73389865038484], [-120.60389276911768, 39.733918850451424], [-120.60380150285314, 39.733943917282325], [-120.6037329691316, 39.733965050359735], [-120.60364150308455, 39.73397211685607], [-120.60348130249291, 39.733986850790636], [-120.60325270240861, 39.73401811748094], [-120.60312230270647, 39.7340335171649], [-120.60297750201585, 39.734089050421126], [-120.60287070266196, 39.73414091716176], [-120.60275670281385, 39.734273717381036], [-120.6025959028747, 39.734410117385664], [-120.60242090277012, 39.73451451769962], [-120.60223796859492, 39.734596317439625], [-120.60211550192284, 39.73463445103601], [-120.60200090272721, 39.73465905109932], [-120.60189470272084, 39.734674850732056], [-120.60178770254392, 39.73466811798444], [-120.60167316890191, 39.734647717291175], [-120.60156610213083, 39.73462305080847], [-120.60147456844906, 39.73458965029957], [-120.60131436889796, 39.7345412503], [-120.6011541017122, 39.7345154507162], [-120.60105476922924, 39.73449985029326], [-120.60097070137782, 39.73448465156017], [-120.60082610151021, 39.73445005070447], [-120.60066550239412, 39.73440625088214], [-120.600520501921, 39.73436265107887], [-120.60037556908253, 39.73431465101395], [-120.6002305686094, 39.734289117808046], [-120.60014676921577, 39.73428745101566], [-120.60004776866309, 39.73430331794938], [-120.59992590133852, 39.7343278517153], [-120.5998113021429, 39.73435251750344], [-120.59971210180773, 39.7343730511152], [-120.59956750194013, 39.7344015177758], [-120.59934590152703, 39.73441945076575], [-120.5992623019159, 39.73445371795906], [-120.5991319011732, 39.73449165158783], [-120.5989871691578, 39.73454265062451], [-120.59890350087137, 39.734576917756584], [-120.5987967681117, 39.7346063181486], [-120.59867456885681, 39.73461725107106], [-120.5985829019867, 39.73463345160572], [-120.59849116852244, 39.734649517705634], [-120.59844536838447, 39.73466651761653], [-120.5983771010396, 39.73470125119405], [-120.5982851688334, 39.734766851013156], [-120.59818630146903, 39.734841451217044], [-120.59811750137087, 39.7348670514336], [-120.597965301444, 39.73492691779853], [-120.59780450150487, 39.7349776508533], [-120.59760610187507, 39.73504111793067], [-120.59737756838493, 39.73511291801211], [-120.5971561687949, 39.735189451071356], [-120.59694236822355, 39.73527505165106], [-120.59676690195982, 39.73533005098964], [-120.5966145678041, 39.735349317631524], [-120.5964769676077, 39.735364518574436], [-120.59640076827328, 39.73535391784355], [-120.59631710206799, 39.735347718079574], [-120.59605776773533, 39.73533785190781], [-120.59583656792778, 39.73536485144762]]}, "properties": {"OBJECTID": 4517717, "permanent_identifier": "62408557", "fdate": 1329727907000, "resolution": 2, "gnis_id": null, "gnis_name": null, "lengthkm": 1.552, "reachcode": "18020123003348", "flowdir": 1, "wbarea_permanent_identifier": null, "ftype": 460, "fcode": 46003, "innetwork": 1, "mainpath": 0, "visibilityfilter": 24000, "Shape_Length": 2030.7033413664387, "globalid": "{A435EACF-4C84-11E1-BCF4-0021280458E6}"}}, {"type": "Feature", "id": 4518493, "geometry": {"type": "LineString", "coordinates": [[-120.65166370733036, 39.718859045716826], [-120.6519487085115, 39.71886024546762], [-120.65266024116649, 39.71896924502341], [-120.65301670829353, 39.71908004602834], [-120.65315890869009, 39.71918651208576], [-120.6537283751774, 39.71946377911134], [-120.65436910782813, 39.719683978727836], [-120.6545115080072, 39.71974091216283], [-120.65472444181383, 39.719848779423764]]}, "properties": {"OBJECTID": 4518493, "permanent_identifier": "158996625", "fdate": 1329727055000, "resolution": 2, "gnis_id": null, "gnis_name": null, "lengthkm": 0.28800000000000003, "reachcode": "18020123030683", "flowdir": 1, "wbarea_permanent_identifier": null, "ftype": 460, "fcode": 46007, "innetwork": 1, "mainpath": 0, "visibilityfilter": 0, "Shape_Length": 376.7747071477013, "globalid": "{81EE7EC5-4C71-11E1-BCF4-0021280458E6}"}}, {"type": "Feature", "id": 4526412, "geometry": {"type": "LineString", "coordinates": [[-120.64012257826268, 39.756264116271645], [-120.63990597761476, 39.75664711602542], [-120.63969044455457, 39.756867983200095], [-120.63890177816573, 39.757577182910254], [-120.63854451086817, 39.75774104990768], [-120.6381873112053, 39.75790491651522], [-120.63711537716478, 39.75833811665826], [-120.63683051125302, 39.75839525014314], [-120.63661631007618, 39.758449516711025], [-120.63625551120671, 39.75865411682976]]}, "properties": {"OBJECTID": 4526412, "permanent_identifier": "158997408", "fdate": 1329728098000, "resolution": 2, "gnis_id": null, "gnis_name": null, "lengthkm": 0.438, "reachcode": "18020123030719", "flowdir": 1, "wbarea_permanent_identifier": null, "ftype": 460, "fcode": 46007, "innetwork": 1, "mainpath": 0, "visibilityfilter": 24000, "Shape_Length": 570.7786988807413, "globalid": "{F9661992-4C8A-11E1-BCF4-0021280458E6}"}}, {"type": "Feature", "id": 4640254, "geometry": {"type": "LineString", "coordinates": [[-120.6555837791807, 39.752469514197024], [-120.65562257964746, 39.75259644807402], [-120.65572911366519, 39.75272471527428], [-120.65588937981045, 39.75292164786853], [-120.65594237940215, 39.752994714874404], [-120.65597351321547, 39.75309004817321], [-120.65595758056116, 39.75317071470766], [-120.65591257955319, 39.753250914766134], [-120.65585838022598, 39.75333991437065], [-120.65578237963354, 39.753410448239435], [-120.65573637971308, 39.75347711500261], [-120.65565238053694, 39.75356544794434], [-120.65559937990471, 39.75373104760601], [-120.65559898033972, 39.75393371463847], [-120.65553817986574, 39.75411271511561], [-120.65554557910198, 39.7542840483478], [-120.65554591415388, 39.75444624807601], [-120.6555537129551, 39.75458144822236], [-120.65555351317258, 39.75469411507491], [-120.6555381132716, 39.75478384876909], [-120.65549257951031, 39.754940648467596], [-120.65543931354193, 39.755074648522964], [-120.65534758007767, 39.755216914953564], [-120.65526398046653, 39.75535944827151], [-120.65522557956477, 39.75543971537662], [-120.6551341801119, 39.75574424811957], [-120.65512638027013, 39.75587024803419], [-120.65511878021088, 39.75594211520665], [-120.65511857938786, 39.756054715038736], [-120.65513391269468, 39.75614064887077], [-120.6552025140509, 39.75620504837863], [-120.65526331348434, 39.75628284830497], [-120.65535537991944, 39.75634331521288], [-120.65543918035361, 39.75643051497601], [-120.65547731383818, 39.75651244868769], [-120.65549271373915, 39.756620848759866], [-120.6554779142262, 39.75688631510618], [-120.65546951399644, 39.757048247931095], [-120.65546991356143, 39.75718791533668], [-120.65543931354193, 39.75731344865608], [-120.65543918035361, 39.75740351570408], [-120.65542411342346, 39.757524849058186], [-120.65541618039339, 39.75762824805365], [-120.65540878011664, 39.75780384888837], [-120.65537818009717, 39.75786624865448], [-120.65531751385207, 39.757955115909105], [-120.65528651322707, 39.7580085157182], [-120.65516458034888, 39.75801504860692], [-120.65501957987573, 39.75803011576406], [-120.65491271392767, 39.75804151531891], [-120.65457738108366, 39.75835451559308], [-120.6544781807485, 39.75846511491178], [-120.65439411393764, 39.75857604841377], [-120.65425658033541, 39.7587174493143], [-120.65411918096204, 39.75883171560726], [-120.65400491369672, 39.7589510482901], [-120.65391338001497, 39.759048315504295], [-120.65379911379016, 39.75919011538475], [-120.65372231406772, 39.75930124849327], [-120.65373811353369, 39.75946364917861], [-120.65376871355318, 39.75956791554884], [-120.65382911342161, 39.75965924828004], [-120.65385271376987, 39.75975871579853], [-120.65383678111553, 39.759947648575356]]}, "properties": {"OBJECTID": 4640254, "permanent_identifier": "62408813", "fdate": 1507852800000, "resolution": 2, "gnis_id": "00266321", "gnis_name": "Smith Creek", "lengthkm": 0.9366161700000001, "reachcode": "18020123000158", "flowdir": 1, "wbarea_permanent_identifier": null, "ftype": 460, "fcode": 46006, "innetwork": 1, "mainpath": 0, "visibilityfilter": 2000000, "Shape_Length": 1213.3212040835197, "globalid": "{B898BF4B-4C99-11E1-BCF4-0021280458E6}"}}, {"type": "Feature", "id": 4750799, "geometry": {"type": "LineString", "coordinates": [[-120.65570264456511, 39.74169718125374], [-120.65620071170068, 39.741806313529224], [-120.65691224539621, 39.74224411385572], [-120.6578380447817, 39.743014980448265], [-120.65854957951777, 39.743452780296515], [-120.65883477944085, 39.74356211381228]]}, "properties": {"OBJECTID": 4750799, "permanent_identifier": "158997565", "fdate": 1329728340000, "resolution": 2, "gnis_id": null, "gnis_name": null, "lengthkm": 0.34400000000000003, "reachcode": "18020123031591", "flowdir": 1, "wbarea_permanent_identifier": null, "ftype": 460, "fcode": 46007, "innetwork": 1, "mainpath": 0, "visibilityfilter": 24000, "Shape_Length": 447.92484810877, "globalid": "{F517D102-4C9B-11E1-BCF4-0021280458E6}"}}, {"type": "Feature", "id": 4750871, "geometry": {"type": "LineString", "coordinates": [[-120.62541356990042, 39.7154647142286], [-120.6254142368826, 39.71557284750902], [-120.62513403672466, 39.71628331427523], [-120.62478237062084, 39.71677611396448], [-120.62457103715522, 39.71705104794348], [-120.62415230344202, 39.7184163810611], [-120.62394096997646, 39.71869131490453], [-120.62323517066297, 39.71934798126409], [-120.62288363670692, 39.71984084789556], [-120.62267403677073, 39.720552780953895], [-120.62253263654473, 39.7207165143133], [-120.62239283665978, 39.72098838167802], [-120.62218110362919, 39.72120931514052], [-120.62196977016363, 39.72148418182629], [-120.62161790323673, 39.721918448116135], [-120.62105363733758, 39.72246998107387], [-120.62020570318117, 39.72301564808268], [-120.61963990353517, 39.72329231548244], [-120.61900377004405, 39.723513515270795], [-120.61872096959202, 39.72367891505196], [-120.61857950277184, 39.72368051567496], [-120.61808370295954, 39.72367931520769]]}, "properties": {"OBJECTID": 4750871, "permanent_identifier": "158996647", "fdate": 1329728162000, "resolution": 2, "gnis_id": null, "gnis_name": null, "lengthkm": 1.178, "reachcode": "18020123030816", "flowdir": 1, "wbarea_permanent_identifier": null, "ftype": 460, "fcode": 46007, "innetwork": 1, "mainpath": 0, "visibilityfilter": 100000, "Shape_Length": 1528.4676644701879, "globalid": "{6717AC2F-4C90-11E1-BCF4-0021280458E6}"}}, {"type": "Feature", "id": 4863547, "geometry": {"type": "LineString", "coordinates": [[-120.63532731130961, 39.76456291763242], [-120.63527437831209, 39.76468345053488], [-120.63519777837215, 39.76491611746397], [-120.63512937783898, 39.76523005108644], [-120.63506871159386, 39.76551265090958], [-120.6350073783666, 39.765705051131434], [-120.63489311110126, 39.76584685090173], [-120.63479351120108, 39.76602951718347], [-120.63474751128062, 39.76624025097583], [-120.63481691176685, 39.766475917547695], [-120.63482397803223, 39.76675985114141], [-120.63479357883578, 39.76693931736384], [-120.63467897859962, 39.76713525114508], [-120.63458777892923, 39.76747571771583], [-120.63457271199906, 39.76768265122829], [-120.63457217820519, 39.76795285132389], [-120.63467897859962, 39.76830631769235], [-120.63476297881631, 39.76860085135176], [-120.63477811234064, 39.76890745092856], [-120.63473297918486, 39.76926691796048], [-120.63470191196568, 39.76949151802046], [-120.63467937920517, 39.76970271788337], [-120.63466397826365, 39.7698736508323], [-120.63456451259232, 39.769966117570185], [-120.63439691172397, 39.7700888515852], [-120.63414491211444, 39.770268451488974], [-120.63391597905932, 39.770389918130704], [-120.63367197907402, 39.770547118170064], [-120.63356517867962, 39.7706620510323], [-120.63337457889155, 39.770901451758114], [-120.63332911172442, 39.771058117988325], [-120.63332911172442, 39.77137791781917], [-120.63325231200197, 39.77161511832905], [-120.63317617926172, 39.77189731845973], [-120.63310791191685, 39.77204005158057], [-120.63299317849237, 39.772213451546484], [-120.63288677870348, 39.77238245167321], [-120.6328025787043, 39.77256085157543], [-120.63271877931064, 39.77274831848751], [-120.63266471213123, 39.77290031803072], [-120.63262677842918, 39.77302571794099], [-120.63267231219048, 39.77331491796896], [-120.63261917941048, 39.773651652022615], [-120.63255791277737, 39.77390711849065], [-120.63242857858187, 39.77421085141342], [-120.63228337936675, 39.77442405209751], [-120.63213851208195, 39.77469145150809], [-120.63203217888724, 39.77500451844869], [-120.63186377888887, 39.775275851788535], [-120.63173451232808, 39.775448851745146], [-120.6316125128557, 39.77558151876504], [-120.6313987122844, 39.77575285216405], [-120.63096377849968, 39.77605025208853], [-120.63067357881143, 39.77631905185413], [-120.63057471248761, 39.776501851888725], [-120.63046791209321, 39.77667985246209], [-120.63034557860945, 39.776758452141955], [-120.63020871198941, 39.77685471857432], [-120.63010951269477, 39.77700131912358], [-120.62999491245863, 39.77721525247661], [-120.62982657905441, 39.77756765248653], [-120.62977397902775, 39.7777647187576], [-120.62956791274453, 39.77798571891686], [-120.62938457900434, 39.77818011866211], [-120.62905637901987, 39.77836711925219], [-120.6287743121442, 39.778505519113715], [-120.62849931257442, 39.77873411937794], [-120.6281156167576, 39.779270174331366], [-120.62796062091628, 39.77983379497176], [-120.62801698351338, 39.78014378703522], [-120.62814379753586, 39.78038332510983], [-120.62829879337717, 39.780566502180086], [-120.62858060428151, 39.78080604118224]]}, "properties": {"OBJECTID": 4863547, "permanent_identifier": "62408777", "fdate": 1669852800000, "resolution": 2, "gnis_id": null, "gnis_name": null, "lengthkm": 2.03272005, "reachcode": "18020123003396", "flowdir": 1, "wbarea_permanent_identifier": null, "ftype": 460, "fcode": 46007, "innetwork": 1, "mainpath": 0, "visibilityfilter": 100000, "Shape_Length": 2634.391523696211, "globalid": "{3AE7E856-4C92-11E1-BCF4-0021280458E6}"}}, {"type": "Feature", "id": 4965716, "geometry": {"type": "LineString", "coordinates": [[-120.6619913085922, 39.71562604484581], [-120.66191964182325, 39.715845310639715], [-120.66191990924044, 39.71601197743748], [-120.66184837565982, 39.716231244405655], [-120.66184750889514, 39.717659111570576], [-120.66198924313251, 39.71793224518064]]}, "properties": {"OBJECTID": 4965716, "permanent_identifier": "158997658", "fdate": 1329727130000, "resolution": 2, "gnis_id": null, "gnis_name": null, "lengthkm": 0.262, "reachcode": "18020123031460", "flowdir": 1, "wbarea_permanent_identifier": null, "ftype": 460, "fcode": 46003, "innetwork": 1, "mainpath": 0, "visibilityfilter": 250000, "Shape_Length": 338.7545452239714, "globalid": "{8B48604E-4C71-11E1-BCF4-0021280458E6}"}}, {"type": "Feature", "id": 4973505, "geometry": {"type": "LineString", "coordinates": [[-120.62663737193749, 39.72614544866617], [-120.6266217712135, 39.7261516476572], [-120.6264155707014, 39.7262105148362], [-120.62606437075668, 39.72628891443176], [-120.626011371165, 39.726283314863736], [-120.62594277188984, 39.72630444788874], [-120.62577477145648, 39.72633251453982], [-120.62557637182668, 39.72635544818078], [-120.62543130475935, 39.7263795150109], [-120.62524797101918, 39.7264073151382], [-120.6251111054397, 39.726445048323235], [-120.6249659717782, 39.72646464876398], [-120.62480590437491, 39.72647931467894], [-120.62467630380276, 39.726472248214804], [-120.62454637130031, 39.726451515380916], [-120.62442430419325, 39.72644004817723], [-120.62427177129554, 39.726445915025806], [-120.62418817168438, 39.72648024780427], [-120.62408097068445, 39.72650051486729], [-120.62394317174608, 39.72652024813852], [-120.62378317093697, 39.72655304914755], [-120.62360810423822, 39.726576448476905], [-120.62342457071553, 39.7265907150295], [-120.6232417707692, 39.72658691531072], [-120.6230817710006, 39.72657464865189], [-120.62296697098195, 39.72654071525937], [-120.62282210473766, 39.726510848866354], [-120.62265410430429, 39.72645784879139], [-120.6225243049902, 39.72641464890243], [-120.62240230447728, 39.72633551559245], [-120.6222879040236, 39.72627011502274], [-120.62215817130364, 39.72620444869728], [-120.62207397130449, 39.72617111533449], [-120.62191397049536, 39.726136315837095], [-120.62163150405468, 39.726040449069124], [-120.6214561043851, 39.72598731578528], [-120.62128110323997, 39.72594771528446], [-120.62106717052086, 39.725911715245935], [-120.6209373701662, 39.72591364873592]]}, "properties": {"OBJECTID": 4973505, "permanent_identifier": "158996787", "fdate": 1329727261000, "resolution": 2, "gnis_id": null, "gnis_name": null, "lengthkm": 0.51, "reachcode": "18020123000650", "flowdir": 1, "wbarea_permanent_identifier": null, "ftype": 460, "fcode": 46003, "innetwork": 1, "mainpath": 0, "visibilityfilter": 500000, "Shape_Length": 666.8388643979333, "globalid": "{D8D69852-4C89-11E1-BCF4-0021280458E6}"}}, {"type": "Feature", "id": 4974239, "geometry": {"type": "LineString", "coordinates": [[-120.64745110811758, 39.73071058014182], [-120.6474513089406, 39.7308772470243], [-120.64737884304165, 39.73169998050166], [-120.64752057623849, 39.732743447025584], [-120.64787644297753, 39.73323711413644], [-120.64801810853966, 39.73340218011464], [-120.6483027757094, 39.7335655804881]]}, "properties": {"OBJECTID": 4974239, "permanent_identifier": "158997406", "fdate": 1329728304000, "resolution": 2, "gnis_id": null, "gnis_name": null, "lengthkm": 0.34400000000000003, "reachcode": "18020123030712", "flowdir": 1, "wbarea_permanent_identifier": null, "ftype": 460, "fcode": 46007, "innetwork": 1, "mainpath": 0, "visibilityfilter": 24000, "Shape_Length": 445.2302058230617, "globalid": "{9C1E3C2D-4C96-11E1-BCF4-0021280458E6}"}}, {"type": "Feature", "id": 5411416, "geometry": {"type": "LineString", "coordinates": [[-120.64474744531131, 39.756993182734085], [-120.64460164570819, 39.75737758309368], [-120.64445517808231, 39.75803678223612], [-120.64444571234587, 39.75929778253545], [-120.64494224573454, 39.7596277156605], [-120.64543784576435, 39.76007018288001], [-120.64557884642537, 39.76023524937555], [-120.64564884521856, 39.760452849513264], [-120.6456810455791, 39.760555516218844]]}, "properties": {"OBJECTID": 5411416, "permanent_identifier": "158996575", "fdate": 1329727758000, "resolution": 2, "gnis_id": null, "gnis_name": null, "lengthkm": 0.441, "reachcode": "18020123030783", "flowdir": 1, "wbarea_permanent_identifier": null, "ftype": 460, "fcode": 46003, "innetwork": 1, "mainpath": 0, "visibilityfilter": 24000, "Shape_Length": 571.3848758197588, "globalid": "{B593868D-4C7F-11E1-BCF4-0021280458E6}"}}, {"type": "Feature", "id": 5634715, "geometry": {"type": "LineString", "coordinates": [[-120.66374738011253, 39.7451025799887], [-120.66332024721008, 39.74537778024798], [-120.66303458008728, 39.745435046892105], [-120.66260711317351, 39.745651646514105], [-120.66210844669043, 39.74581731400314], [-120.66168177994714, 39.74592584691396], [-120.6612542464392, 39.746034314049545], [-120.66039891304656, 39.74620171352696], [-120.65990011233465, 39.74647551411443], [-120.65940164667462, 39.74663658096399], [-120.65918744549776, 39.74669538024684], [-120.65859024566171, 39.74673218067595]]}, "properties": {"OBJECTID": 5634715, "permanent_identifier": "158997632", "fdate": 1329727494000, "resolution": 2, "gnis_id": null, "gnis_name": null, "lengthkm": 0.48300000000000004, "reachcode": "18020123031570", "flowdir": 1, "wbarea_permanent_identifier": null, "ftype": 460, "fcode": 46007, "innetwork": 1, "mainpath": 0, "visibilityfilter": 24000, "Shape_Length": 631.1813118891397, "globalid": "{A9D6E6FD-4C76-11E1-BCF4-0021280458E6}"}}, {"type": "Feature", "id": 5644321, "geometry": {"type": "LineString", "coordinates": [[-120.6122469677565, 39.717316248941536], [-120.61210703468325, 39.71769624845664], [-120.61154323494327, 39.71835584885469], [-120.61140583452936, 39.719339448606476], [-120.6113353019423, 39.71950018269622], [-120.6112665684383, 39.719886115219666], [-120.61091563487025, 39.72076178266336], [-120.6108459014132, 39.720922515839085], [-120.61063583531785, 39.7214722488006], [-120.61063603510037, 39.72163444893568]]}, "properties": {"OBJECTID": 5644321, "permanent_identifier": "158996630", "fdate": 1329728267000, "resolution": 2, "gnis_id": null, "gnis_name": null, "lengthkm": 0.51, "reachcode": "18020123030681", "flowdir": 1, "wbarea_permanent_identifier": null, "ftype": 460, "fcode": 46007, "innetwork": 1, "mainpath": 0, "visibilityfilter": 24000, "Shape_Length": 659.0381135603809, "globalid": "{8D2B054E-4C93-11E1-BCF4-0021280458E6}"}}, {"type": "Feature", "id": 5858694, "geometry": {"type": "LineString", "coordinates": [[-120.6690378444088, 39.71876317763535], [-120.6688957106064, 39.71876037794599], [-120.66839744368833, 39.718597176990954], [-120.66754317684294, 39.7181565780247], [-120.66725857730789, 39.717993244378924], [-120.66661770938774, 39.71788124506165], [-120.66597691014283, 39.71788191097685], [-120.66562057724465, 39.717937777394674], [-120.66476651018175, 39.71810077741492], [-120.66462370939716, 39.718097844035846], [-120.664199243383, 39.71803364422235]]}, "properties": {"OBJECTID": 5858694, "permanent_identifier": "158997488", "fdate": 1329727821000, "resolution": 2, "gnis_id": null, "gnis_name": null, "lengthkm": 0.441, "reachcode": "18020123031566", "flowdir": 1, "wbarea_permanent_identifier": null, "ftype": 460, "fcode": 46007, "innetwork": 1, "mainpath": 0, "visibilityfilter": 100000, "Shape_Length": 577.1278259669349, "globalid": "{71598AC7-4C81-11E1-BCF4-0021280458E6}"}}, {"type": "Feature", "id": 5858717, "geometry": {"type": "LineString", "coordinates": [[-120.64736964368188, 39.741361847936865], [-120.64758277727101, 39.74191124830811], [-120.647583176836, 39.74207344756447], [-120.6476539102461, 39.7424577143567], [-120.6478671104294, 39.742624181615746], [-120.64806871074134, 39.74268631430102]]}, "properties": {"OBJECTID": 5858717, "permanent_identifier": "158947521", "fdate": 1329727884000, "resolution": 2, "gnis_id": null, "gnis_name": null, "lengthkm": 0.17, "reachcode": "18020123030700", "flowdir": 1, "wbarea_permanent_identifier": null, "ftype": 460, "fcode": 46003, "innetwork": 1, "mainpath": 0, "visibilityfilter": 24000, "Shape_Length": 220.66997248522546, "globalid": "{97A69930-4C84-11E1-BCF4-0021280458E6}"}}, {"type": "Feature", "id": 5858796, "geometry": {"type": "LineString", "coordinates": [[-120.64338537609565, 39.73756938155683], [-120.64174577569136, 39.73894158162871]]}, "properties": {"OBJECTID": 5858796, "permanent_identifier": "158996622", "fdate": 1329727906000, "resolution": 2, "gnis_id": null, "gnis_name": null, "lengthkm": 0.20700000000000002, "reachcode": "18020123031129", "flowdir": 1, "wbarea_permanent_identifier": null, "ftype": 460, "fcode": 46007, "innetwork": 1, "mainpath": 0, "visibilityfilter": 0, "Shape_Length": 269.7650722328778, "globalid": "{A42EB680-4C84-11E1-BCF4-0021280458E6}"}}, {"type": "Feature", "id": 5867442, "geometry": {"type": "LineString", "coordinates": [[-120.67009124654146, 39.738685045274906], [-120.66987777998149, 39.73896011273789], [-120.66973511342577, 39.739123912803805], [-120.6695212473008, 39.73934477855251], [-120.66916451379709, 39.73967551295989], [-120.66887964684484, 39.73972831324345], [-120.66809598022118, 39.73978464603658], [-120.66774051304715, 39.7398360460196], [-120.6672413793644, 39.74016837910968], [-120.66667118034125, 39.740661379354336], [-120.66624371342745, 39.74087797958009], [-120.66517464605768, 39.74126191299294], [-120.6650327796725, 39.74131764605262], [-120.66474764634356, 39.741316446692586], [-120.6645925131518, 39.74126464615983]]}, "properties": {"OBJECTID": 5867442, "permanent_identifier": "158997635", "fdate": 1329728041000, "resolution": 2, "gnis_id": null, "gnis_name": null, "lengthkm": 0.5850000000000001, "reachcode": "18020123031543", "flowdir": 1, "wbarea_permanent_identifier": null, "ftype": 460, "fcode": 46003, "innetwork": 1, "mainpath": 0, "visibilityfilter": 100000, "Shape_Length": 763.1309124726237, "globalid": "{4ADB3AB4-4C8F-11E1-BCF4-0021280458E6}"}}, {"type": "Feature", "id": 5867482, "geometry": {"type": "LineString", "coordinates": [[-120.66333591036613, 39.72600431143011], [-120.66319311062209, 39.72600151203471], [-120.66226711041355, 39.72660444539313], [-120.66205331088275, 39.726825378468334], [-120.66084177673976, 39.72786857866377], [-120.66069924441292, 39.72803231225814], [-120.66055697638167, 39.72803397920177]]}, "properties": {"OBJECTID": 5867482, "permanent_identifier": "158947510", "fdate": 1329728299000, "resolution": 2, "gnis_id": null, "gnis_name": null, "lengthkm": 0.336, "reachcode": "18020123030958", "flowdir": 1, "wbarea_permanent_identifier": null, "ftype": 460, "fcode": 46007, "innetwork": 1, "mainpath": 0, "visibilityfilter": 24000, "Shape_Length": 437.64032251553186, "globalid": "{60B4695A-4C97-11E1-BCF4-0021280458E6}"}}, {"type": "Feature", "id": 5981511, "geometry": {"type": "LineString", "coordinates": [[-120.62301297610506, 39.758996251537006], [-120.62294477535436, 39.759328117859354], [-120.62293670913594, 39.75960271816426], [-120.62296750893796, 39.75987365147262], [-120.62295270838446, 39.76037331774611], [-120.622906308899, 39.76063811852418], [-120.62277710893235, 39.76089671761926], [-120.62261650877574, 39.76119525116038], [-120.62258610853877, 39.76129371821654], [-120.62258597535045, 39.761401851604205], [-120.62260150843976, 39.76159131818649], [-120.6226625763309, 39.76176371823765], [-120.62266217572538, 39.76196645121903], [-120.62262430861749, 39.762114251279364], [-120.62254830906559, 39.76224331821581], [-120.62230370869226, 39.762481518030185], [-120.62199910905605, 39.76281311800161], [-120.62170890936783, 39.76308191826634], [-120.62146470960006, 39.76333371824866], [-120.62109837613104, 39.76365065211491], [-120.6208545093341, 39.76382571849387], [-120.6203733758464, 39.764131252350516], [-120.61993870947889, 39.76440151837302], [-120.61955757545637, 39.764578452061215], [-120.6191375088193, 39.764763451625946], [-120.61879457591606, 39.76486905209196], [-120.61841250853467, 39.76501431845442], [-120.6181381749066, 39.76515731859229], [-120.61795497539526, 39.765288718523145], [-120.61771870865756, 39.765500119238155], [-120.61751270896852, 39.76573911880705], [-120.61745117491819, 39.76585045249963], [-120.61741317566252, 39.76593525195992]]}, "properties": {"OBJECTID": 5981511, "permanent_identifier": "62400913", "fdate": 1329727091000, "resolution": 2, "gnis_id": "00266769", "gnis_name": "Gray Eagle Creek", "lengthkm": 0.9850000000000001, "reachcode": "18020123000640", "flowdir": 1, "wbarea_permanent_identifier": null, "ftype": 460, "fcode": 46006, "innetwork": 1, "mainpath": 0, "visibilityfilter": 2000000, "Shape_Length": 1279.4054666151867, "globalid": "{EE35A08E-4C99-11E1-BCF4-0021280458E6}"}}, {"type": "Feature", "id": 6083361, "geometry": {"type": "LineString", "coordinates": [[-120.64610784030805, 39.720552712924366], [-120.64575270714539, 39.7197843131207], [-120.64553917399124, 39.71956824607941], [-120.64546823975812, 39.71940017923951], [-120.64546830739285, 39.719292046357]]}, "properties": {"OBJECTID": 6083361, "permanent_identifier": "158997449", "fdate": 1329727130000, "resolution": 2, "gnis_id": null, "gnis_name": null, "lengthkm": 0.153, "reachcode": "18020123031323", "flowdir": 1, "wbarea_permanent_identifier": null, "ftype": 460, "fcode": 46007, "innetwork": 1, "mainpath": 0, "visibilityfilter": 24000, "Shape_Length": 198.52696475060463, "globalid": "{8B484928-4C71-11E1-BCF4-0021280458E6}"}}, {"type": "Feature", "id": 6305621, "geometry": {"type": "LineString", "coordinates": [[-120.64523111041787, 39.74322391486659], [-120.64530211020461, 39.74399111495239], [-120.6454433772423, 39.74448944831762], [-120.64558611039217, 39.74481671454948], [-120.64572824419457, 39.74492764843094], [-120.64575551034356, 39.745038848555005]]}, "properties": {"OBJECTID": 6305621, "permanent_identifier": "158996603", "fdate": 1329727758000, "resolution": 2, "gnis_id": null, "gnis_name": null, "lengthkm": 0.21200000000000002, "reachcode": "18020123030672", "flowdir": 1, "wbarea_permanent_identifier": null, "ftype": 460, "fcode": 46007, "innetwork": 1, "mainpath": 0, "visibilityfilter": 0, "Shape_Length": 274.09544725567605, "globalid": "{B593DC58-4C7F-11E1-BCF4-0021280458E6}"}}, {"type": "Feature", "id": 6306279, "geometry": {"type": "LineString", "coordinates": [[-120.65321657715714, 39.733845246290166], [-120.65328771013223, 39.734175513371554], [-120.653358709919, 39.73433904634337], [-120.6535012443269, 39.73450404646812]]}, "properties": {"OBJECTID": 6306279, "permanent_identifier": "158997396", "fdate": 1329727533000, "resolution": 2, "gnis_id": null, "gnis_name": null, "lengthkm": 0.079, "reachcode": "18020123031228", "flowdir": 1, "wbarea_permanent_identifier": null, "ftype": 460, "fcode": 46003, "innetwork": 1, "mainpath": 0, "visibilityfilter": 100000, "Shape_Length": 102.0906858079091, "globalid": "{C6E5925B-4C77-11E1-BCF4-0021280458E6}"}}, {"type": "Feature", "id": 6314934, "geometry": {"type": "LineString", "coordinates": [[-120.66182931203916, 39.7392307135721], [-120.66118791240622, 39.73988891259043], [-120.66076051208655, 39.74010551364387], [-120.66026137944434, 39.74043784703469], [-120.66011897926529, 39.74054757979111], [-120.65997637826322, 39.74071138008449], [-120.65997631166907, 39.740819446571024], [-120.6598337117075, 39.74087511357928], [-120.65976244554409, 39.74104038049593], [-120.65976191175022, 39.74131511291454], [-120.65961964580005, 39.74142484667438]]}, "properties": {"OBJECTID": 6314934, "permanent_identifier": "158946693", "fdate": 1329728209000, "resolution": 2, "gnis_id": null, "gnis_name": null, "lengthkm": 0.324, "reachcode": "18020123031304", "flowdir": 1, "wbarea_permanent_identifier": null, "ftype": 460, "fcode": 46007, "innetwork": 1, "mainpath": 0, "visibilityfilter": 0, "Shape_Length": 421.3848894423195, "globalid": "{5CE961A8-4C89-11E1-BCF4-0021280458E6}"}}, {"type": "Feature", "id": 6428772, "geometry": {"type": "LineString", "coordinates": [[-120.65859024566171, 39.74673218067595], [-120.6585819796608, 39.746737313757414], [-120.6585291788111, 39.7467858467997], [-120.65841418005044, 39.74688711380303], [-120.65822337943938, 39.747009313725044], [-120.65793411310999, 39.747174713936865], [-120.65771297885607, 39.74730531454038], [-120.65760611290801, 39.74742484800127], [-120.65749897954278, 39.74757131440984], [-120.65742271257366, 39.747713913950115], [-120.65729317963621, 39.747941114804874], [-120.65712477963784, 39.74828004742167], [-120.65700317973048, 39.74847124775221], [-120.65682751368423, 39.748701914200694], [-120.65662911301386, 39.74891864755593], [-120.65652231261946, 39.74903811421632], [-120.6564385132258, 39.7491400475225], [-120.65633931289064, 39.749313714763495], [-120.65617917889318, 39.74990504811583], [-120.65605731260912, 39.7500782478254], [-120.65591251295903, 39.75024204786326], [-120.65580517877073, 39.75037044744775], [-120.65572871305967, 39.75045444756981], [-120.65565291329025, 39.750561047577236], [-120.65559957864669, 39.75066811461863], [-120.65559911248752, 39.750794247818284], [-120.65562197925942, 39.75089371453972], [-120.65567578006215, 39.750962447725165], [-120.65572871305967, 39.75103551520916], [-120.65577497935679, 39.75111304817696], [-120.655797579752, 39.75122164794464], [-120.6557823130394, 39.75136991425891], [-120.65578211325686, 39.75152764811517], [-120.65581271327633, 39.7516363144282], [-120.65586657963271, 39.751768048153245], [-120.65588918002797, 39.75183151416727], [-120.65585838022598, 39.751966048260016], [-120.65581331366438, 39.75206871481725], [-120.65572951323018, 39.75219771498229], [-120.6556829129217, 39.75225531514911], [-120.65562191266524, 39.752357714882365], [-120.6555837791807, 39.752469514197024]]}, "properties": {"OBJECTID": 6428772, "permanent_identifier": "{4B1F08F5-9529-44E5-8394-1D6D1DF601C9}", "fdate": 1507852800000, "resolution": 2, "gnis_id": "00266321", "gnis_name": "Smith Creek", "lengthkm": 0.7316930300000001, "reachcode": "18020123000158", "flowdir": 1, "wbarea_permanent_identifier": null, "ftype": 460, "fcode": 46006, "innetwork": 1, "mainpath": 0, "visibilityfilter": 2000000, "Shape_Length": 948.3924583061454, "globalid": "{4BD621E8-4E34-4B19-B6F1-F3F76AF6B9D1}"}}, {"type": "Feature", "id": 6529889, "geometry": {"type": "LineString", "coordinates": [[-120.66332711161189, 39.73654017976689], [-120.66339784606252, 39.73703704591695], [-120.66332644567024, 39.73753111275848], [-120.66332651226438, 39.737639245843525], [-120.66346837864958, 39.73818711321276], [-120.66368157883288, 39.738353579586054], [-120.66382411324078, 39.73851857970218], [-120.66389537836368, 39.73873617963252], [-120.66410864618167, 39.7390107796134], [-120.66417991338565, 39.7393410459475], [-120.66425057916103, 39.73945057961809], [-120.66439257873455, 39.73978231287332], [-120.66446337873882, 39.74016657963952], [-120.66453424637777, 39.74055091307305], [-120.6648707789573, 39.74067218009761]]}, "properties": {"OBJECTID": 6529889, "permanent_identifier": "158997543", "fdate": 1329727363000, "resolution": 2, "gnis_id": null, "gnis_name": null, "lengthkm": 0.504, "reachcode": "18020123031287", "flowdir": 1, "wbarea_permanent_identifier": null, "ftype": 460, "fcode": 46007, "innetwork": 1, "mainpath": 0, "visibilityfilter": 24000, "Shape_Length": 652.6030366669014, "globalid": "{D5C1D388-4C74-11E1-BCF4-0021280458E6}"}}, {"type": "Feature", "id": 6537934, "geometry": {"type": "LineString", "coordinates": [[-120.65350071053304, 39.735269847300145], [-120.6535712431201, 39.73549198007338], [-120.65371331136885, 39.736314713684436], [-120.65385457736599, 39.737137313450766], [-120.65392591116414, 39.73724691383598], [-120.65403157737663, 39.737472646520004]]}, "properties": {"OBJECTID": 6537934, "permanent_identifier": "158947301", "fdate": 1329728011000, "resolution": 2, "gnis_id": null, "gnis_name": null, "lengthkm": 0.252, "reachcode": "18020123030678", "flowdir": 1, "wbarea_permanent_identifier": null, "ftype": 460, "fcode": 46003, "innetwork": 1, "mainpath": 0, "visibilityfilter": 100000, "Shape_Length": 325.82990733628066, "globalid": "{BE31DA8E-4C89-11E1-BCF4-0021280458E6}"}}, {"type": "Feature", "id": 6761839, "geometry": {"type": "LineString", "coordinates": [[-120.62973097272317, 39.732358781977545], [-120.62946777280726, 39.73258351520621], [-120.6290175723099, 39.73290764836477], [-120.62889557283755, 39.73297724850832], [-120.62867417324749, 39.73309431499426], [-120.62852137293261, 39.73316784873945], [-120.62824657314536, 39.73327031525073], [-120.62792630619094, 39.73340331559653], [-120.62778130571782, 39.73350404933025], [-120.62776183941054, 39.73351591545764]]}, "properties": {"OBJECTID": 6761839, "permanent_identifier": "158996800", "fdate": 1329727100000, "resolution": 2, "gnis_id": "00260351", "gnis_name": "Frazier Creek", "lengthkm": 0.21400000000000002, "reachcode": "18020123000347", "flowdir": 1, "wbarea_permanent_identifier": null, "ftype": 460, "fcode": 46006, "innetwork": 1, "mainpath": 0, "visibilityfilter": 5000000, "Shape_Length": 278.348856983116, "globalid": "{26B4AD21-4C9A-11E1-BCF4-0021280458E6}"}}, {"type": "Feature", "id": 6762518, "geometry": {"type": "LineString", "coordinates": [[-120.6610635758948, 39.71798564479403], [-120.66127764180229, 39.71793137837106], [-120.66170437618025, 39.71798957784946], [-120.66198924313251, 39.71793224518064]]}, "properties": {"OBJECTID": 6762518, "permanent_identifier": "158997532", "fdate": 1329728304000, "resolution": 2, "gnis_id": null, "gnis_name": null, "lengthkm": 0.081, "reachcode": "18020123031315", "flowdir": 1, "wbarea_permanent_identifier": null, "ftype": 460, "fcode": 46003, "innetwork": 1, "mainpath": 0, "visibilityfilter": 100000, "Shape_Length": 106.1140238977465, "globalid": "{9C1E722D-4C96-11E1-BCF4-0021280458E6}"}}, {"type": "Feature", "id": 6976918, "geometry": {"type": "LineString", "coordinates": [[-120.63730757313176, 39.72483924735919], [-120.63730290633744, 39.72484691421419], [-120.63705170689845, 39.72535084719949], [-120.63697517251214, 39.72545744762813], [-120.63687577343501, 39.725527447435596], [-120.63676170595217, 39.725624247253506], [-120.636692707112, 39.72573991371834], [-120.6365783732525, 39.72592671419721], [-120.6364713730756, 39.726136314236555], [-120.6364331064027, 39.7262526472773], [-120.63640250638323, 39.726445714155695], [-120.63637257334595, 39.726598247243054], [-120.63632677320798, 39.72674144717512], [-120.63631130671281, 39.7268313141078], [-120.63629610659434, 39.72695711401207], [-120.63623517293205, 39.72709551476882], [-120.63615897359766, 39.727233647957505], [-120.63605197342073, 39.727380047644246], [-120.63596790660989, 39.72751351470626], [-120.63583837263188, 39.72769551439258], [-120.63567143978626, 39.72788944791644]]}, "properties": {"OBJECTID": 6976918, "permanent_identifier": "158996785", "fdate": 1329727100000, "resolution": 2, "gnis_id": "00260351", "gnis_name": "Frazier Creek", "lengthkm": 0.374, "reachcode": "18020123000347", "flowdir": 1, "wbarea_permanent_identifier": null, "ftype": 460, "fcode": 46006, "innetwork": 1, "mainpath": 0, "visibilityfilter": 5000000, "Shape_Length": 484.70570312490497, "globalid": "{61AE8741-4C83-11E1-BCF4-0021280458E6}"}}, {"type": "Feature", "id": 6976945, "geometry": {"type": "LineString", "coordinates": [[-120.64616617575727, 39.734441247052025], [-120.64694930962763, 39.73444358039611], [-120.64737677550089, 39.73433511422044], [-120.6482317093285, 39.73389751331074], [-120.64851657628077, 39.73384018106498]]}, "properties": {"OBJECTID": 6976945, "permanent_identifier": "158997364", "fdate": 1329727432000, "resolution": 2, "gnis_id": null, "gnis_name": null, "lengthkm": 0.217, "reachcode": "18020123030773", "flowdir": 1, "wbarea_permanent_identifier": null, "ftype": 460, "fcode": 46007, "innetwork": 1, "mainpath": 0, "visibilityfilter": 0, "Shape_Length": 284.39107701055383, "globalid": "{2EF7719F-4C76-11E1-BCF4-0021280458E6}"}}, {"type": "Feature", "id": 6985689, "geometry": {"type": "LineString", "coordinates": [[-120.6290647074528, 39.74282731657224], [-120.62899317491271, 39.74293398278696], [-120.62849390804162, 39.74364891611376], [-120.62842224127267, 39.74386818320731], [-120.62835090747456, 39.7440334493463], [-120.62799404182303, 39.74490898291542], [-120.62763650710826, 39.74595578330039], [-120.6274939747814, 39.746281583278055], [-120.62735110844318, 39.74655805010127], [-120.62713664088966, 39.746941050220144], [-120.62685150756074, 39.74721445025055], [-120.62663790781245, 39.74738125003354], [-120.62642410828164, 39.7474894500663], [-120.62628177469676, 39.7474910501365]]}, "properties": {"OBJECTID": 6985689, "permanent_identifier": "158996604", "fdate": 1329728419000, "resolution": 2, "gnis_id": null, "gnis_name": null, "lengthkm": 0.5900000000000001, "reachcode": "18020123031189", "flowdir": 1, "wbarea_permanent_identifier": null, "ftype": 460, "fcode": 46007, "innetwork": 1, "mainpath": 0, "visibilityfilter": 24000, "Shape_Length": 764.5062929385914, "globalid": "{56A7DBF8-4C9A-11E1-BCF4-0021280458E6}"}}, {"type": "Feature", "id": 6986273, "geometry": {"type": "LineString", "coordinates": [[-120.62240643955879, 39.73998398318206], [-120.62162730654114, 39.739990516980065], [-120.62141470570533, 39.73993658312338], [-120.62084510602968, 39.73980431629613]]}, "properties": {"OBJECTID": 6986273, "permanent_identifier": "158997384", "fdate": 1329728073000, "resolution": 2, "gnis_id": null, "gnis_name": null, "lengthkm": 0.136, "reachcode": "18020123030819", "flowdir": 1, "wbarea_permanent_identifier": null, "ftype": 460, "fcode": 46007, "innetwork": 1, "mainpath": 0, "visibilityfilter": 24000, "Shape_Length": 177.89478921051153, "globalid": "{CF707896-4C8B-11E1-BCF4-0021280458E6}"}}, {"type": "Feature", "id": 6986516, "geometry": {"type": "LineString", "coordinates": [[-120.63338757307828, 39.729297047542026], [-120.63323650629277, 39.72938571477685], [-120.63311470660291, 39.72946884740817], [-120.6330459065047, 39.729543914286005], [-120.63296237348773, 39.729596315007484], [-120.63286257380503, 39.729657315091686], [-120.63267210616479, 39.7297480480857], [-120.6325883057306, 39.72980944815585], [-120.63248097258284, 39.72996031490674], [-120.63238230604155, 39.730052914456195], [-120.6322371057859, 39.73018511437177], [-120.63213017324367, 39.73026258117499]]}, "properties": {"OBJECTID": 6986516, "permanent_identifier": "158996718", "fdate": 1329727100000, "resolution": 2, "gnis_id": "00260351", "gnis_name": "Frazier Creek", "lengthkm": 0.154, "reachcode": "18020123000347", "flowdir": 1, "wbarea_permanent_identifier": null, "ftype": 460, "fcode": 46006, "innetwork": 1, "mainpath": 0, "visibilityfilter": 5000000, "Shape_Length": 200.21559408785794, "globalid": "{B897DEE6-4C99-11E1-BCF4-0021280458E6}"}}, {"type": "Feature", "id": 6986562, "geometry": {"type": "LineString", "coordinates": [[-120.64646710647115, 39.717042045974054], [-120.64611184012016, 39.71698537924184], [-120.64589790740104, 39.71693137936202], [-120.64568463958301, 39.71687751310516], [-120.64554223940397, 39.71682057890709], [-120.64490117274187, 39.716654445524206]]}, "properties": {"OBJECTID": 6986562, "permanent_identifier": "158997518", "fdate": 1329728214000, "resolution": 2, "gnis_id": null, "gnis_name": null, "lengthkm": 0.14, "reachcode": "18020123031333", "flowdir": 1, "wbarea_permanent_identifier": null, "ftype": 460, "fcode": 46003, "innetwork": 1, "mainpath": 0, "visibilityfilter": 24000, "Shape_Length": 183.61145832796663, "globalid": "{BB09230C-4C88-11E1-BCF4-0021280458E6}"}}, {"type": "Feature", "id": 7201295, "geometry": {"type": "LineString", "coordinates": [[-120.6457464452127, 39.75604964904615], [-120.64567884589053, 39.75622831525179], [-120.64488971126151, 39.75699604886435], [-120.64474744531131, 39.756993182734085]]}, "properties": {"OBJECTID": 7201295, "permanent_identifier": "158996577", "fdate": 1329727519000, "resolution": 2, "gnis_id": null, "gnis_name": null, "lengthkm": 0.14200000000000002, "reachcode": "18020123030785", "flowdir": 1, "wbarea_permanent_identifier": null, "ftype": 460, "fcode": 46007, "innetwork": 1, "mainpath": 0, "visibilityfilter": 24000, "Shape_Length": 184.47424385683524, "globalid": "{6DD598EB-4C77-11E1-BCF4-0021280458E6}"}}, {"type": "Feature", "id": 7201454, "geometry": {"type": "LineString", "coordinates": [[-120.656873108837, 39.72200484549755], [-120.6570487759238, 39.72200391231166], [-120.65716337615996, 39.722024245517204], [-120.65725457583035, 39.72206211235494], [-120.65734524274743, 39.722104778749916]]}, "properties": {"OBJECTID": 7201454, "permanent_identifier": "158996725", "fdate": 1329727506000, "resolution": 2, "gnis_id": null, "gnis_name": null, "lengthkm": 0.043000000000000003, "reachcode": "18020123003237", "flowdir": 1, "wbarea_permanent_identifier": null, "ftype": 460, "fcode": 46006, "innetwork": 1, "mainpath": 0, "visibilityfilter": 500000, "Shape_Length": 56.01717873799394, "globalid": "{F50F3F2B-4C77-11E1-BCF4-0021280458E6}"}}, {"type": "Feature", "id": 7210062, "geometry": {"type": "LineString", "coordinates": [[-120.6338635715314, 39.71802011384714], [-120.6345747046214, 39.71856611380438], [-120.63514410555509, 39.71884351378404], [-120.63549990569993, 39.718954380621014], [-120.63642530552043, 39.719117313409036], [-120.63692403859763, 39.719118446725105], [-120.63799197282607, 39.71923024714394], [-120.63856163909588, 39.71939498009308]]}, "properties": {"OBJECTID": 7210062, "permanent_identifier": "158997629", "fdate": 1329728259000, "resolution": 2, "gnis_id": null, "gnis_name": null, "lengthkm": 0.443, "reachcode": "18020123031305", "flowdir": 1, "wbarea_permanent_identifier": null, "ftype": 460, "fcode": 46003, "innetwork": 1, "mainpath": 0, "visibilityfilter": 100000, "Shape_Length": 578.5390985066917, "globalid": "{7B8B10BF-4C94-11E1-BCF4-0021280458E6}"}}, {"type": "Feature", "id": 7210151, "geometry": {"type": "LineString", "coordinates": [[-120.60911823646698, 39.73017964955984], [-120.6090357023625, 39.730218649853995], [-120.60877616928789, 39.730343849803845], [-120.60860070302415, 39.730421316428696], [-120.6084483022743, 39.73048571677122], [-120.60823470252598, 39.73056691631709], [-120.60811230244808, 39.73060491690346], [-120.60797476884585, 39.730638116884776], [-120.60780710346437, 39.73070225054819], [-120.60764696946691, 39.73073505036785], [-120.60742576861882, 39.73078445012532], [-120.60722730239485, 39.730807450304866], [-120.60703656941845, 39.73082165036319], [-120.60687650201515, 39.730849850413975], [-120.60679250283899, 39.73085711648643], [-120.60666236951351, 39.73088591669365], [-120.6065025018927, 39.730954717050935], [-120.60629636901533, 39.731031517201174], [-120.60618176981971, 39.73105625058762], [-120.60603696912908, 39.73106671674134], [-120.60589230266727, 39.731077250112406], [-120.60570096826231, 39.73106431686417], [-120.60553316865199, 39.73104285080372], [-120.60534276864641, 39.731025317048484], [-120.60513710296871, 39.73100765045117], [-120.60495370263438, 39.730976850528016], [-120.60480116869617, 39.73095565011569], [-120.60471690210278, 39.73092684993766], [-120.60449596867191, 39.73085925069504], [-120.60427456908187, 39.73076911693475], [-120.60404596795702, 39.73067431691371], [-120.6038243685845, 39.73058864980301], [-120.60365676875666, 39.73047705025249], [-120.60345070143289, 39.73036471670675], [-120.60331330101901, 39.73028985078143], [-120.60316076812131, 39.730210050521485], [-120.6027563022083, 39.73001251765299], [-120.60269536854598, 39.72998425083991], [-120.60260376827007, 39.72997331718259], [-120.60248190198601, 39.729957317212815], [-120.60233636875957, 39.729945316832946], [-120.60216136865499, 39.72994625071162], [-120.60208510168587, 39.729940116881124]]}, "properties": {"OBJECTID": 7210151, "permanent_identifier": "158996768", "fdate": 1329727874000, "resolution": 2, "gnis_id": null, "gnis_name": null, "lengthkm": 0.652, "reachcode": "18020123003369", "flowdir": 1, "wbarea_permanent_identifier": null, "ftype": 460, "fcode": 46003, "innetwork": 1, "mainpath": 0, "visibilityfilter": 250000, "Shape_Length": 852.6354685285193, "globalid": "{A548DB92-4C9B-11E1-BCF4-0021280458E6}"}}, {"type": "Feature", "id": 7322866, "geometry": {"type": "LineString", "coordinates": [[-120.649745777648, 39.740675114116534], [-120.6497093766523, 39.74080144803679], [-120.64963251033569, 39.74102504718642], [-120.64959471086252, 39.74108731413169], [-120.6495035111921, 39.741130514427255], [-120.64934297762966, 39.74121731419107], [-120.64918237747301, 39.74134924786241], [-120.64909871022716, 39.7414736474933], [-120.64902251089275, 39.74158924736062], [-120.64894637711198, 39.74172731470229], [-120.64891557731002, 39.741816847659436], [-120.64890224390925, 39.74185564774505]]}, "properties": {"OBJECTID": 7322866, "permanent_identifier": "158996790", "fdate": 1329727091000, "resolution": 2, "gnis_id": "00266769", "gnis_name": "Gray Eagle Creek", "lengthkm": 0.156, "reachcode": "18020123000640", "flowdir": 1, "wbarea_permanent_identifier": null, "ftype": 460, "fcode": 46006, "innetwork": 1, "mainpath": 0, "visibilityfilter": 2000000, "Shape_Length": 202.06091264279678, "globalid": "{37B70E68-4C8E-11E1-BCF4-0021280458E6}"}}, {"type": "Feature", "id": 7322867, "geometry": {"type": "LineString", "coordinates": [[-120.664199243383, 39.71803364422235], [-120.66415910999237, 39.71810224450458], [-120.6640757767579, 39.71821764505639], [-120.66403710947945, 39.7183024447257], [-120.66402170957846, 39.71839224422032], [-120.66396870998682, 39.718494711882336], [-120.66383911045519, 39.71861824434012], [-120.66369477696425, 39.71877451165384]]}, "properties": {"OBJECTID": 7322867, "permanent_identifier": "158997714", "fdate": 1329727091000, "resolution": 2, "gnis_id": "00266769", "gnis_name": "Gray Eagle Creek", "lengthkm": 0.095, "reachcode": "18020123000640", "flowdir": 1, "wbarea_permanent_identifier": null, "ftype": 460, "fcode": 46006, "innetwork": 1, "mainpath": 0, "visibilityfilter": 2000000, "Shape_Length": 122.77987245363914, "globalid": "{3ADB3611-4C92-11E1-BCF4-0021280458E6}"}}, {"type": "Feature", "id": 7423532, "geometry": {"type": "LineString", "coordinates": [[-120.61801777057262, 39.72501324874386], [-120.61795397023958, 39.725010049160225], [-120.61789350377698, 39.72500884871611], [-120.61769470354164, 39.725022715445085], [-120.61761110288995, 39.72503911590762], [-120.61747357032827, 39.72507231536807], [-120.61735196938035, 39.72511044863081], [-120.61712290313689, 39.72519584884819], [-120.6170007028415, 39.7252518485922], [-120.61687090248684, 39.725294248916896], [-120.61675630329123, 39.72531891553647], [-120.61661157023528, 39.725351915589464], [-120.61652750342441, 39.72537724883149], [-120.61645110326698, 39.725393715633885], [-120.61632177011201, 39.72544511514454], [-120.61620736965838, 39.725465248863244], [-120.61602410355289, 39.725493049359216], [-120.61586417037846, 39.72552131561283], [-120.6157415694775, 39.72552324911376], [-120.61560490263997, 39.725511448834965], [-120.61547470272032, 39.72548171564462], [-120.6153453029712, 39.725447516017574], [-120.61527650287302, 39.72541464885871], [-120.61518470281459, 39.725390248770495], [-120.61503197013441, 39.72535551530327], [-120.61499143613825, 39.72534204878731]]}, "properties": {"OBJECTID": 7423532, "permanent_identifier": "158996710", "fdate": 1329727261000, "resolution": 2, "gnis_id": null, "gnis_name": null, "lengthkm": 0.271, "reachcode": "18020123000650", "flowdir": 1, "wbarea_permanent_identifier": null, "ftype": 460, "fcode": 46006, "innetwork": 1, "mainpath": 0, "visibilityfilter": 500000, "Shape_Length": 355.2627174834335, "globalid": "{715952AB-4C81-11E1-BCF4-0021280458E6}"}}, {"type": "Feature", "id": 7546500, "geometry": {"type": "LineString", "coordinates": [[-120.63137497562619, 39.74990151608457], [-120.63154597591866, 39.750364382635], [-120.63140077566301, 39.75074871598946], [-120.63118410946143, 39.751131716811685], [-120.63082364148174, 39.75173251679166], [-120.63062670900466, 39.75193418332496], [-120.63003232901535, 39.75273287501174], [-120.62903984701803, 39.75398754474389], [-120.62820515365492, 39.75472515478362], [-120.62751182618015, 39.7550093440172], [-120.626574034642, 39.75539373705021], [-120.62561738967105, 39.75580351079287], [-120.62466087788842, 39.75617792421494], [-120.62361114988079, 39.75636915462067], [-120.62277884454284, 39.75652077596178], [-120.62085772458367, 39.75687074934481]]}, "properties": {"OBJECTID": 7546500, "permanent_identifier": "158947308", "fdate": 1507852800000, "resolution": 2, "gnis_id": null, "gnis_name": null, "lengthkm": 1.2972956800000002, "reachcode": "18020123030863", "flowdir": 1, "wbarea_permanent_identifier": null, "ftype": 460, "fcode": 46007, "innetwork": 1, "mainpath": 0, "visibilityfilter": 250000, "Shape_Length": 1690.0861975549244, "globalid": "{7C85BC36-4C7A-11E1-BCF4-0021280458E6}"}}, {"type": "Feature", "id": 7647580, "geometry": {"type": "LineString", "coordinates": [[-120.62980257081688, 39.71993731474523], [-120.62980243762856, 39.720153447859815], [-120.62958817089807, 39.72059504810904], [-120.6295167715463, 39.720701647086145], [-120.62944543774816, 39.720866914351866], [-120.62930317179799, 39.720976647851955], [-120.62901657131633, 39.722020247865075], [-120.62887330541314, 39.723116448215244], [-120.62873050462855, 39.723559447645115], [-120.62865870467127, 39.723720114276674], [-120.62844417156411, 39.724382381293424], [-120.62780263874282, 39.7254233144132], [-120.62780230473145, 39.72564404799982], [-120.62784403846314, 39.72576751483205]]}, "properties": {"OBJECTID": 7647580, "permanent_identifier": "158947519", "fdate": 1329727352000, "resolution": 2, "gnis_id": null, "gnis_name": null, "lengthkm": 0.684, "reachcode": "18020123031132", "flowdir": 1, "wbarea_permanent_identifier": null, "ftype": 460, "fcode": 46007, "innetwork": 1, "mainpath": 0, "visibilityfilter": 24000, "Shape_Length": 884.8793942176444, "globalid": "{8F92BE19-4C74-11E1-BCF4-0021280458E6}"}}, {"type": "Feature", "id": 7648175, "geometry": {"type": "LineString", "coordinates": [[-120.60815350134534, 39.72076804936738], [-120.60815416832756, 39.7209347162746], [-120.60787176848105, 39.721154116456], [-120.60731096755964, 39.72174624927734]]}, "properties": {"OBJECTID": 7648175, "permanent_identifier": "158996681", "fdate": 1329727480000, "resolution": 2, "gnis_id": null, "gnis_name": null, "lengthkm": 0.135, "reachcode": "18020123030735", "flowdir": 1, "wbarea_permanent_identifier": null, "ftype": 460, "fcode": 46007, "innetwork": 1, "mainpath": 0, "visibilityfilter": 100000, "Shape_Length": 174.8299007417612, "globalid": "{5D967E74-4C76-11E1-BCF4-0021280458E6}"}}, {"type": "Feature", "id": 7648231, "geometry": {"type": "LineString", "coordinates": [[-120.66304664507729, 39.73154804526281], [-120.66290371110438, 39.73154517887402], [-120.66126651121169, 39.7312689791107], [-120.66019771125909, 39.731324046463804], [-120.65898737789217, 39.73148878013002], [-120.65863070994209, 39.73159864556734], [-120.6579185103049, 39.731980712557366]]}, "properties": {"OBJECTID": 7648231, "permanent_identifier": "158997403", "fdate": 1329727519000, "resolution": 2, "gnis_id": null, "gnis_name": null, "lengthkm": 0.457, "reachcode": "18020123030705", "flowdir": 1, "wbarea_permanent_identifier": null, "ftype": 460, "fcode": 46007, "innetwork": 1, "mainpath": 0, "visibilityfilter": 0, "Shape_Length": 598.0107378132851, "globalid": "{6DD68FC3-4C77-11E1-BCF4-0021280458E6}"}}, {"type": "Feature", "id": 7656980, "geometry": {"type": "LineString", "coordinates": [[-120.61454497115741, 39.74111518353817], [-120.61449117139519, 39.741146050940955], [-120.6144375714155, 39.74121691653741], [-120.61434570476291, 39.74132325000023], [-120.6142615723984, 39.7414340502876], [-120.61417810493505, 39.7415314510517], [-120.61407097156983, 39.74165531748515], [-120.61395650452197, 39.74176111660368], [-120.61381210547741, 39.741888717491896], [-120.61374337197337, 39.74195491694538], [-120.6136055719945, 39.74207825055259], [-120.61349150451166, 39.74215245079523], [-120.61339237181117, 39.74221345016923], [-120.6133311717722, 39.74225271728761], [-120.61320137141757, 39.74229511755727], [-120.61306397100368, 39.74234631724433], [-120.61285830428545, 39.74240965112135], [-120.61265230459641, 39.74244145005351], [-120.61249190526281, 39.742460717107676], [-120.61230110465169, 39.742474717942365], [-120.6121713708912, 39.742467650717586], [-120.61205677169558, 39.74242925022336], [-120.61193490437103, 39.74240871741153], [-120.61178210509667, 39.74235605119726], [-120.61167517151394, 39.742326717318626], [-120.61157617200178, 39.74232025095011], [-120.61148437090282, 39.74234085019614], [-120.61130177177951, 39.74239111773934], [-120.61124797097678, 39.74240805093314], [-120.61113357156364, 39.7424463170234], [-120.61101157105074, 39.742515917136046], [-120.61085130490548, 39.74261625110737], [-120.6107371708285, 39.742708450411726], [-120.61063757092832, 39.742805450929936], [-120.61053130432775, 39.74290691820486], [-120.6104471043286, 39.74299971798581], [-120.61034770525144, 39.74306971758273], [-120.61018797081898, 39.743174651237766], [-120.61000457152517, 39.74333291751098], [-120.60989770453658, 39.74340731802341], [-120.60974510504472, 39.74349885140161], [-120.60966110482804, 39.74356465086814], [-120.60955417124528, 39.743639051130344], [-120.6094553049215, 39.74369551754024], [-120.60931777131924, 39.74376471795213], [-120.60915777155066, 39.74383805149499], [-120.60902830416683, 39.74389391768415], [-120.60886810357522, 39.74392665122076], [-120.60871537089503, 39.743955050729504], [-120.60854770447303, 39.743956050824664], [-120.60835657089108, 39.743974650992094]]}, "properties": {"OBJECTID": 7656980, "permanent_identifier": "158996783", "fdate": 1329727811000, "resolution": 2, "gnis_id": null, "gnis_name": null, "lengthkm": 0.663, "reachcode": "18020123002816", "flowdir": 1, "wbarea_permanent_identifier": null, "ftype": 460, "fcode": 46003, "innetwork": 1, "mainpath": 0, "visibilityfilter": 100000, "Shape_Length": 864.9257538930265, "globalid": "{FFC4351E-4C98-11E1-BCF4-0021280458E6}"}}, {"type": "Feature", "id": 7871120, "geometry": {"type": "LineString", "coordinates": [[-120.62361203953725, 39.74019784912737], [-120.62283264014289, 39.740145782913935], [-120.62254850572646, 39.74009491604248], [-120.62240643955879, 39.73998398318206]]}, "properties": {"OBJECTID": 7871120, "permanent_identifier": "158997320", "fdate": 1329727238000, "resolution": 2, "gnis_id": null, "gnis_name": null, "lengthkm": 0.109, "reachcode": "18020123031183", "flowdir": 1, "wbarea_permanent_identifier": null, "ftype": 460, "fcode": 46007, "innetwork": 1, "mainpath": 0, "visibilityfilter": 0, "Shape_Length": 142.10388221685446, "globalid": "{DAA4E0EE-4C72-11E1-BCF4-0021280458E6}"}}, {"type": "Feature", "id": 7879721, "geometry": {"type": "LineString", "coordinates": [[-120.63171030742964, 39.733385981691185], [-120.63085617377256, 39.73294504830806], [-120.63064257298375, 39.73283711511162], [-120.63050010621052, 39.73278011486961], [-120.62973097272317, 39.732358781977545]]}, "properties": {"OBJECTID": 7879721, "permanent_identifier": "158997373", "fdate": 1329728267000, "resolution": 2, "gnis_id": null, "gnis_name": null, "lengthkm": 0.20400000000000001, "reachcode": "18020123030795", "flowdir": 1, "wbarea_permanent_identifier": null, "ftype": 460, "fcode": 46007, "innetwork": 1, "mainpath": 0, "visibilityfilter": 0, "Shape_Length": 265.9672445361143, "globalid": "{8D2BA8D6-4C93-11E1-BCF4-0021280458E6}"}}, {"type": "Feature", "id": 7880362, "geometry": {"type": "LineString", "coordinates": [[-120.61292603887698, 39.74319478377886], [-120.61278530459263, 39.74346665051629], [-120.61193703850596, 39.74401678457721], [-120.61130070523231, 39.74423785146418], [-120.61059263859559, 39.74440345114623], [-120.60917557092269, 39.74435631815104], [-120.60867837055184, 39.744138784771074], [-120.60835657089108, 39.743974650992094]]}, "properties": {"OBJECTID": 7880362, "permanent_identifier": "158996685", "fdate": 1329728017000, "resolution": 2, "gnis_id": null, "gnis_name": null, "lengthkm": 0.452, "reachcode": "18020123030693", "flowdir": 1, "wbarea_permanent_identifier": null, "ftype": 460, "fcode": 46007, "innetwork": 1, "mainpath": 0, "visibilityfilter": 24000, "Shape_Length": 590.5763484546083, "globalid": "{0E842087-4C8A-11E1-BCF4-0021280458E6}"}}, {"type": "Feature", "id": 7993058, "geometry": {"type": "LineString", "coordinates": [[-120.66589017644372, 39.71630004417872], [-120.66576950989521, 39.716355310780145], [-120.66561670958032, 39.71645584371125], [-120.66559077635517, 39.71648291147598]]}, "properties": {"OBJECTID": 7993058, "permanent_identifier": "158997759", "fdate": 1329727091000, "resolution": 2, "gnis_id": "00266769", "gnis_name": "Gray Eagle Creek", "lengthkm": 0.033, "reachcode": "18020123000640", "flowdir": 1, "wbarea_permanent_identifier": null, "ftype": 460, "fcode": 46006, "innetwork": 1, "mainpath": 0, "visibilityfilter": 2000000, "Shape_Length": 42.882435949946036, "globalid": "{DAA53453-4C72-11E1-BCF4-0021280458E6}"}}, {"type": "Feature", "id": 8216909, "geometry": {"type": "LineString", "coordinates": [[-120.66684757684227, 39.71542164432235], [-120.66683737648891, 39.71543091063764], [-120.6667233090061, 39.71557271063967], [-120.66660817705713, 39.71570104435268], [-120.66652450981128, 39.71582551108174], [-120.66643270975285, 39.715954244525044], [-120.66631890968723, 39.71604204367544], [-120.66613530957036, 39.71614651102411], [-120.6659295096638, 39.71628204484504], [-120.66589017644372, 39.71630004417872]]}, "properties": {"OBJECTID": 8216909, "permanent_identifier": "158997703", "fdate": 1329727091000, "resolution": 2, "gnis_id": "00266769", "gnis_name": "Gray Eagle Creek", "lengthkm": 0.13, "reachcode": "18020123000640", "flowdir": 1, "wbarea_permanent_identifier": null, "ftype": 460, "fcode": 46006, "innetwork": 1, "mainpath": 0, "visibilityfilter": 2000000, "Shape_Length": 168.5985213656523, "globalid": "{DD70D2C1-4C7B-11E1-BCF4-0021280458E6}"}}, {"type": "Feature", "id": 8216910, "geometry": {"type": "LineString", "coordinates": [[-120.66559077635517, 39.71648291147598], [-120.66546397690014, 39.71661491089866], [-120.66535737628823, 39.71677044479029], [-120.66506737638247, 39.717134044173406], [-120.66479251000106, 39.71741671083861], [-120.66460917626087, 39.717620244238994], [-120.66447217645252, 39.71772564484222], [-120.66434217631534, 39.71781764453088], [-120.6642581095045, 39.717933043958155], [-120.664199243383, 39.71803364422235]]}, "properties": {"OBJECTID": 8216910, "permanent_identifier": "158997760", "fdate": 1329727091000, "resolution": 2, "gnis_id": "00266769", "gnis_name": "Gray Eagle Creek", "lengthkm": 0.21100000000000002, "reachcode": "18020123000640", "flowdir": 1, "wbarea_permanent_identifier": null, "ftype": 460, "fcode": 46006, "innetwork": 1, "mainpath": 0, "visibilityfilter": 2000000, "Shape_Length": 274.1943339592991, "globalid": "{BC0E7302-4C86-11E1-BCF4-0021280458E6}"}}, {"type": "Feature", "id": 8216911, "geometry": {"type": "LineString", "coordinates": [[-120.6082961075501, 39.76522525291171], [-120.60845874195039, 39.76538938085036], [-120.60860864750009, 39.76549931221376], [-120.60882137111889, 39.7656021049663], [-120.60894986144145, 39.76564779094027], [-120.609055744085, 39.765653077778076]]}, "properties": {"OBJECTID": 8216911, "permanent_identifier": "62401023", "fdate": 1507852800000, "resolution": 2, "gnis_id": null, "gnis_name": null, "lengthkm": 0.08319008000000001, "reachcode": "18020123002393", "flowdir": 1, "wbarea_permanent_identifier": "62400597", "ftype": 558, "fcode": 55800, "innetwork": 1, "mainpath": 0, "visibilityfilter": 100000, "Shape_Length": 108.48436467639276, "globalid": "{F5F8F4D9-4C88-11E1-BCF4-0021280458E6}"}}, {"type": "Feature", "id": 8317743, "geometry": {"type": "LineString", "coordinates": [[-120.65343690915947, 39.72638131324041], [-120.65365117588995, 39.72610637964427], [-120.65393630921889, 39.72572024584739], [-120.6541501763844, 39.725283112041666], [-120.65415030957273, 39.725170512338316]]}, "properties": {"OBJECTID": 8317743, "permanent_identifier": "158997350", "fdate": 1329727417000, "resolution": 2, "gnis_id": null, "gnis_name": null, "lengthkm": 0.15, "reachcode": "18020123031147", "flowdir": 1, "wbarea_permanent_identifier": null, "ftype": 460, "fcode": 46003, "innetwork": 1, "mainpath": 0, "visibilityfilter": 100000, "Shape_Length": 194.56492102177813, "globalid": "{D6C2EC2E-4C75-11E1-BCF4-0021280458E6}"}}, {"type": "Feature", "id": 8326159, "geometry": {"type": "LineString", "coordinates": [[-120.64524137632485, 39.73317924760723], [-120.6449566425609, 39.73323204726618], [-120.64474250901874, 39.73329064753448], [-120.64410137472194, 39.73339938101963], [-120.64353177504628, 39.73350938104587], [-120.64254584216901, 39.733580247293055]]}, "properties": {"OBJECTID": 8326159, "permanent_identifier": "158997394", "fdate": 1329728297000, "resolution": 2, "gnis_id": null, "gnis_name": null, "lengthkm": 0.234, "reachcode": "18020123030848", "flowdir": 1, "wbarea_permanent_identifier": null, "ftype": 460, "fcode": 46007, "innetwork": 1, "mainpath": 0, "visibilityfilter": 0, "Shape_Length": 306.6002518958252, "globalid": "{F71A8ED6-4C95-11E1-BCF4-0021280458E6}"}}, {"type": "Feature", "id": 8326212, "geometry": {"type": "LineString", "coordinates": [[-120.63801224138494, 39.73279804748115], [-120.63733524092683, 39.73359518136054], [-120.63716764109901, 39.733997114851086], [-120.63712777408507, 39.73471711483176]]}, "properties": {"OBJECTID": 8326212, "permanent_identifier": "158997306", "fdate": 1329728033000, "resolution": 2, "gnis_id": null, "gnis_name": null, "lengthkm": 0.234, "reachcode": "18020123030900", "flowdir": 1, "wbarea_permanent_identifier": null, "ftype": 460, "fcode": 46007, "innetwork": 1, "mainpath": 0, "visibilityfilter": 24000, "Shape_Length": 303.23699506201683, "globalid": "{D8D70C2A-4C89-11E1-BCF4-0021280458E6}"}}, {"type": "Feature", "id": 8327191, "geometry": {"type": "LineString", "coordinates": [[-120.6210628377379, 39.72459624842992], [-120.62077923711534, 39.72449138172481], [-120.6206368369363, 39.724434381785024], [-120.62014090393565, 39.72432958205926], [-120.61985636995422, 39.72416618220266]]}, "properties": {"OBJECTID": 8327191, "permanent_identifier": "158997345", "fdate": 1329728282000, "resolution": 2, "gnis_id": null, "gnis_name": null, "lengthkm": 0.115, "reachcode": "18020123030925", "flowdir": 1, "wbarea_permanent_identifier": null, "ftype": 460, "fcode": 46007, "innetwork": 1, "mainpath": 0, "visibilityfilter": 24000, "Shape_Length": 149.6814968535458, "globalid": "{D8C71E50-4C94-11E1-BCF4-0021280458E6}"}}, {"type": "Feature", "id": 8540957, "geometry": {"type": "LineString", "coordinates": [[-120.6108547022485, 39.722945182339934], [-120.61078443499757, 39.723164516101136], [-120.6104327688937, 39.723657249014906], [-120.61007996964848, 39.724095916111715], [-120.60965823503568, 39.72480344921743], [-120.60944750195812, 39.72524504930019], [-120.60930723591402, 39.7255709159774], [-120.60923790202193, 39.72595244977149], [-120.60921070142656, 39.72631691626641]]}, "properties": {"OBJECTID": 8540957, "permanent_identifier": "158947065", "fdate": 1329727814000, "resolution": 2, "gnis_id": null, "gnis_name": null, "lengthkm": 0.40800000000000003, "reachcode": "18020123030647", "flowdir": 1, "wbarea_permanent_identifier": null, "ftype": 460, "fcode": 46007, "innetwork": 1, "mainpath": 0, "visibilityfilter": 0, "Shape_Length": 527.7203183922886, "globalid": "{2201B741-4C81-11E1-BCF4-0021280458E6}"}}, {"type": "Feature", "id": 8541049, "geometry": {"type": "LineString", "coordinates": [[-120.63589784226308, 39.746565716140864], [-120.63568404273227, 39.74656591535227], [-120.63468644234894, 39.7472211825725], [-120.63454364156436, 39.747389516008724], [-120.63418704228951, 39.747769582588994], [-120.63404410935712, 39.74804598263918], [-120.63254717550855, 39.74930818266701], [-120.63130597574548, 39.7496047160128]]}, "properties": {"OBJECTID": 8541049, "permanent_identifier": "158997348", "fdate": 1329727693000, "resolution": 2, "gnis_id": null, "gnis_name": null, "lengthkm": 0.539, "reachcode": "18020123031149", "flowdir": 1, "wbarea_permanent_identifier": null, "ftype": 460, "fcode": 46003, "innetwork": 1, "mainpath": 0, "visibilityfilter": 100000, "Shape_Length": 701.8761561918251, "globalid": "{741C7512-4C7D-11E1-BCF4-0021280458E6}"}}, {"type": "Feature", "id": 8550462, "geometry": {"type": "LineString", "coordinates": [[-120.6586301782293, 39.73258511322186], [-120.65848764382139, 39.73253271317178], [-120.6579185103049, 39.731980712557366]]}, "properties": {"OBJECTID": 8550462, "permanent_identifier": "158997367", "fdate": 1329728153000, "resolution": 2, "gnis_id": null, "gnis_name": null, "lengthkm": 0.092, "reachcode": "18020123030778", "flowdir": 1, "wbarea_permanent_identifier": null, "ftype": 460, "fcode": 46003, "innetwork": 1, "mainpath": 0, "visibilityfilter": 24000, "Shape_Length": 119.55914811864366, "globalid": "{C9C04383-4C8C-11E1-BCF4-0021280458E6}"}}, {"type": "Feature", "id": 8765166, "geometry": {"type": "LineString", "coordinates": [[-120.63243623795154, 39.720378380944375], [-120.63229357139585, 39.72092498009673], [-120.63222230523239, 39.72109024762761], [-120.63207903828867, 39.721420580616396], [-120.63200823828441, 39.72153178105248], [-120.63186550513451, 39.721803647604155], [-120.63179370517723, 39.722022913766835], [-120.6315793052584, 39.72279331424187], [-120.63136577210429, 39.72306818101652], [-120.63129777217661, 39.72332811440872], [-120.63133677242587, 39.7236353140662]]}, "properties": {"OBJECTID": 8765166, "permanent_identifier": "158947527", "fdate": 1329727611000, "resolution": 2, "gnis_id": null, "gnis_name": null, "lengthkm": 0.381, "reachcode": "18020123030891", "flowdir": 1, "wbarea_permanent_identifier": null, "ftype": 460, "fcode": 46007, "innetwork": 1, "mainpath": 0, "visibilityfilter": 24000, "Shape_Length": 492.78101975594103, "globalid": "{1F5AD4BD-4C7A-11E1-BCF4-0021280458E6}"}}, {"type": "Feature", "id": 8766140, "geometry": {"type": "LineString", "coordinates": [[-120.66967451169377, 39.724798444950906], [-120.66874824510859, 39.72491044503895], [-120.66832177814779, 39.72491097803688], [-120.66810784542868, 39.72485251149793], [-120.6673964449215, 39.72441484479134], [-120.66718231033879, 39.72436097797699], [-120.66654177747053, 39.72441571151948], [-120.66625631117077, 39.724468511488006], [-120.66554471088108, 39.724575844756], [-120.66504584357497, 39.72479551185671], [-120.66461891045503, 39.72485004497974], [-120.66411977677227, 39.72479491163276], [-120.66376404426212, 39.7245761112563], [-120.66376457701548, 39.72440937872176]]}, "properties": {"OBJECTID": 8766140, "permanent_identifier": "158997314", "fdate": 1329727261000, "resolution": 2, "gnis_id": null, "gnis_name": null, "lengthkm": 0.56, "reachcode": "18020123030972", "flowdir": 1, "wbarea_permanent_identifier": null, "ftype": 460, "fcode": 46007, "innetwork": 1, "mainpath": 0, "visibilityfilter": 100000, "Shape_Length": 731.9055055882958, "globalid": "{31DFC012-4C73-11E1-BCF4-0021280458E6}"}}, {"type": "Feature", "id": 8774567, "geometry": {"type": "LineString", "coordinates": [[-120.61953050700879, 39.75024465107345], [-120.62016397361164, 39.75074411680506], [-120.62065657378237, 39.75118218433958]]}, "properties": {"OBJECTID": 8774567, "permanent_identifier": "158997321", "fdate": 1329728378000, "resolution": 2, "gnis_id": null, "gnis_name": null, "lengthkm": 0.14200000000000002, "reachcode": "18020123031184", "flowdir": 1, "wbarea_permanent_identifier": null, "ftype": 460, "fcode": 46007, "innetwork": 1, "mainpath": 0, "visibilityfilter": 24000, "Shape_Length": 184.85306370741026, "globalid": "{B3493AD6-4C97-11E1-BCF4-0021280458E6}"}}, {"type": "Feature", "id": 8774688, "geometry": {"type": "LineString", "coordinates": [[-120.63822897314013, 39.72334691381955], [-120.63814237262936, 39.72349471430478], [-120.63796730697116, 39.72373444704573], [-120.63793677250531, 39.723859914069436], [-120.63788777376628, 39.72397678075487]]}, "properties": {"OBJECTID": 8774688, "permanent_identifier": "158996843", "fdate": 1329727100000, "resolution": 2, "gnis_id": "00260351", "gnis_name": "Frazier Creek", "lengthkm": 0.077, "reachcode": "18020123000347", "flowdir": 1, "wbarea_permanent_identifier": null, "ftype": 460, "fcode": 46006, "innetwork": 1, "mainpath": 0, "visibilityfilter": 5000000, "Shape_Length": 99.50604586538105, "globalid": "{9FD71495-4C91-11E1-BCF4-0021280458E6}"}}, {"type": "Feature", "id": 8774834, "geometry": {"type": "LineString", "coordinates": [[-120.66083371156189, 39.737746713035556], [-120.66069104500617, 39.73769424649619], [-120.6606912458292, 39.73747351308393], [-120.66033644459687, 39.736430313403694], [-120.6600518450618, 39.736046245851234], [-120.65969617810528, 39.73571471305969]]}, "properties": {"OBJECTID": 8774834, "permanent_identifier": "158997369", "fdate": 1329728153000, "resolution": 2, "gnis_id": null, "gnis_name": null, "lengthkm": 0.256, "reachcode": "18020123030780", "flowdir": 1, "wbarea_permanent_identifier": null, "ftype": 460, "fcode": 46007, "innetwork": 1, "mainpath": 0, "visibilityfilter": 0, "Shape_Length": 331.85914757215653, "globalid": "{C9C05C29-4C8C-11E1-BCF4-0021280458E6}"}}, {"type": "Feature", "id": 9212747, "geometry": {"type": "LineString", "coordinates": [[-120.61063603510037, 39.72163444893568], [-120.61049523526235, 39.721744115586986], [-120.61021376877473, 39.7221257153742], [-120.61000223552665, 39.722400648836], [-120.6097197014513, 39.72262004995578], [-120.6093674349594, 39.7230046492947], [-120.60922683594444, 39.723276582868436], [-120.609014968685, 39.723497383350804], [-120.60873456874458, 39.7240997823932], [-120.60866603502303, 39.72475598269831], [-120.60859630156597, 39.72491671616775], [-120.60845670146352, 39.72540925009285], [-120.60838636865897, 39.725628583218885], [-120.60842476852018, 39.726291649792955]]}, "properties": {"OBJECTID": 9212747, "permanent_identifier": "158996682", "fdate": 1329727947000, "resolution": 2, "gnis_id": null, "gnis_name": null, "lengthkm": 0.5720000000000001, "reachcode": "18020123031208", "flowdir": 1, "wbarea_permanent_identifier": null, "ftype": 460, "fcode": 46007, "innetwork": 1, "mainpath": 0, "visibilityfilter": 100000, "Shape_Length": 741.0344040879247, "globalid": "{90FF12EE-4C85-11E1-BCF4-0021280458E6}"}}, {"type": "Feature", "id": 9222056, "geometry": {"type": "LineString", "coordinates": [[-120.65798251250152, 39.74059904721484], [-120.65805317827692, 39.74070857968611], [-120.65812424569837, 39.74087224677827], [-120.65826691121353, 39.741311913287376], [-120.65833744588167, 39.74153418020733], [-120.65847991161434, 39.74180731365563], [-120.65862164585172, 39.74246778033271], [-120.65869271223265, 39.742631447247184], [-120.65890651176343, 39.74279784687901]]}, "properties": {"OBJECTID": 9222056, "permanent_identifier": "158997631", "fdate": 1329728427000, "resolution": 2, "gnis_id": null, "gnis_name": null, "lengthkm": 0.263, "reachcode": "18020123031571", "flowdir": 1, "wbarea_permanent_identifier": null, "ftype": 460, "fcode": 46007, "innetwork": 1, "mainpath": 0, "visibilityfilter": 0, "Shape_Length": 339.7625906753561, "globalid": "{C546F026-4C99-11E1-BCF4-0021280458E6}"}}, {"type": "Feature", "id": 9222176, "geometry": {"type": "LineString", "coordinates": [[-120.66660111391336, 39.739344712941914], [-120.66574597926272, 39.740003112502215], [-120.66553184572055, 39.74016551307941], [-120.66540271338863, 39.740106979465196]]}, "properties": {"OBJECTID": 9222176, "permanent_identifier": "158946689", "fdate": 1329728387000, "resolution": 2, "gnis_id": null, "gnis_name": null, "lengthkm": 0.14200000000000002, "reachcode": "18020123031341", "flowdir": 1, "wbarea_permanent_identifier": null, "ftype": 460, "fcode": 46003, "innetwork": 1, "mainpath": 0, "visibilityfilter": 100000, "Shape_Length": 184.8764793911822, "globalid": "{6411163E-4C9B-11E1-BCF4-0021280458E6}"}}, {"type": "Feature", "id": 9437447, "geometry": {"type": "LineString", "coordinates": [[-120.61255257254844, 39.74978165091714], [-120.61245417238378, 39.74978411814332], [-120.61234697242436, 39.74978191732001], [-120.61227797254367, 39.74979405104761], [-120.61218677287329, 39.74981465125937], [-120.61209530578567, 39.74984431795352], [-120.61201010583345, 39.749905651321136], [-120.61175157167135, 39.749976851111576], [-120.61156130589464, 39.750184651613985], [-120.6114009721147, 39.75030745128904], [-120.61128670588988, 39.750363651433425], [-120.61114117266344, 39.750396851497186], [-120.61095837271712, 39.75046965158096], [-120.61088197255968, 39.75053111799178], [-120.61079837294851, 39.75060591873102], [-120.61075230643387, 39.750672518608546], [-120.61066090594043, 39.75090945125089], [-120.61056150582277, 39.751024518491825], [-120.6104551715875, 39.75118445151754], [-120.61034830563948, 39.75134445217109], [-120.61020337280102, 39.75146305143675], [-120.60999737311198, 39.751557918862446], [-120.60973790559102, 39.751638118398745], [-120.60952417265437, 39.75167871852337], [-120.60928777272834, 39.751700918143975], [-120.60910450558232, 39.751728718458814], [-120.60899790497038, 39.75179405167439], [-120.60892117184213, 39.75188251877183], [-120.60884477168469, 39.752002651477945], [-120.60873837189577, 39.75231571839447], [-120.60868497273913, 39.75253085242716], [-120.60870757209383, 39.75274305228298], [-120.60874557239002, 39.75286545141093], [-120.60879177209299, 39.7530915185182], [-120.60875370520262, 39.75326645174673], [-120.60864657183737, 39.75343091857524], [-120.60845610627817, 39.75360265188542], [-120.60825757241949, 39.75375171863706], [-120.60801317182866, 39.75387731901631], [-120.60787590564362, 39.753969052074325], [-120.60780730636849, 39.75405325179779], [-120.60776177260719, 39.75422791859817], [-120.60762410581661, 39.754414318692014], [-120.60743370581105, 39.75460405248339], [-120.6072577723476, 39.75487971875756], [-120.60719690632001, 39.75495505234013], [-120.60712070594506, 39.755007518536345], [-120.60703657254005, 39.75503285207853], [-120.60669330562543, 39.75508885238075], [-120.60647217241204, 39.755111318884495], [-120.6061977721898, 39.75513725234819], [-120.60588437275884, 39.75518931843276], [-120.6057475061388, 39.75522705266046], [-120.60557190564617, 39.75528191928331], [-120.60530517207734, 39.75531691925099], [-120.60521370498975, 39.75534665237071], [-120.60507637221055, 39.75541585227944], [-120.60498437132908, 39.75548151877369], [-120.6049235053015, 39.755489252615334], [-120.60469490625772, 39.75558365293012], [-120.60448090590388, 39.755673852630366], [-120.60429757216372, 39.75576465216678], [-120.60413777113709, 39.75593251916241], [-120.60400817160547, 39.75605145290112], [-120.60382477127108, 39.756146718774524], [-120.6036567052841, 39.75623785285971], [-120.60351190563398, 39.75633391920758], [-120.60341317145799, 39.75644451937136], [-120.60335190586541, 39.75648831878535], [-120.60329077138009, 39.756523052563196], [-120.60308457190852, 39.75658185300707], [-120.60281790493383, 39.75669805227005], [-120.60267290550122, 39.75683911945733], [-120.60252777183976, 39.75698471952986], [-120.60248210593066, 39.757060452371945], [-120.60246677262384, 39.75714565301961], [-120.60247477224807, 39.757231452703444], [-120.60244397244611, 39.757383919261834], [-120.6023675056945, 39.75744545229566], [-120.60224557177577, 39.75751045292234], [-120.60211590564998, 39.757548319464654], [-120.60198630611836, 39.75758165285161], [-120.60188717237735, 39.75762011929296], [-120.60181850442696, 39.757663852366136], [-120.60175730542855, 39.75772551953578], [-120.60171137210226, 39.75778771939397], [-120.60163517172728, 39.75781765302573], [-120.60156670564047, 39.75783871958816], [-120.60146717233447, 39.757845719643214], [-120.60137537227604, 39.757839319524315], [-120.60124577274442, 39.757814119800365], [-120.60118517205295, 39.75779485224018], [-120.60110150584764, 39.757788652895364], [-120.60086490509858, 39.757815319673156], [-120.60072710511967, 39.75779445308238], [-120.60056697216275, 39.757759652752846], [-120.6004523719266, 39.75772125278252], [-120.60032317195999, 39.75765991997431], [-120.60023157168405, 39.75763105256381], [-120.60007097152743, 39.75761425269807], [-120.59983477138388, 39.75756432022834], [-120.59949097171594, 39.757530119721366], [-120.59923177161217, 39.7574707201477], [-120.5990715054669, 39.75738185306793], [-120.59896457188414, 39.75733005341456], [-120.5988811044208, 39.757278852863344], [-120.59883470493534, 39.75720571920888], [-120.59875097109533, 39.757055452847055], [-120.59870530414568, 39.75700492002876], [-120.59864457130644, 39.7569676523315], [-120.5984919052204, 39.756910452868304], [-120.59841530423995, 39.75686825277522]]}, "properties": {"OBJECTID": 9437447, "permanent_identifier": "62408521", "fdate": 1329727100000, "resolution": 2, "gnis_id": "00260351", "gnis_name": "Frazier Creek", "lengthkm": 1.73, "reachcode": "18020123000347", "flowdir": 1, "wbarea_permanent_identifier": null, "ftype": 460, "fcode": 46003, "innetwork": 1, "mainpath": 0, "visibilityfilter": 5000000, "Shape_Length": 2254.123743432269, "globalid": "{E3E177AC-4C78-11E1-BCF4-0021280458E6}"}}, {"type": "Feature", "id": 9445541, "geometry": {"type": "LineString", "coordinates": [[-120.61969830661911, 39.74280665026411], [-120.61964830584598, 39.742837450501845], [-120.6195111728493, 39.74290224968934], [-120.61934337323896, 39.74301144966398], [-120.61919810638918, 39.743098516687596], [-120.61903770601504, 39.743203317484685], [-120.61893137282034, 39.74328225061282], [-120.61883210589099, 39.74337025019097], [-120.61873310637884, 39.7434718502478], [-120.61866430628066, 39.743565050108394], [-120.61855730610372, 39.74370691706716], [-120.61845810576854, 39.7438760503655], [-120.61834390509738, 39.74405845009273], [-120.61824497217941, 39.74421851690069], [-120.6181149730828, 39.744351050480134], [-120.6180237057777, 39.7444167171212], [-120.61800597299982, 39.744432850546694]]}, "properties": {"OBJECTID": 9445541, "permanent_identifier": "158996732", "fdate": 1329727100000, "resolution": 2, "gnis_id": "00260351", "gnis_name": "Frazier Creek", "lengthkm": 0.23600000000000002, "reachcode": "18020123000347", "flowdir": 1, "wbarea_permanent_identifier": null, "ftype": 460, "fcode": 46006, "innetwork": 1, "mainpath": 0, "visibilityfilter": 5000000, "Shape_Length": 307.2434644814546, "globalid": "{6651F90C-4C8B-11E1-BCF4-0021280458E6}"}}, {"type": "Feature", "id": 9445547, "geometry": {"type": "LineString", "coordinates": [[-120.60913450209215, 39.726328849253974], [-120.6090807689241, 39.72631871609816], [-120.60898176837145, 39.726294116259574], [-120.60883676893881, 39.726268649707386], [-120.60867696895274, 39.72625185019675], [-120.60858550186515, 39.72626344947819], [-120.60842476852018, 39.726291649792955]]}, "properties": {"OBJECTID": 9445547, "permanent_identifier": "158996745", "fdate": 1329727261000, "resolution": 2, "gnis_id": null, "gnis_name": null, "lengthkm": 0.062, "reachcode": "18020123000650", "flowdir": 1, "wbarea_permanent_identifier": null, "ftype": 460, "fcode": 46006, "innetwork": 1, "mainpath": 0, "visibilityfilter": 500000, "Shape_Length": 80.92332269233273, "globalid": "{2214962B-4C87-11E1-BCF4-0021280458E6}"}}, {"type": "Feature", "id": 9445604, "geometry": {"type": "LineString", "coordinates": [[-120.63489217358025, 39.73364004835937], [-120.63425217346534, 39.7342711151678], [-120.63364897391114, 39.7349976489583]]}, "properties": {"OBJECTID": 9445604, "permanent_identifier": "158997372", "fdate": 1329728324000, "resolution": 2, "gnis_id": null, "gnis_name": null, "lengthkm": 0.185, "reachcode": "18020123030768", "flowdir": 1, "wbarea_permanent_identifier": null, "ftype": 460, "fcode": 46007, "innetwork": 1, "mainpath": 0, "visibilityfilter": 0, "Shape_Length": 240.62562045842722, "globalid": "{2BDB98AF-4C9C-11E1-BCF4-0021280458E6}"}}, {"type": "Feature", "id": 9446483, "geometry": {"type": "LineString", "coordinates": [[-120.6155221052804, 39.73728424981306], [-120.61538217220715, 39.73783091658282], [-120.61524423799938, 39.7385983839461], [-120.61510483871996, 39.739086449802144], [-120.61503457146902, 39.73930565060013], [-120.61489563834877, 39.73990644969194], [-120.6148253055442, 39.74012571669213], [-120.61475610484048, 39.740399050151375], [-120.61454497115741, 39.74111518353817]]}, "properties": {"OBJECTID": 9446483, "permanent_identifier": "158947305", "fdate": 1329728292000, "resolution": 2, "gnis_id": null, "gnis_name": null, "lengthkm": 0.437, "reachcode": "18020123030836", "flowdir": 1, "wbarea_permanent_identifier": null, "ftype": 460, "fcode": 46007, "innetwork": 1, "mainpath": 0, "visibilityfilter": 24000, "Shape_Length": 565.4861575158211, "globalid": "{3E31CAF4-4C96-11E1-BCF4-0021280458E6}"}}, {"type": "Feature", "id": 9446547, "geometry": {"type": "LineString", "coordinates": [[-120.61477263476122, 39.711791647832285], [-120.61385590050664, 39.71266918141448], [-120.6136450352813, 39.713052248184326], [-120.61343523452209, 39.71359744781886], [-120.61336710140608, 39.71430778125144], [-120.61351203528507, 39.715072047915626], [-120.61365496821743, 39.71534524859973], [-120.61372656735169, 39.71550891508213], [-120.61379856813203, 39.71572658204155], [-120.61386950132461, 39.71589018198615], [-120.61401443416307, 39.716487781879614], [-120.61394416795265, 39.71670704893604], [-120.61387403493059, 39.71681818173563], [-120.61366523516493, 39.717692248152474], [-120.61352463510946, 39.71796411543362], [-120.6134547018699, 39.718129382056276], [-120.61317456830612, 39.71889384808647], [-120.61240296875353, 39.72069778221481], [-120.6121915686938, 39.7208646493779], [-120.61162703537747, 39.72135751557462], [-120.61148583493394, 39.721413115865914], [-120.61099043468664, 39.721632716209825], [-120.61063603510037, 39.72163444893568]]}, "properties": {"OBJECTID": 9446547, "permanent_identifier": "158947071", "fdate": 1329728306000, "resolution": 2, "gnis_id": null, "gnis_name": null, "lengthkm": 1.25, "reachcode": "18020123030666", "flowdir": 1, "wbarea_permanent_identifier": null, "ftype": 460, "fcode": 46007, "innetwork": 1, "mainpath": 0, "visibilityfilter": 100000, "Shape_Length": 1619.2836063257948, "globalid": "{B459E414-4C96-11E1-BCF4-0021280458E6}"}}, {"type": "Feature", "id": 9661003, "geometry": {"type": "LineString", "coordinates": [[-120.6479615742545, 39.71874351257661], [-120.64781864028159, 39.71874517894447], [-120.64717810637279, 39.71869157902642], [-120.64667964071279, 39.718469778698854], [-120.64653724053372, 39.718412845815216], [-120.64589697404216, 39.71803051314729], [-120.64475843959198, 39.71720557956797]]}, "properties": {"OBJECTID": 9661003, "permanent_identifier": "158997523", "fdate": 1329727857000, "resolution": 2, "gnis_id": null, "gnis_name": null, "lengthkm": 0.333, "reachcode": "18020123031312", "flowdir": 1, "wbarea_permanent_identifier": null, "ftype": 460, "fcode": 46007, "innetwork": 1, "mainpath": 0, "visibilityfilter": 24000, "Shape_Length": 433.95371572247984, "globalid": "{05735108-4C81-11E1-BCF4-0021280458E6}"}}, {"type": "Feature", "id": 9661724, "geometry": {"type": "LineString", "coordinates": [[-120.64112510557378, 39.71528971305202], [-120.64117097334645, 39.71537624680311], [-120.64120177210788, 39.71547591271997], [-120.64122417272061, 39.715674646219625], [-120.64123257190985, 39.71583691361721], [-120.64120150573122, 39.71599844666565], [-120.64111790612007, 39.71614091303366], [-120.64101837281406, 39.71634604618981], [-120.64094217243913, 39.71648411286894], [-120.64088137196518, 39.71662251303572], [-120.6408587060163, 39.716775246339964], [-120.64085837304549, 39.716955447080124], [-120.64077490558212, 39.71726451281234], [-120.64082777198547, 39.7174232459753], [-120.64083517226221, 39.71763511293083], [-120.6408815727882, 39.717793713178196], [-120.64094210584496, 39.71792104708809], [-120.64099557367686, 39.71804371296483], [-120.64103617218612, 39.71814244659134]]}, "properties": {"OBJECTID": 9661724, "permanent_identifier": "158997751", "fdate": 1329727100000, "resolution": 2, "gnis_id": "00260351", "gnis_name": "Frazier Creek", "lengthkm": 0.33, "reachcode": "18020123000347", "flowdir": 1, "wbarea_permanent_identifier": null, "ftype": 460, "fcode": 46006, "innetwork": 1, "mainpath": 0, "visibilityfilter": 5000000, "Shape_Length": 426.75729282532615, "globalid": "{AD74AF3F-4C73-11E1-BCF4-0021280458E6}"}}, {"type": "Feature", "id": 9670493, "geometry": {"type": "LineString", "coordinates": [[-120.65109697432548, 39.716113378501916], [-120.65038424089441, 39.71627904575602], [-120.64853324043037, 39.716164978626445], [-120.64789237355076, 39.71605744577392], [-120.64725184068253, 39.71583731301807], [-120.64668230656052, 39.7155599121529], [-120.64653997297562, 39.71539484587853]]}, "properties": {"OBJECTID": 9670493, "permanent_identifier": "158997462", "fdate": 1329728413000, "resolution": 2, "gnis_id": null, "gnis_name": null, "lengthkm": 0.41600000000000004, "reachcode": "18020123031346", "flowdir": 1, "wbarea_permanent_identifier": null, "ftype": 460, "fcode": 46007, "innetwork": 1, "mainpath": 0, "visibilityfilter": 24000, "Shape_Length": 544.4181473867925, "globalid": "{EE28208A-4C99-11E1-BCF4-0021280458E6}"}}, {"type": "Feature", "id": 9670518, "geometry": {"type": "LineString", "coordinates": [[-120.63114770534416, 39.72668991498467], [-120.6312181057834, 39.72729491422112], [-120.63086150546805, 39.728445314518034], [-120.63064623878451, 39.729323714945124], [-120.63064597344835, 39.729927381878845], [-120.6307880385755, 39.73031311520337], [-120.63100104001684, 39.73058771513285], [-120.63121497377652, 39.73074971537436], [-120.63127237274533, 39.730903248826976]]}, "properties": {"OBJECTID": 9670518, "permanent_identifier": "158947523", "fdate": 1329728179000, "resolution": 2, "gnis_id": null, "gnis_name": null, "lengthkm": 0.49200000000000005, "reachcode": "18020123030721", "flowdir": 1, "wbarea_permanent_identifier": null, "ftype": 460, "fcode": 46007, "innetwork": 1, "mainpath": 0, "visibilityfilter": 100000, "Shape_Length": 636.7144306885248, "globalid": "{7DEF78BC-4C91-11E1-BCF4-0021280458E6}"}}, {"type": "Feature", "id": 9885813, "geometry": {"type": "LineString", "coordinates": [[-120.66334304218513, 39.71661717761304], [-120.66334290899681, 39.716837844141764], [-120.66320017584692, 39.717438644563785], [-120.663128310336, 39.71798671169738]]}, "properties": {"OBJECTID": 9885813, "permanent_identifier": "158997659", "fdate": 1329727906000, "resolution": 2, "gnis_id": null, "gnis_name": null, "lengthkm": 0.155, "reachcode": "18020123031432", "flowdir": 1, "wbarea_permanent_identifier": null, "ftype": 460, "fcode": 46007, "innetwork": 1, "mainpath": 0, "visibilityfilter": 0, "Shape_Length": 200.0411109325647, "globalid": "{A42F8378-4C84-11E1-BCF4-0021280458E6}"}}, {"type": "Feature", "id": 9886422, "geometry": {"type": "LineString", "coordinates": [[-120.62130450796788, 39.74990271769524], [-120.62132204096326, 39.75016258430543], [-120.6208023067913, 39.7508021837854], [-120.62080150766133, 39.75091031764585], [-120.62065657378237, 39.75118218433958]]}, "properties": {"OBJECTID": 9886422, "permanent_identifier": "158996692", "fdate": 1329727362000, "resolution": 2, "gnis_id": null, "gnis_name": null, "lengthkm": 0.158, "reachcode": "18020123030711", "flowdir": 1, "wbarea_permanent_identifier": null, "ftype": 460, "fcode": 46007, "innetwork": 1, "mainpath": 0, "visibilityfilter": 100000, "Shape_Length": 205.06995733962162, "globalid": "{D5C13349-4C74-11E1-BCF4-0021280458E6}"}}, {"type": "Feature", "id": 9894555, "geometry": {"type": "LineString", "coordinates": [[-120.66491124323768, 39.715410044817986], [-120.66498177582474, 39.71584831054797], [-120.66526630980619, 39.71623244500264], [-120.66547937680113, 39.71639891156634], [-120.66559077635517, 39.71648291147598]]}, "properties": {"OBJECTID": 9894555, "permanent_identifier": "158946323", "fdate": 1329728299000, "resolution": 2, "gnis_id": null, "gnis_name": null, "lengthkm": 0.138, "reachcode": "18020123031281", "flowdir": 1, "wbarea_permanent_identifier": null, "ftype": 460, "fcode": 46003, "innetwork": 1, "mainpath": 0, "visibilityfilter": 24000, "Shape_Length": 179.0622987716126, "globalid": "{60B3C1E6-4C97-11E1-BCF4-0021280458E6}"}}, {"type": "Feature", "id": 10335242, "geometry": {"type": "LineString", "coordinates": [[-120.65373037404291, 39.71721157846565], [-120.654798574648, 39.71710257853314], [-120.65529717453691, 39.717103578217575], [-120.65615157457063, 39.717215445133114], [-120.65664950851787, 39.717324644983535], [-120.65693417568764, 39.71737991156431]]}, "properties": {"OBJECTID": 10335242, "permanent_identifier": "158996637", "fdate": 1329727214000, "resolution": 2, "gnis_id": null, "gnis_name": null, "lengthkm": 0.277, "reachcode": "18020123030660", "flowdir": 1, "wbarea_permanent_identifier": null, "ftype": 460, "fcode": 46007, "innetwork": 1, "mainpath": 0, "visibilityfilter": 0, "Shape_Length": 362.25806266142695, "globalid": "{8D228E42-4C72-11E1-BCF4-0021280458E6}"}}, {"type": "Feature", "id": 10335400, "geometry": {"type": "LineString", "coordinates": [[-120.6604203761383, 39.720513245361595], [-120.66077657584816, 39.720678112105325], [-120.66113217621051, 39.720896978473434], [-120.6614881771784, 39.721282511814294], [-120.66170191011501, 39.72166517860125], [-120.6617725758904, 39.721774778776016], [-120.66191511029834, 39.72193977856016], [-120.6620571109124, 39.722050711649]]}, "properties": {"OBJECTID": 10335400, "permanent_identifier": "158996632", "fdate": 1329727651000, "resolution": 2, "gnis_id": null, "gnis_name": null, "lengthkm": 0.227, "reachcode": "18020123030870", "flowdir": 1, "wbarea_permanent_identifier": null, "ftype": 460, "fcode": 46007, "innetwork": 1, "mainpath": 0, "visibilityfilter": 24000, "Shape_Length": 294.6001663651579, "globalid": "{A57A92DC-4C7B-11E1-BCF4-0021280458E6}"}}, {"type": "Feature", "id": 10344695, "geometry": {"type": "LineString", "coordinates": [[-120.63378743879115, 39.72235631474293], [-120.6346420386074, 39.722355780924914], [-120.63535357334345, 39.72246484698524], [-120.63570997179528, 39.72268384693888], [-120.63592303879024, 39.72285031393755], [-120.63634937256269, 39.72345358057111], [-120.63649217334728, 39.72356458085191], [-120.63684783926324, 39.72378358051418], [-120.63713243879829, 39.7238388475212], [-120.63763097313357, 39.72395264746083], [-120.63788777376628, 39.72397678075487]]}, "properties": {"OBJECTID": 10344695, "permanent_identifier": "158947515", "fdate": 1329728292000, "resolution": 2, "gnis_id": null, "gnis_name": null, "lengthkm": 0.42300000000000004, "reachcode": "18020123031126", "flowdir": 1, "wbarea_permanent_identifier": null, "ftype": 460, "fcode": 46007, "innetwork": 1, "mainpath": 0, "visibilityfilter": 24000, "Shape_Length": 552.5478149030519, "globalid": "{3E321F96-4C96-11E1-BCF4-0021280458E6}"}}, {"type": "Feature", "id": 10344717, "geometry": {"type": "LineString", "coordinates": [[-120.65435777641451, 39.73176017930693], [-120.65442864301295, 39.73203637950283], [-120.65442871064765, 39.732527379780215], [-120.65414284374235, 39.73362517991769], [-120.65400004295776, 39.73390164710717], [-120.65392877783488, 39.73406677951028], [-120.65378584386197, 39.73417658002437], [-120.65371490962885, 39.73439584684991], [-120.6535012443269, 39.73450404646812]]}, "properties": {"OBJECTID": 10344717, "permanent_identifier": "158996621", "fdate": 1329728406000, "resolution": 2, "gnis_id": null, "gnis_name": null, "lengthkm": 0.329, "reachcode": "18020123030851", "flowdir": 1, "wbarea_permanent_identifier": null, "ftype": 460, "fcode": 46007, "innetwork": 1, "mainpath": 0, "visibilityfilter": 0, "Shape_Length": 425.8123797057764, "globalid": "{6FDF8AE4-4C9B-11E1-BCF4-0021280458E6}"}}, {"type": "Feature", "id": 10559680, "geometry": {"type": "LineString", "coordinates": [[-120.63567143978626, 39.72788944791644], [-120.63566310615066, 39.72789911428835], [-120.6354037738991, 39.72823171380268], [-120.63525857364344, 39.72846751442179], [-120.63515150687236, 39.728550914645254], [-120.63507517330908, 39.7286484480524], [-120.63497597297392, 39.72871391438763], [-120.63496037329043, 39.72872384792845]]}, "properties": {"OBJECTID": 10559680, "permanent_identifier": "158996802", "fdate": 1329727100000, "resolution": 2, "gnis_id": "00260351", "gnis_name": "Frazier Creek", "lengthkm": 0.112, "reachcode": "18020123000347", "flowdir": 1, "wbarea_permanent_identifier": null, "ftype": 460, "fcode": 46006, "innetwork": 1, "mainpath": 0, "visibilityfilter": 5000000, "Shape_Length": 145.8240259995785, "globalid": "{95B57CAF-4C81-11E1-BCF4-0021280458E6}"}}, {"type": "Feature", "id": 10568180, "geometry": {"type": "LineString", "coordinates": [[-120.65144917422319, 39.719570845646125], [-120.65187630816617, 39.719683045510536], [-120.65258857439754, 39.71979204536661], [-120.65301584152883, 39.71989991254752], [-120.65429690830585, 39.72006984539412], [-120.6546535752154, 39.719959912763514], [-120.65472444181383, 39.719848779423764]]}, "properties": {"OBJECTID": 10568180, "permanent_identifier": "158996635", "fdate": 1329728025000, "resolution": 2, "gnis_id": null, "gnis_name": null, "lengthkm": 0.29500000000000004, "reachcode": "18020123031086", "flowdir": 1, "wbarea_permanent_identifier": null, "ftype": 460, "fcode": 46007, "innetwork": 1, "mainpath": 0, "visibilityfilter": 24000, "Shape_Length": 386.54753519479067, "globalid": "{80405467-4C89-11E1-BCF4-0021280458E6}"}}, {"type": "Feature", "id": 10568207, "geometry": {"type": "LineString", "coordinates": [[-120.64055157372071, 39.72312918047402], [-120.6403375067727, 39.72318338038227], [-120.63862870670522, 39.72334678096719], [-120.63822897314013, 39.72334691381955]]}, "properties": {"OBJECTID": 10568207, "permanent_identifier": "158996631", "fdate": 1329728324000, "resolution": 2, "gnis_id": null, "gnis_name": null, "lengthkm": 0.199, "reachcode": "18020123031150", "flowdir": 1, "wbarea_permanent_identifier": null, "ftype": 460, "fcode": 46003, "innetwork": 1, "mainpath": 0, "visibilityfilter": 100000, "Shape_Length": 261.2731251798815, "globalid": "{2BDB3FBF-4C9C-11E1-BCF4-0021280458E6}"}}, {"type": "Feature", "id": 10784388, "geometry": {"type": "LineString", "coordinates": [[-120.64490117274187, 39.716654445524206], [-120.6446877061819, 39.71682131286574], [-120.6446161060071, 39.717040512429556]]}, "properties": {"OBJECTID": 10784388, "permanent_identifier": "158997666", "fdate": 1329727130000, "resolution": 2, "gnis_id": null, "gnis_name": null, "lengthkm": 0.051000000000000004, "reachcode": "18020123031279", "flowdir": 1, "wbarea_permanent_identifier": null, "ftype": 460, "fcode": 46003, "innetwork": 1, "mainpath": 0, "visibilityfilter": 250000, "Shape_Length": 66.58823165427637, "globalid": "{8B487E87-4C71-11E1-BCF4-0021280458E6}"}}, {"type": "Feature", "id": 10792942, "geometry": {"type": "LineString", "coordinates": [[-120.61197350297421, 39.72480598296235], [-120.61188110252773, 39.724835849293534], [-120.6117973031341, 39.72489711608723], [-120.61172076874779, 39.72498111605012], [-120.61169016872832, 39.72506164903076], [-120.61167516943284, 39.725200916309106], [-120.61163690171942, 39.72531724932745], [-120.6116143689589, 39.72537984977984]]}, "properties": {"OBJECTID": 10792942, "permanent_identifier": "158996728", "fdate": 1329727189000, "resolution": 2, "gnis_id": null, "gnis_name": null, "lengthkm": 0.076, "reachcode": "18020123003370", "flowdir": 1, "wbarea_permanent_identifier": null, "ftype": 460, "fcode": 46003, "innetwork": 1, "mainpath": 0, "visibilityfilter": 250000, "Shape_Length": 98.01305670562809, "globalid": "{0B86DF32-4C97-11E1-BCF4-0021280458E6}"}}, {"type": "Feature", "id": 11016944, "geometry": {"type": "LineString", "coordinates": [[-120.63910097276342, 39.721419247253706], [-120.63907317282055, 39.721432646507026], [-120.63896650665501, 39.72150251354282], [-120.63879870600411, 39.72159371345987], [-120.63865390635404, 39.72171231350858], [-120.63856217288975, 39.721814113561834], [-120.63850837312754, 39.721916646568886], [-120.63843230594095, 39.722054714101354], [-120.6383941734969, 39.72220704721635], [-120.63835617320068, 39.72231891385717], [-120.63831750696282, 39.72240371328555], [-120.63827190660734, 39.722501846828905], [-120.63828770607334, 39.72259231392806], [-120.638371306725, 39.72281471404327], [-120.63839437327943, 39.72292771375217], [-120.63838983967342, 39.72299964729853]]}, "properties": {"OBJECTID": 11016944, "permanent_identifier": "158997719", "fdate": 1329727100000, "resolution": 2, "gnis_id": "00260351", "gnis_name": "Frazier Creek", "lengthkm": 0.202, "reachcode": "18020123000347", "flowdir": 1, "wbarea_permanent_identifier": null, "ftype": 460, "fcode": 46006, "innetwork": 1, "mainpath": 0, "visibilityfilter": 5000000, "Shape_Length": 262.2695773412488, "globalid": "{D875B1EF-4C96-11E1-BCF4-0021280458E6}"}}, {"type": "Feature", "id": 11017031, "geometry": {"type": "LineString", "coordinates": [[-120.62065657378237, 39.75118218433958], [-120.62083090794529, 39.751284916864336]]}, "properties": {"OBJECTID": 11017031, "permanent_identifier": "158996686", "fdate": 1329728385000, "resolution": 2, "gnis_id": null, "gnis_name": null, "lengthkm": 0.019, "reachcode": "18020123030692", "flowdir": 1, "wbarea_permanent_identifier": null, "ftype": 460, "fcode": 46007, "innetwork": 1, "mainpath": 0, "visibilityfilter": 100000, "Shape_Length": 24.451625082451148, "globalid": "{16CCC8C0-4C98-11E1-BCF4-0021280458E6}"}}, {"type": "Feature", "id": 11241737, "geometry": {"type": "LineString", "coordinates": [[-120.63838983967342, 39.72299964729853], [-120.63838650580296, 39.723053713655425], [-120.63834830676478, 39.72314751335382], [-120.63824150637038, 39.723325514183266], [-120.63822897314013, 39.72334691381955]]}, "properties": {"OBJECTID": 11241737, "permanent_identifier": "158996729", "fdate": 1329727100000, "resolution": 2, "gnis_id": "00260351", "gnis_name": "Frazier Creek", "lengthkm": 0.042, "reachcode": "18020123000347", "flowdir": 1, "wbarea_permanent_identifier": null, "ftype": 460, "fcode": 46006, "innetwork": 1, "mainpath": 0, "visibilityfilter": 5000000, "Shape_Length": 53.83054267850853, "globalid": "{43D5E9F1-4C95-11E1-BCF4-0021280458E6}"}}, {"type": "Feature", "id": 11241899, "geometry": {"type": "LineString", "coordinates": [[-120.62023470494067, 39.72957024869244], [-120.61966777111274, 39.72951804881229], [-120.61938377092518, 39.72946264951561], [-120.61874590390468, 39.72935498215001], [-120.61824950474487, 39.72913758227406], [-120.61810757072499, 39.72908511558348], [-120.61697037023922, 39.728269049061176]]}, "properties": {"OBJECTID": 11241899, "permanent_identifier": "158997322", "fdate": 1329728259000, "resolution": 2, "gnis_id": null, "gnis_name": null, "lengthkm": 0.324, "reachcode": "18020123030767", "flowdir": 1, "wbarea_permanent_identifier": null, "ftype": 460, "fcode": 46007, "innetwork": 1, "mainpath": 0, "visibilityfilter": 24000, "Shape_Length": 423.13726847150457, "globalid": "{7B8AF150-4C94-11E1-BCF4-0021280458E6}"}}, {"type": "Feature", "id": 11465694, "geometry": {"type": "LineString", "coordinates": [[-120.60862536783857, 39.71525524823724], [-120.60841383459048, 39.71536358194806], [-120.60742443465445, 39.715915248968805], [-120.60728316657622, 39.71607891569953], [-120.60714243437293, 39.716350782136495], [-120.60700290086464, 39.71667678208934], [-120.60693343378426, 39.717062716005245], [-120.60693423395477, 39.71733298259638], [-120.60693470011394, 39.71744564872335], [-120.60679623419338, 39.71810038202903], [-120.6065847009453, 39.71837531633182], [-120.6063841005864, 39.71858638319353]]}, "properties": {"OBJECTID": 11465694, "permanent_identifier": "158996662", "fdate": 1329728089000, "resolution": 2, "gnis_id": null, "gnis_name": null, "lengthkm": 0.445, "reachcode": "18020123031235", "flowdir": 1, "wbarea_permanent_identifier": null, "ftype": 460, "fcode": 46007, "innetwork": 1, "mainpath": 0, "visibilityfilter": 250000, "Shape_Length": 576.6432801858102, "globalid": "{91D63AD5-4C8A-11E1-BCF4-0021280458E6}"}}, {"type": "Feature", "id": 11466502, "geometry": {"type": "LineString", "coordinates": [[-120.64366777490162, 39.73114258050368], [-120.64366590818386, 39.73115191352599], [-120.64357457532515, 39.73133024738993], [-120.64343730809956, 39.73148511431811], [-120.64331537522139, 39.73159524783482], [-120.64328157556032, 39.731668980833184]]}, "properties": {"OBJECTID": 11466502, "permanent_identifier": "158996758", "fdate": 1329727215000, "resolution": 2, "gnis_id": null, "gnis_name": null, "lengthkm": 0.068, "reachcode": "18020123004153", "flowdir": 1, "wbarea_permanent_identifier": null, "ftype": 460, "fcode": 46006, "innetwork": 1, "mainpath": 0, "visibilityfilter": 250000, "Shape_Length": 88.49433619106165, "globalid": "{C54610F9-4C99-11E1-BCF4-0021280458E6}"}}, {"type": "Feature", "id": 11681932, "geometry": {"type": "LineString", "coordinates": [[-120.65971050833747, 39.71848091107186], [-120.66013790969765, 39.71825984481047], [-120.6607788431714, 39.718151111459036], [-120.6610635758948, 39.71798564479403]]}, "properties": {"OBJECTID": 11681932, "permanent_identifier": "158997526", "fdate": 1329727881000, "resolution": 2, "gnis_id": null, "gnis_name": null, "lengthkm": 0.13, "reachcode": "18020123031313", "flowdir": 1, "wbarea_permanent_identifier": null, "ftype": 460, "fcode": 46007, "innetwork": 1, "mainpath": 0, "visibilityfilter": 0, "Shape_Length": 170.12278762321216, "globalid": "{6AD3CA91-4C83-11E1-BCF4-0021280458E6}"}}, {"type": "Feature", "id": 11682539, "geometry": {"type": "LineString", "coordinates": [[-120.60561716782813, 39.717679849449254], [-120.6055941002332, 39.71778291605349], [-120.60558676655063, 39.71790891575237], [-120.60558656780866, 39.7179990487164], [-120.60558696737367, 39.71807111546418], [-120.60563276647109, 39.718117115493634], [-120.60566336649056, 39.71814024955983], [-120.60570130019264, 39.718199649424655], [-120.60577736737923, 39.718237249436584], [-120.60583110054726, 39.718265316169806], [-120.60590690031668, 39.71828491573421], [-120.60601370071109, 39.71831864909425], [-120.6061435676599, 39.71835731593893], [-120.60623510030116, 39.71840884955452], [-120.60630410018184, 39.7184597156212], [-120.6063841005864, 39.71858638319353]]}, "properties": {"OBJECTID": 11682539, "permanent_identifier": "158996765", "fdate": 1329727324000, "resolution": 2, "gnis_id": "00263725", "gnis_name": "Mohawk Creek", "lengthkm": 0.137, "reachcode": "18020123000649", "flowdir": 1, "wbarea_permanent_identifier": null, "ftype": 460, "fcode": 46006, "innetwork": 1, "mainpath": 0, "visibilityfilter": 1000000, "Shape_Length": 177.79989380311554, "globalid": "{99988690-4C75-11E1-BCF4-0021280458E6}"}}, {"type": "Feature", "id": 11805299, "geometry": {"type": "LineString", "coordinates": [[-120.65753437746385, 39.732062446485834], [-120.65752991045203, 39.732067646277635], [-120.65743811039358, 39.73212884582885], [-120.6573161109212, 39.732198445958566], [-120.65719351002026, 39.732286113198256], [-120.65705677762912, 39.732427446429654], [-120.65683491083936, 39.732733846149614], [-120.65643811053923, 39.73329331300049], [-120.65629371045411, 39.733488646327196], [-120.65618657708883, 39.733590046499884], [-120.65607237745822, 39.7336688466037], [-120.65584317698588, 39.73380384666556], [-120.65573637763202, 39.73387824626304], [-120.65564511032693, 39.733948446371], [-120.65558377709962, 39.73403731327249], [-120.65554597762645, 39.73414011297071], [-120.65551491040726, 39.73430171357202], [-120.65549177725869, 39.734553446725386], [-120.65548451017028, 39.73490011333142], [-120.65545391119134, 39.73524184670132], [-120.65541611067762, 39.735497846151645], [-120.65535511042116, 39.735726313149605], [-120.65532417743087, 39.735928446622566], [-120.65526331140327, 39.736066846172506], [-120.65519451026454, 39.73618251352146], [-120.6551181777418, 39.73628011294723], [-120.65499637701139, 39.73641284663224], [-120.65494271147804, 39.73651084661328], [-120.65486637791479, 39.73665344663892], [-120.6547749108272, 39.73681384671023], [-120.65469911001725, 39.73692031339172], [-120.65456931070312, 39.73704831371938], [-120.65453104403022, 39.73707664644925]]}, "properties": {"OBJECTID": 11805299, "permanent_identifier": "158996839", "fdate": 1329727091000, "resolution": 2, "gnis_id": "00266769", "gnis_name": "Gray Eagle Creek", "lengthkm": 0.64, "reachcode": "18020123000640", "flowdir": 1, "wbarea_permanent_identifier": null, "ftype": 460, "fcode": 46006, "innetwork": 1, "mainpath": 0, "visibilityfilter": 2000000, "Shape_Length": 829.6687838447715, "globalid": "{6DD62473-4C77-11E1-BCF4-0021280458E6}"}}, {"type": "Feature", "id": 11906138, "geometry": {"type": "LineString", "coordinates": [[-120.63855317331247, 39.72735424778105], [-120.63748490715376, 39.727463113870996], [-120.63684404027416, 39.727738314147004], [-120.63670090651877, 39.72784804791606]]}, "properties": {"OBJECTID": 11906138, "permanent_identifier": "158996559", "fdate": 1329727727000, "resolution": 2, "gnis_id": null, "gnis_name": null, "lengthkm": 0.171, "reachcode": "18020123031156", "flowdir": 1, "wbarea_permanent_identifier": null, "ftype": 460, "fcode": 46007, "innetwork": 1, "mainpath": 0, "visibilityfilter": 0, "Shape_Length": 224.1640541137803, "globalid": "{9CBC93FD-4C82-11E1-BCF4-0021280458E6}"}}, {"type": "Feature", "id": 12029297, "geometry": {"type": "LineString", "coordinates": [[-120.65193464361543, 39.73870191376811], [-120.65188377711814, 39.73873271424018], [-120.65182210987949, 39.7387855136458], [-120.65176917688198, 39.7388610472587], [-120.65166251071643, 39.73893091343654], [-120.65151731150134, 39.73902264799339], [-120.65127337706969, 39.73916184706278], [-120.65110537663631, 39.73925304762504], [-120.65101371080675, 39.73930971446089], [-120.65096817704546, 39.73938531391002], [-120.65092231135384, 39.739510514013396], [-120.65087657676952, 39.73965384794927], [-120.65081511035392, 39.739792114398924], [-120.65070837759419, 39.73992511416218], [-120.65057851064537, 39.74005764799809], [-120.65044871029072, 39.740185648099924], [-120.65036531046208, 39.74021551416935], [-120.65022791108869, 39.740244248057145], [-120.65012857756518, 39.740269247778], [-120.64996817719107, 39.74035164797783], [-120.64995471060199, 39.740363780965865]]}, "properties": {"OBJECTID": 12029297, "permanent_identifier": "158996749", "fdate": 1329727091000, "resolution": 2, "gnis_id": "00266769", "gnis_name": "Gray Eagle Creek", "lengthkm": 0.262, "reachcode": "18020123000640", "flowdir": 1, "wbarea_permanent_identifier": null, "ftype": 460, "fcode": 46006, "innetwork": 1, "mainpath": 0, "visibilityfilter": 2000000, "Shape_Length": 341.2861107074153, "globalid": "{F50F5641-4C77-11E1-BCF4-0021280458E6}"}}, {"type": "Feature", "id": 12130448, "geometry": {"type": "LineString", "coordinates": [[-120.64923657471917, 39.72555304630936], [-120.64852457486447, 39.72560624635183], [-120.6475984414676, 39.72610091290847], [-120.64660110850149, 39.72637351370955], [-120.64645810793441, 39.72637517989299], [-120.64603110822028, 39.726645780517515], [-120.64560304091845, 39.72714158000287], [-120.64538890841683, 39.72769124657972], [-120.64524590784977, 39.72818391353473], [-120.64488970813989, 39.72862257984196], [-120.64467537481522, 39.729005580412206], [-120.64453310782453, 39.72911531376472], [-120.64431957467039, 39.729390313786396], [-120.64410504156324, 39.729611180316915], [-120.64403430815312, 39.729717846980684], [-120.64389137522073, 39.72988604712137]]}, "properties": {"OBJECTID": 12130448, "permanent_identifier": "158997425", "fdate": 1329727956000, "resolution": 2, "gnis_id": null, "gnis_name": null, "lengthkm": 0.7180000000000001, "reachcode": "18020123031192", "flowdir": 1, "wbarea_permanent_identifier": null, "ftype": 460, "fcode": 46007, "innetwork": 1, "mainpath": 0, "visibilityfilter": 100000, "Shape_Length": 933.0737915174832, "globalid": "{F06A5C44-4C86-11E1-BCF4-0021280458E6}"}}, {"type": "Feature", "id": 12139724, "geometry": {"type": "LineString", "coordinates": [[-120.6199049025341, 39.71908611519511], [-120.61983476951202, 39.71919724816314], [-120.61927016960152, 39.71979838178977], [-120.61842397001506, 39.72067738138906], [-120.61750723680099, 39.72155491557392], [-120.61743716933258, 39.721661581896086], [-120.61715516905106, 39.721993581638756], [-120.61666116936233, 39.72242944857412], [-120.61585623630783, 39.72306004897861]]}, "properties": {"OBJECTID": 12139724, "permanent_identifier": "158996633", "fdate": 1329728145000, "resolution": 2, "gnis_id": null, "gnis_name": null, "lengthkm": 0.5640000000000001, "reachcode": "18020123030662", "flowdir": 1, "wbarea_permanent_identifier": null, "ftype": 460, "fcode": 46007, "innetwork": 1, "mainpath": 0, "visibilityfilter": 24000, "Shape_Length": 732.7032029935734, "globalid": "{758C0A4F-4C8D-11E1-BCF4-0021280458E6}"}}, {"type": "Feature", "id": 12355084, "geometry": {"type": "LineString", "coordinates": [[-120.62320170605382, 39.74347765004022], [-120.62291764031261, 39.74342231636843], [-120.6227758405216, 39.74336985014949], [-120.62171243989916, 39.743262450132164], [-120.62142904009964, 39.743211583161035], [-120.62128730690279, 39.74315471711195], [-120.62093290627598, 39.74321498352124], [-120.62057817267832, 39.74315818388208], [-120.62029470628462, 39.74310731683392], [-120.62008223863714, 39.74305338381641], [-120.6198686399294, 39.74294538323996], [-120.61969830661911, 39.74280665026411]]}, "properties": {"OBJECTID": 12355084, "permanent_identifier": "158947525", "fdate": 1329727333000, "resolution": 2, "gnis_id": null, "gnis_name": null, "lengthkm": 0.316, "reachcode": "18020123030686", "flowdir": 1, "wbarea_permanent_identifier": null, "ftype": 460, "fcode": 46007, "innetwork": 1, "mainpath": 0, "visibilityfilter": 0, "Shape_Length": 413.85565547112463, "globalid": "{31C89B9D-4C74-11E1-BCF4-0021280458E6}"}}, {"type": "Feature", "id": 12355143, "geometry": {"type": "LineString", "coordinates": [[-120.63776250701763, 39.72417004687956], [-120.63769230636086, 39.72425131388674], [-120.637524706533, 39.72448211342561], [-120.63730757313176, 39.72483924735919]]}, "properties": {"OBJECTID": 12355143, "permanent_identifier": "158996842", "fdate": 1329727100000, "resolution": 2, "gnis_id": "00260351", "gnis_name": "Frazier Creek", "lengthkm": 0.084, "reachcode": "18020123000347", "flowdir": 1, "wbarea_permanent_identifier": null, "ftype": 460, "fcode": 46006, "innetwork": 1, "mainpath": 0, "visibilityfilter": 5000000, "Shape_Length": 109.4454516722285, "globalid": "{6FAF3A7F-4C75-11E1-BCF4-0021280458E6}"}}, {"type": "Feature", "id": 12355629, "geometry": {"type": "LineString", "coordinates": [[-120.63063030717072, 39.74353944912223], [-120.63048784143803, 39.74403658244088], [-120.63048737423833, 39.74447345011723], [-120.63062824171101, 39.745408716146585], [-120.6307707074437, 39.74584858252691], [-120.63098277448564, 39.74672671557585], [-120.63115537511916, 39.74702631618748]]}, "properties": {"OBJECTID": 12355629, "permanent_identifier": "158947513", "fdate": 1329727564000, "resolution": 2, "gnis_id": null, "gnis_name": null, "lengthkm": 0.399, "reachcode": "18020123030807", "flowdir": 1, "wbarea_permanent_identifier": null, "ftype": 460, "fcode": 46007, "innetwork": 1, "mainpath": 0, "visibilityfilter": 24000, "Shape_Length": 515.6385563039879, "globalid": "{9663C9F3-4C78-11E1-BCF4-0021280458E6}"}}, {"type": "Feature", "id": 12364318, "geometry": {"type": "LineString", "coordinates": [[-120.66154264600385, 39.74398491356514], [-120.66144338011505, 39.744087913646354], [-120.66123777999098, 39.744281913862814], [-120.66109237891231, 39.744436646881596], [-120.66099357918267, 39.74451124701974], [-120.66089371290583, 39.744572313911725], [-120.66078711229395, 39.74461971398207], [-120.66068838019898, 39.744649246901616], [-120.66059671332889, 39.74468791418132], [-120.66051251332968, 39.744762846875226], [-120.66041317876568, 39.744891447086985], [-120.66025351300844, 39.74510891408578], [-120.65983331318304, 39.74566804686924], [-120.65974957934301, 39.74583744737226], [-120.65974617887841, 39.7458436477927]]}, "properties": {"OBJECTID": 12364318, "permanent_identifier": "158997798", "fdate": 1329727101000, "resolution": 2, "gnis_id": "00266321", "gnis_name": "Smith Creek", "lengthkm": 0.263, "reachcode": "18020123000158", "flowdir": 1, "wbarea_permanent_identifier": null, "ftype": 460, "fcode": 46006, "innetwork": 1, "mainpath": 0, "visibilityfilter": 2000000, "Shape_Length": 342.03894900030735, "globalid": "{46685320-4C8D-11E1-BCF4-0021280458E6}"}}, {"type": "Feature", "id": 12364335, "geometry": {"type": "LineString", "coordinates": [[-120.6314435707392, 39.71680864667526], [-120.63272450536844, 39.717686114032176], [-120.63329417163825, 39.717850846667716], [-120.63364997178309, 39.71802031314105], [-120.6338635715314, 39.71802011384714]]}, "properties": {"OBJECTID": 12364335, "permanent_identifier": "158997663", "fdate": 1329728198000, "resolution": 2, "gnis_id": null, "gnis_name": null, "lengthkm": 0.252, "reachcode": "18020123031409", "flowdir": 1, "wbarea_permanent_identifier": null, "ftype": 460, "fcode": 46003, "innetwork": 1, "mainpath": 0, "visibilityfilter": 100000, "Shape_Length": 329.0528225552831, "globalid": "{9960EE5D-4C91-11E1-BCF4-0021280458E6}"}}, {"type": "Feature", "id": 12478616, "geometry": {"type": "LineString", "coordinates": [[-120.64995471060199, 39.740363780965865], [-120.64988470972773, 39.74042651417681], [-120.64980851039331, 39.74052411399356], [-120.64976231069035, 39.74061771469799], [-120.649745777648, 39.740675114116534]]}, "properties": {"OBJECTID": 12478616, "permanent_identifier": "158996739", "fdate": 1329727091000, "resolution": 2, "gnis_id": "00266769", "gnis_name": "Gray Eagle Creek", "lengthkm": 0.04, "reachcode": "18020123000640", "flowdir": 1, "wbarea_permanent_identifier": null, "ftype": 460, "fcode": 46006, "innetwork": 1, "mainpath": 0, "visibilityfilter": 2000000, "Shape_Length": 51.45134262893473, "globalid": "{741C0673-4C7D-11E1-BCF4-0021280458E6}"}}, {"type": "Feature", "id": 12580406, "geometry": {"type": "LineString", "coordinates": [[-120.64894750817227, 39.730110246650895], [-120.64901844240539, 39.730381980151044], [-120.64901697629323, 39.73175571409188], [-120.64887330978446, 39.73274384712875], [-120.64858810986138, 39.733238047170296], [-120.64837437588422, 39.73345444667095], [-120.6483027757094, 39.7335655804881]]}, "properties": {"OBJECTID": 12580406, "permanent_identifier": "158996558", "fdate": 1329727829000, "resolution": 2, "gnis_id": null, "gnis_name": null, "lengthkm": 0.401, "reachcode": "18020123030959", "flowdir": 1, "wbarea_permanent_identifier": null, "ftype": 460, "fcode": 46007, "innetwork": 1, "mainpath": 0, "visibilityfilter": 24000, "Shape_Length": 518.4434291778438, "globalid": "{C373AB13-4C81-11E1-BCF4-0021280458E6}"}}, {"type": "Feature", "id": 12580443, "geometry": {"type": "LineString", "coordinates": [[-120.63670090651877, 39.72784804791606], [-120.6359174396776, 39.727899648063456], [-120.63567143978626, 39.72788944791644]]}, "properties": {"OBJECTID": 12580443, "permanent_identifier": "158997319", "fdate": 1329727432000, "resolution": 2, "gnis_id": null, "gnis_name": null, "lengthkm": 0.08800000000000001, "reachcode": "18020123030699", "flowdir": 1, "wbarea_permanent_identifier": null, "ftype": 460, "fcode": 46003, "innetwork": 1, "mainpath": 0, "visibilityfilter": 24000, "Shape_Length": 114.95869138353945, "globalid": "{2EF75A85-4C76-11E1-BCF4-0021280458E6}"}}, {"type": "Feature", "id": 12580486, "geometry": {"type": "LineString", "coordinates": [[-120.64090037419435, 39.73026678080875], [-120.6410421073912, 39.7307065805926], [-120.64125550839755, 39.730927181231785], [-120.64132617521345, 39.731036714670054], [-120.64146864094612, 39.73120171389711], [-120.6415399081501, 39.7314193809397], [-120.64161124194821, 39.73163711451341], [-120.64182290838461, 39.73306484754054], [-120.64189430773638, 39.73317438078305], [-120.64196510878116, 39.73334244765909], [-120.64240717542543, 39.73370291492158]]}, "properties": {"OBJECTID": 12580486, "permanent_identifier": "158996689", "fdate": 1329727727000, "resolution": 2, "gnis_id": null, "gnis_name": null, "lengthkm": 0.41700000000000004, "reachcode": "18020123030689", "flowdir": 1, "wbarea_permanent_identifier": null, "ftype": 460, "fcode": 46007, "innetwork": 1, "mainpath": 0, "visibilityfilter": 24000, "Shape_Length": 539.7842978082842, "globalid": "{9CBCB1F4-4C82-11E1-BCF4-0021280458E6}"}}, {"type": "Feature", "id": 12581237, "geometry": {"type": "LineString", "coordinates": [[-120.62301297610506, 39.758996251537006], [-120.62273897544782, 39.75920225145466], [-120.62257850952007, 39.75939265116915], [-120.62244850834237, 39.759628717927825], [-120.62226557520772, 39.75994031757923], [-120.62217430894314, 39.760069051037085], [-120.62209790878572, 39.760171118399015], [-120.62199817569721, 39.7602681183276], [-120.62172377547495, 39.760465250922245], [-120.62162517552781, 39.76055331813933], [-120.62154810942867, 39.76065085105109]]}, "properties": {"OBJECTID": 12581237, "permanent_identifier": "62400911", "fdate": 1329727719000, "resolution": 2, "gnis_id": null, "gnis_name": null, "lengthkm": 0.226, "reachcode": "18020123002398", "flowdir": 1, "wbarea_permanent_identifier": null, "ftype": 460, "fcode": 46006, "innetwork": 1, "mainpath": 0, "visibilityfilter": 2000000, "Shape_Length": 293.4900590484529, "globalid": "{3F00D737-4C7D-11E1-BCF4-0021280458E6}"}}, {"type": "Feature", "id": 12588811, "geometry": {"type": "LineString", "coordinates": [[-120.63670657326611, 39.7223031802208], [-120.63684950619847, 39.72230158036613], [-120.63734724036321, 39.72241531401468], [-120.63784590684627, 39.72263271347834], [-120.63820177358528, 39.72291024756095], [-120.63838983967342, 39.72299964729853]]}, "properties": {"OBJECTID": 12588811, "permanent_identifier": "158947929", "fdate": 1329728068000, "resolution": 2, "gnis_id": null, "gnis_name": null, "lengthkm": 0.167, "reachcode": "18020123030979", "flowdir": 1, "wbarea_permanent_identifier": null, "ftype": 460, "fcode": 46007, "innetwork": 1, "mainpath": 0, "visibilityfilter": 0, "Shape_Length": 218.54971460636426, "globalid": "{80072D78-4C8C-11E1-BCF4-0021280458E6}"}}, {"type": "Feature", "id": 12588823, "geometry": {"type": "LineString", "coordinates": [[-120.663128310336, 39.71798671169738], [-120.66327084266285, 39.71815177817198], [-120.66327071051505, 39.71826437813102], [-120.66334170926127, 39.71842797845908], [-120.66355517582124, 39.718648444704485], [-120.66369477696425, 39.71877451165384]]}, "properties": {"OBJECTID": 12588823, "permanent_identifier": "158946685", "fdate": 1329728117000, "resolution": 2, "gnis_id": null, "gnis_name": null, "lengthkm": 0.10300000000000001, "reachcode": "18020123031380", "flowdir": 1, "wbarea_permanent_identifier": null, "ftype": 460, "fcode": 46003, "innetwork": 1, "mainpath": 0, "visibilityfilter": 250000, "Shape_Length": 133.68364482886113, "globalid": "{E94E9369-4C8D-11E1-BCF4-0021280458E6}"}}, {"type": "Feature", "id": 12812957, "geometry": {"type": "LineString", "coordinates": [[-120.65180490881443, 39.72066811257723], [-120.65223137473465, 39.72078037868576], [-120.65265937544233, 39.72078004574221], [-120.65365590823792, 39.720890245180584], [-120.65422497516023, 39.721054911737895], [-120.6544389089199, 39.72110871230553], [-120.65472364164329, 39.72116411191189], [-120.65564904250434, 39.72122337871691], [-120.6559343090216, 39.72111191207018]]}, "properties": {"OBJECTID": 12812957, "permanent_identifier": "158996624", "fdate": 1329728057000, "resolution": 2, "gnis_id": null, "gnis_name": null, "lengthkm": 0.36200000000000004, "reachcode": "18020123031125", "flowdir": 1, "wbarea_permanent_identifier": null, "ftype": 460, "fcode": 46007, "innetwork": 1, "mainpath": 0, "visibilityfilter": 100000, "Shape_Length": 474.3195722918546, "globalid": "{148C3BEE-4C8F-11E1-BCF4-0021280458E6}"}}, {"type": "Feature", "id": 12813587, "geometry": {"type": "LineString", "coordinates": [[-120.6437047752448, 39.73095451379328], [-120.64366777490162, 39.73114258050368]]}, "properties": {"OBJECTID": 12813587, "permanent_identifier": "158996709", "fdate": 1329727215000, "resolution": 2, "gnis_id": null, "gnis_name": null, "lengthkm": 0.021, "reachcode": "18020123004153", "flowdir": 1, "wbarea_permanent_identifier": null, "ftype": 460, "fcode": 46003, "innetwork": 1, "mainpath": 0, "visibilityfilter": 250000, "Shape_Length": 27.53225486866309, "globalid": "{0E843F47-4C8A-11E1-BCF4-0021280458E6}"}}, {"type": "Feature", "id": 13028729, "geometry": {"type": "LineString", "coordinates": [[-120.6432981127648, 39.76039164951901], [-120.64336877854021, 39.760501183320265], [-120.64350977920122, 39.76066624958263], [-120.64365064563337, 39.7609437833068], [-120.64371917935489, 39.76132811682312], [-120.64364071269723, 39.76236704982891], [-120.64363777943231, 39.76276064975297]]}, "properties": {"OBJECTID": 13028729, "permanent_identifier": "158996573", "fdate": 1329727305000, "resolution": 2, "gnis_id": null, "gnis_name": null, "lengthkm": 0.273, "reachcode": "18020123031106", "flowdir": 1, "wbarea_permanent_identifier": null, "ftype": 460, "fcode": 46007, "innetwork": 1, "mainpath": 0, "visibilityfilter": 24000, "Shape_Length": 353.32367307460845, "globalid": "{D6AAF6AF-4C73-11E1-BCF4-0021280458E6}"}}, {"type": "Feature", "id": 13028771, "geometry": {"type": "LineString", "coordinates": [[-120.62084510602968, 39.73980431629613], [-120.62084637235938, 39.739812449559544], [-120.62089177293232, 39.73993505008806], [-120.62095277214824, 39.740071450090845], [-120.62099170580335, 39.74019385012863], [-120.6209913728325, 39.74030645009823], [-120.62100610575129, 39.740428316840664], [-120.62096870584311, 39.74052211690408], [-120.62095270555407, 39.74058491638044], [-120.62089210590318, 39.74071431650209], [-120.62077750670753, 39.74084251701253], [-120.62073210613457, 39.74089125023432], [-120.62061717188705, 39.74098791646394], [-120.62054117233515, 39.74105391675538], [-120.6204723732775, 39.741147116685816], [-120.6204039061501, 39.74120871623067], [-120.62034297248783, 39.74126151693979], [-120.62031217268584, 39.74137351668549], [-120.6203045726266, 39.74144545018864], [-120.62027417238961, 39.74152144974737], [-120.62024317280516, 39.74155231696816], [-120.62018250656006, 39.74162311733853], [-120.62009830656088, 39.74171605006516], [-120.62000677287911, 39.741831250275546], [-120.62000717244413, 39.74188531706625], [-120.61999150616644, 39.74200211639123], [-120.62000670628497, 39.7420474499755], [-120.62002270553343, 39.74215591681567], [-120.62003730630444, 39.742259850142254], [-120.62000690606743, 39.742335716787146], [-120.62000710584994, 39.742416850367576], [-120.619961506535, 39.74249245040862], [-120.61994617322819, 39.74255525048971], [-120.61990817293197, 39.74262205017168], [-120.61982390633861, 39.74269685069693], [-120.61974750618117, 39.74277631646497], [-120.61969830661911, 39.74280665026411]]}, "properties": {"OBJECTID": 13028771, "permanent_identifier": "158996774", "fdate": 1329727100000, "resolution": 2, "gnis_id": "00260351", "gnis_name": "Frazier Creek", "lengthkm": 0.372, "reachcode": "18020123000347", "flowdir": 1, "wbarea_permanent_identifier": null, "ftype": 460, "fcode": 46006, "innetwork": 1, "mainpath": 0, "visibilityfilter": 5000000, "Shape_Length": 482.2484269746196, "globalid": "{E6F43507-4C7C-11E1-BCF4-0021280458E6}"}}, {"type": "Feature", "id": 13037290, "geometry": {"type": "LineString", "coordinates": [[-120.65961964580005, 39.74142484667438], [-120.65954784584275, 39.74186484650012], [-120.65947657967934, 39.74224631411969], [-120.65890651176343, 39.74279784687901]]}, "properties": {"OBJECTID": 13037290, "permanent_identifier": "158997576", "fdate": 1329728058000, "resolution": 2, "gnis_id": null, "gnis_name": null, "lengthkm": 0.171, "reachcode": "18020123031520", "flowdir": 1, "wbarea_permanent_identifier": null, "ftype": 460, "fcode": 46003, "innetwork": 1, "mainpath": 0, "visibilityfilter": 100000, "Shape_Length": 221.98484834938083, "globalid": "{148CE63E-4C8F-11E1-BCF4-0021280458E6}"}}, {"type": "Feature", "id": 13086655, "geometry": {"type": "LineString", "coordinates": [[-120.65990780812301, 39.71765009847514], [-120.65992004272003, 39.71767437804351], [-120.6602807094417, 39.71776717818067], [-120.66070750937331, 39.71782091168011], [-120.66092144209244, 39.717879244915004], [-120.6610635758948, 39.71798564479403]]}, "properties": {"OBJECTID": 13086655, "permanent_identifier": "168032279", "fdate": 1329727312000, "resolution": 2, "gnis_id": null, "gnis_name": null, "lengthkm": 0.108, "reachcode": "18020123031353", "flowdir": 1, "wbarea_permanent_identifier": null, "ftype": 460, "fcode": 46003, "innetwork": 1, "mainpath": 0, "visibilityfilter": 100000, "Shape_Length": 141.59294684122767, "globalid": "{CBFD9D51-4C77-11E1-BCF4-0021280458E6}"}}, {"type": "Feature", "id": 13253339, "geometry": {"type": "LineString", "coordinates": [[-120.6116143689589, 39.72537984977984], [-120.6115913024045, 39.725392849718354], [-120.61153770242478, 39.725423316013824], [-120.61147676980305, 39.72545811667131], [-120.6113853693096, 39.72550571635559], [-120.61129336946868, 39.72555344885512], [-120.61118696967979, 39.725591716300386], [-120.61109570237467, 39.72563944954069], [-120.61098110213851, 39.72566411603676], [-120.61084330215964, 39.72568371589926], [-120.61074430160696, 39.725699716060525], [-120.61067576892596, 39.725720849264405], [-120.61059216827427, 39.72575511678033], [-120.61050830228646, 39.72582104922887], [-120.61040110232703, 39.725863849346645], [-120.61031696892202, 39.72588911597688], [-120.61019550220298, 39.725904649523926], [-120.61008090196682, 39.725929449572774], [-120.60994316962265, 39.72594911578354], [-120.60984376846444, 39.72597411668792], [-120.60975256879402, 39.72601724962895], [-120.60968410270718, 39.72607891631507], [-120.60964610241096, 39.72614564953716], [-120.60959216841991, 39.72620764982609], [-120.609500768967, 39.72625984981183], [-120.60944736876979, 39.726285716507874], [-120.6093179690207, 39.72631464907056], [-120.60921070142656, 39.72631691626641]]}, "properties": {"OBJECTID": 13253339, "permanent_identifier": "158996693", "fdate": 1329727261000, "resolution": 2, "gnis_id": null, "gnis_name": null, "lengthkm": 0.23800000000000002, "reachcode": "18020123000650", "flowdir": 1, "wbarea_permanent_identifier": null, "ftype": 460, "fcode": 46006, "innetwork": 1, "mainpath": 0, "visibilityfilter": 500000, "Shape_Length": 310.6157406200607, "globalid": "{B4E603DE-4C85-11E1-BCF4-0021280458E6}"}}, {"type": "Feature", "id": 13254205, "geometry": {"type": "LineString", "coordinates": [[-120.64767810786081, 39.71704411177689], [-120.6468948397616, 39.71698771237632], [-120.64646710647115, 39.717042045974054]]}, "properties": {"OBJECTID": 13254205, "permanent_identifier": "158997665", "fdate": 1329727381000, "resolution": 2, "gnis_id": null, "gnis_name": null, "lengthkm": 0.10400000000000001, "reachcode": "18020123031291", "flowdir": 1, "wbarea_permanent_identifier": null, "ftype": 460, "fcode": 46007, "innetwork": 1, "mainpath": 0, "visibilityfilter": 0, "Shape_Length": 135.8341364240568, "globalid": "{2EBDED1F-4C75-11E1-BCF4-0021280458E6}"}}, {"type": "Feature", "id": 13254315, "geometry": {"type": "LineString", "coordinates": [[-120.61763290415519, 39.733890649255564], [-120.61749063820501, 39.7338922496415], [-120.61678177139774, 39.733787649936914], [-120.61607270376743, 39.73362445013889], [-120.61586017056632, 39.733570516101565], [-120.61571763823947, 39.73351805038414], [-120.61529250420256, 39.73341018290098], [-120.61507930401926, 39.73335624949622], [-120.61472490443299, 39.73324991654435], [-120.61444090320488, 39.73319451704582], [-120.61394443745093, 39.732977116474736], [-120.61323423667926, 39.73259758286432], [-120.61181297045226, 39.73162244969563], [-120.61152877048221, 39.731404849712675], [-120.61060536952725, 39.730863383073284], [-120.6102500365821, 39.73069838303644], [-120.60975356978759, 39.73048544949355], [-120.60924750302777, 39.73024131652419]]}, "properties": {"OBJECTID": 13254315, "permanent_identifier": "158997365", "fdate": 1329727766000, "resolution": 2, "gnis_id": null, "gnis_name": null, "lengthkm": 0.8370000000000001, "reachcode": "18020123030776", "flowdir": 1, "wbarea_permanent_identifier": null, "ftype": 460, "fcode": 46007, "innetwork": 1, "mainpath": 0, "visibilityfilter": 24000, "Shape_Length": 1092.6626354040422, "globalid": "{1C4CE644-4C7F-11E1-BCF4-0021280458E6}"}}, {"type": "Feature", "id": 13262089, "geometry": {"type": "LineString", "coordinates": [[-120.66133677742205, 39.73171177972127], [-120.66083844390984, 39.731656779096056], [-120.66069591158298, 39.73170791306645], [-120.66005477728618, 39.73203731255295], [-120.65962731141292, 39.73214577914352], [-120.65941384485295, 39.73220451237028], [-120.65912917768318, 39.73225737999364], [-120.65898691173301, 39.73236711297143], [-120.6586301782293, 39.73258511322186]]}, "properties": {"OBJECTID": 13262089, "permanent_identifier": "158996568", "fdate": 1329728105000, "resolution": 2, "gnis_id": null, "gnis_name": null, "lengthkm": 0.261, "reachcode": "18020123031110", "flowdir": 1, "wbarea_permanent_identifier": null, "ftype": 460, "fcode": 46007, "innetwork": 1, "mainpath": 0, "visibilityfilter": 0, "Shape_Length": 340.4824962172992, "globalid": "{5146B64B-4C8B-11E1-BCF4-0021280458E6}"}}, {"type": "Feature", "id": 13263065, "geometry": {"type": "LineString", "coordinates": [[-120.62097130405614, 39.719900781733465], [-120.62019590343338, 39.72078124786062], [-120.61970330326268, 39.721491848253976], [-120.6196330370523, 39.72171111460771], [-120.61949283656179, 39.72203711483412], [-120.61935236969465, 39.722367515316655], [-120.61907096980116, 39.722749114855404], [-120.61808370295954, 39.72367931520769]]}, "properties": {"OBJECTID": 13263065, "permanent_identifier": "158996627", "fdate": 1329728363000, "resolution": 2, "gnis_id": null, "gnis_name": null, "lengthkm": 0.49400000000000005, "reachcode": "18020123031153", "flowdir": 1, "wbarea_permanent_identifier": null, "ftype": 460, "fcode": 46007, "innetwork": 1, "mainpath": 0, "visibilityfilter": 24000, "Shape_Length": 640.4365732221345, "globalid": "{FFC3F844-4C98-11E1-BCF4-0021280458E6}"}}, {"type": "Feature", "id": 13263086, "geometry": {"type": "LineString", "coordinates": [[-120.66564011430823, 39.74901464731012], [-120.66555598090322, 39.749130046522545], [-120.66550271493487, 39.749241647071685], [-120.66548751377586, 39.74936744687755], [-120.66552558066623, 39.74946731406514], [-120.66557878108094, 39.749598913536076], [-120.6657085138009, 39.74971424696906], [-120.66580811370108, 39.74978824698683], [-120.66592971464897, 39.74990331370051], [-120.6659531141742, 39.750052446857914], [-120.66589918018312, 39.750200046885574], [-120.66583851497857, 39.75031144650082], [-120.66575411415634, 39.75045831397298], [-120.66565498041534, 39.750559913978016], [-120.6655181803895, 39.75068331378264], [-120.66540318162888, 39.750784647056896], [-120.66518951424585, 39.75091091364245], [-120.6650749140097, 39.75097624763363], [-120.66497638065673, 39.75104171436185]]}, "properties": {"OBJECTID": 13263086, "permanent_identifier": "62408815", "fdate": 1329727620000, "resolution": 2, "gnis_id": null, "gnis_name": null, "lengthkm": 0.274, "reachcode": "18020123003223", "flowdir": 1, "wbarea_permanent_identifier": null, "ftype": 460, "fcode": 46006, "innetwork": 1, "mainpath": 0, "visibilityfilter": 500000, "Shape_Length": 355.0398466430712, "globalid": "{16D7A1B0-4C98-11E1-BCF4-0021280458E6}"}}, {"type": "Feature", "id": 13376792, "geometry": {"type": "LineString", "coordinates": [[-120.6598035809688, 39.75573031477647], [-120.65963531415876, 39.75585304776994], [-120.65955958098351, 39.75595511418076], [-120.65948278022056, 39.75602564857134], [-120.6594145139162, 39.756123314285], [-120.65932271385778, 39.75622964874115], [-120.65922338137482, 39.75640331490764], [-120.65913978072311, 39.756545714581925], [-120.65900991481485, 39.756678248445624], [-120.6589031810146, 39.75676624771213], [-120.65884938125238, 39.75682811486725], [-120.65875811394729, 39.75691644831114], [-120.65861351407968, 39.75700811492752], [-120.6583233809856, 39.75711031481371], [-120.65820878074945, 39.75715304830703], [-120.6580181143672, 39.75722584844994], [-120.65782698078529, 39.75726691483506], [-120.65768211350048, 39.757304648724414], [-120.65758311398831, 39.75734311532047], [-120.65748411447618, 39.75737711514029], [-120.65735471368652, 39.75745111492549], [-120.65726291362812, 39.75751231513308], [-120.65712518024336, 39.75763564888864], [-120.65699551411761, 39.757826715263946], [-120.65687358019885, 39.758017914694655], [-120.65681298158844, 39.75821504813114], [-120.656735981043, 39.75837564838375], [-120.65671318086527, 39.75853284865778], [-120.65661438113561, 39.758693049016706], [-120.65654538125493, 39.75881324823539], [-120.65642331414784, 39.75893231538269]]}, "properties": {"OBJECTID": 13376792, "permanent_identifier": "{7C74DEE8-D328-409B-8F3D-1A38C01AD4D5}", "fdate": 1507852800000, "resolution": 2, "gnis_id": null, "gnis_name": null, "lengthkm": 0.48303447000000005, "reachcode": "18020123003223", "flowdir": 1, "wbarea_permanent_identifier": null, "ftype": 460, "fcode": 46006, "innetwork": 1, "mainpath": 0, "visibilityfilter": 500000, "Shape_Length": 627.8813258363251, "globalid": "{80FCBF82-BF86-4B68-B35F-0CD5F683669E}"}}, {"type": "Feature", "id": 13477961, "geometry": {"type": "LineString", "coordinates": [[-120.65293744250584, 39.72786217976131], [-120.65308064285546, 39.72714884646618], [-120.65343690915947, 39.72638131324041]]}, "properties": {"OBJECTID": 13477961, "permanent_identifier": "158997324", "fdate": 1329727215000, "resolution": 2, "gnis_id": null, "gnis_name": null, "lengthkm": 0.17200000000000001, "reachcode": "18020123031212", "flowdir": 1, "wbarea_permanent_identifier": null, "ftype": 460, "fcode": 46007, "innetwork": 1, "mainpath": 0, "visibilityfilter": 24000, "Shape_Length": 222.43154937068152, "globalid": "{8D23661A-4C72-11E1-BCF4-0021280458E6}"}}, {"type": "Feature", "id": 13478813, "geometry": {"type": "LineString", "coordinates": [[-120.65686457541892, 39.716117245231], [-120.65679270886746, 39.71628244504373]]}, "properties": {"OBJECTID": 13478813, "permanent_identifier": "158996588", "fdate": 1329727380000, "resolution": 2, "gnis_id": null, "gnis_name": null, "lengthkm": 0.019, "reachcode": "18020123030862", "flowdir": 1, "wbarea_permanent_identifier": null, "ftype": 460, "fcode": 46003, "innetwork": 1, "mainpath": 0, "visibilityfilter": 250000, "Shape_Length": 25.210356595452726, "globalid": "{2EBD4972-4C75-11E1-BCF4-0021280458E6}"}}, {"type": "Feature", "id": 13487533, "geometry": {"type": "LineString", "coordinates": [[-120.64254330742858, 39.724615513270024], [-120.64240117466673, 39.72461271381825], [-120.64204517369883, 39.72444778045252], [-120.64190264033147, 39.72439531339422], [-120.64147630655901, 39.724174980764815], [-120.64097770667011, 39.72406118039185], [-120.64005177305575, 39.72406044731056], [-120.63884117331216, 39.724170980836455], [-120.63776250701763, 39.72417004687956]]}, "properties": {"OBJECTID": 13487533, "permanent_identifier": "158996688", "fdate": 1329728427000, "resolution": 2, "gnis_id": null, "gnis_name": null, "lengthkm": 0.42300000000000004, "reachcode": "18020123030690", "flowdir": 1, "wbarea_permanent_identifier": null, "ftype": 460, "fcode": 46007, "innetwork": 1, "mainpath": 0, "visibilityfilter": 0, "Shape_Length": 553.6169698593283, "globalid": "{C545F947-4C99-11E1-BCF4-0021280458E6}"}}, {"type": "Feature", "id": 13487712, "geometry": {"type": "LineString", "coordinates": [[-120.64971617862209, 39.74564364754927], [-120.64914624493505, 39.74558704752622], [-120.64893291052289, 39.74553318125428], [-120.64800704454325, 39.74547838127201], [-120.64757964422358, 39.74558684831199], [-120.64686711057504, 39.74575264796594], [-120.64601204459963, 39.74619024800864], [-120.64544191008957, 39.74662911494356], [-120.6450853774089, 39.747013714748675], [-120.64485897701317, 39.74709464841135]]}, "properties": {"OBJECTID": 13487712, "permanent_identifier": "158996582", "fdate": 1329728392000, "resolution": 2, "gnis_id": null, "gnis_name": null, "lengthkm": 0.47900000000000004, "reachcode": "18020123031168", "flowdir": 1, "wbarea_permanent_identifier": null, "ftype": 460, "fcode": 46007, "innetwork": 1, "mainpath": 0, "visibilityfilter": 24000, "Shape_Length": 625.637337014053, "globalid": "{A548A3E5-4C9B-11E1-BCF4-0021280458E6}"}}, {"type": "Feature", "id": 13702363, "geometry": {"type": "LineString", "coordinates": [[-120.63362944100967, 39.7368484487798], [-120.63348650703676, 39.736845581811295], [-120.63298784055371, 39.73701104882843], [-120.63213310754915, 39.737502648990684], [-120.63092097405867, 39.7385454483735], [-120.63073704097096, 39.738671049271254]]}, "properties": {"OBJECTID": 13702363, "permanent_identifier": "158997386", "fdate": 1329727947000, "resolution": 2, "gnis_id": null, "gnis_name": null, "lengthkm": 0.326, "reachcode": "18020123030824", "flowdir": 1, "wbarea_permanent_identifier": null, "ftype": 460, "fcode": 46007, "innetwork": 1, "mainpath": 0, "visibilityfilter": 0, "Shape_Length": 425.05097979181403, "globalid": "{90FFD7C0-4C85-11E1-BCF4-0021280458E6}"}}, {"type": "Feature", "id": 13702382, "geometry": {"type": "LineString", "coordinates": [[-120.65883477944085, 39.74356211381228], [-120.65904704522477, 39.74444478039833], [-120.65911797945789, 39.74471651339309], [-120.65926031304276, 39.74510231356779], [-120.65954531318337, 39.74554044737902], [-120.65974617887841, 39.7458436477927]]}, "properties": {"OBJECTID": 13702382, "permanent_identifier": "158946711", "fdate": 1329727762000, "resolution": 2, "gnis_id": null, "gnis_name": null, "lengthkm": 0.269, "reachcode": "18020123031388", "flowdir": 1, "wbarea_permanent_identifier": null, "ftype": 460, "fcode": 46003, "innetwork": 1, "mainpath": 0, "visibilityfilter": 100000, "Shape_Length": 348.32776955466693, "globalid": "{C9F99422-4C7F-11E1-BCF4-0021280458E6}"}}, {"type": "Feature", "id": 13926026, "geometry": {"type": "LineString", "coordinates": [[-120.65137297488879, 39.725060246112776], [-120.65222777552809, 39.72511811225445], [-120.65301137555755, 39.72516997934234], [-120.65393704279525, 39.72511664611431], [-120.65415030957273, 39.725170512338316]]}, "properties": {"OBJECTID": 13926026, "permanent_identifier": "158996571", "fdate": 1329727397000, "resolution": 2, "gnis_id": null, "gnis_name": null, "lengthkm": 0.23800000000000002, "reachcode": "18020123030914", "flowdir": 1, "wbarea_permanent_identifier": null, "ftype": 460, "fcode": 46007, "innetwork": 1, "mainpath": 0, "visibilityfilter": 24000, "Shape_Length": 311.39790597191995, "globalid": "{9937EAFD-4C74-11E1-BCF4-0021280458E6}"}}, {"type": "Feature", "id": 13926027, "geometry": {"type": "LineString", "coordinates": [[-120.63115537511916, 39.74702631618748], [-120.63115410878946, 39.747027716258316], [-120.63109297534467, 39.74719311562589], [-120.63107770863202, 39.747323449782265], [-120.63108490912627, 39.74747224930937], [-120.63108510786824, 39.747571316009896], [-120.63105470867177, 39.74767431633016], [-120.63099337544449, 39.74777664926999], [-120.63096350900139, 39.747861649393016], [-120.63100157485125, 39.74796151636332], [-120.63103170871156, 39.74806571614287], [-120.63106197471969, 39.748138449887676], [-120.63107730802648, 39.74824231658864], [-120.63104710861255, 39.74833631642209], [-120.63101650859308, 39.74839871596491], [-120.63099350863284, 39.7484748494588], [-120.63100150825709, 39.748583116576036], [-120.63110810886899, 39.74877005035774], [-120.63119197589735, 39.749005916719696], [-120.63126817523174, 39.7491426499743], [-120.63129857546875, 39.749278316538415], [-120.63129917481623, 39.74939104966582], [-120.63128357617326, 39.749503249800966], [-120.63130597574548, 39.7496047160128]]}, "properties": {"OBJECTID": 13926027, "permanent_identifier": "158996698", "fdate": 1329727397000, "resolution": 2, "gnis_id": null, "gnis_name": null, "lengthkm": 0.298, "reachcode": "18020123003222", "flowdir": 1, "wbarea_permanent_identifier": null, "ftype": 460, "fcode": 46006, "innetwork": 1, "mainpath": 0, "visibilityfilter": 250000, "Shape_Length": 385.73594573761284, "globalid": "{99383789-4C74-11E1-BCF4-0021280458E6}"}}, {"type": "Feature", "id": 13926145, "geometry": {"type": "LineString", "coordinates": [[-120.63712777408507, 39.73471711483176], [-120.63702890776125, 39.73489984847141], [-120.63699790713623, 39.735038847820974], [-120.63692137483098, 39.73524891466711], [-120.63688397388228, 39.73538331470337], [-120.63688410811115, 39.73553204799481], [-120.63690617471251, 39.735672115099646], [-120.63694430819707, 39.73579451494908], [-120.6369215746135, 39.73592471543285], [-120.63686870821014, 39.736067715154675], [-120.63681530801296, 39.73645404784964], [-120.63674230832011, 39.73667218160413]]}, "properties": {"OBJECTID": 13926145, "permanent_identifier": "158996743", "fdate": 1329727261000, "resolution": 2, "gnis_id": null, "gnis_name": null, "lengthkm": 0.224, "reachcode": "18020123003231", "flowdir": 1, "wbarea_permanent_identifier": null, "ftype": 460, "fcode": 46006, "innetwork": 1, "mainpath": 0, "visibilityfilter": 100000, "Shape_Length": 290.0989721628886, "globalid": "{0572907B-4C81-11E1-BCF4-0021280458E6}"}}, {"type": "Feature", "id": 14151884, "geometry": {"type": "LineString", "coordinates": [[-120.64922424335249, 39.738124714023755], [-120.64929504335677, 39.73850904764248], [-120.64922397697582, 39.7386697810533]]}, "properties": {"OBJECTID": 14151884, "permanent_identifier": "158996580", "fdate": 1329727519000, "resolution": 2, "gnis_id": null, "gnis_name": null, "lengthkm": 0.062, "reachcode": "18020123030789", "flowdir": 1, "wbarea_permanent_identifier": null, "ftype": 460, "fcode": 46003, "innetwork": 1, "mainpath": 0, "visibilityfilter": 100000, "Shape_Length": 80.7697054856362, "globalid": "{6DD5B71B-4C77-11E1-BCF4-0021280458E6}"}}, {"type": "Feature", "id": 14159894, "geometry": {"type": "LineString", "coordinates": [[-120.64375944073117, 39.71928897936803], [-120.64247757378364, 39.71928991259066], [-120.6416233058977, 39.71917798020859], [-120.64119590661858, 39.71928644622077], [-120.64098217264142, 39.719399246818746], [-120.64084417288, 39.7193899138062]]}, "properties": {"OBJECTID": 14159894, "permanent_identifier": "158997651", "fdate": 1329728348000, "resolution": 2, "gnis_id": null, "gnis_name": null, "lengthkm": 0.255, "reachcode": "18020123031381", "flowdir": 1, "wbarea_permanent_identifier": null, "ftype": 460, "fcode": 46007, "innetwork": 1, "mainpath": 0, "visibilityfilter": 0, "Shape_Length": 333.5401085526903, "globalid": "{386B0785-4C99-11E1-BCF4-0021280458E6}"}}, {"type": "Feature", "id": 14159902, "geometry": {"type": "LineString", "coordinates": [[-120.66296837924266, 39.740055379653896], [-120.6626115125506, 39.74049411363834], [-120.66225491223523, 39.74109504638892], [-120.66211184611451, 39.74202911332036], [-120.66161291221427, 39.742631647270066], [-120.66139857993011, 39.74301924731242], [-120.66111344660119, 39.74362164699192], [-120.66125584678024, 39.74378664729626], [-120.66154264600385, 39.74398491356514]]}, "properties": {"OBJECTID": 14159902, "permanent_identifier": "158946687", "fdate": 1329728320000, "resolution": 2, "gnis_id": null, "gnis_name": null, "lengthkm": 0.49100000000000005, "reachcode": "18020123031371", "flowdir": 1, "wbarea_permanent_identifier": null, "ftype": 460, "fcode": 46007, "innetwork": 1, "mainpath": 0, "visibilityfilter": 24000, "Shape_Length": 635.4987957461866, "globalid": "{D84421FF-4C9B-11E1-BCF4-0021280458E6}"}}, {"type": "Feature", "id": 14159939, "geometry": {"type": "LineString", "coordinates": [[-120.6455603113959, 39.752771048970715], [-120.64548751148556, 39.75304431546925], [-120.64533544474706, 39.7543609824925], [-120.64526344500727, 39.754526182664755], [-120.64504391213494, 39.75529658226646], [-120.64497237855431, 39.75540324917549], [-120.64482691192202, 39.755841715847566], [-120.64475251167063, 39.75622758251261], [-120.64467724569509, 39.756829582732614], [-120.64474744531131, 39.756993182734085]]}, "properties": {"OBJECTID": 14159939, "permanent_identifier": "158996561", "fdate": 1329728065000, "resolution": 2, "gnis_id": null, "gnis_name": null, "lengthkm": 0.48200000000000004, "reachcode": "18020123030831", "flowdir": 1, "wbarea_permanent_identifier": null, "ftype": 460, "fcode": 46007, "innetwork": 1, "mainpath": 0, "visibilityfilter": 24000, "Shape_Length": 623.116273274661, "globalid": "{5A8CADA6-4C8C-11E1-BCF4-0021280458E6}"}}, {"type": "Feature", "id": 14160780, "geometry": {"type": "LineString", "coordinates": [[-120.66482837824343, 39.729295645510426], [-120.66376037846139, 39.72924264517543], [-120.66319084433935, 39.72924011239381], [-120.6624783106908, 39.72935197882803], [-120.66198011140744, 39.72957164591694], [-120.66141004453209, 39.72967724591941], [-120.66126764435305, 39.7297869790031]]}, "properties": {"OBJECTID": 14160780, "permanent_identifier": "158997416", "fdate": 1329728198000, "resolution": 2, "gnis_id": null, "gnis_name": null, "lengthkm": 0.317, "reachcode": "18020123030646", "flowdir": 1, "wbarea_permanent_identifier": null, "ftype": 460, "fcode": 46007, "innetwork": 1, "mainpath": 0, "visibilityfilter": 24000, "Shape_Length": 415.1345503719354, "globalid": "{9960B69A-4C91-11E1-BCF4-0021280458E6}"}}, {"type": "Feature", "id": 14600450, "geometry": {"type": "LineString", "coordinates": [[-120.66902071618108, 39.75949218066465], [-120.66830724917365, 39.759599447395864], [-120.66695271550412, 39.759810980762175], [-120.66645278269134, 39.76003064755508], [-120.66559471581633, 39.76046831447945], [-120.66530864912853, 39.7606877808049], [-120.66530784895802, 39.76079591514405]]}, "properties": {"OBJECTID": 14600450, "permanent_identifier": "158997618", "fdate": 1329727705000, "resolution": 2, "gnis_id": null, "gnis_name": null, "lengthkm": 0.36300000000000004, "reachcode": "18020123031252", "flowdir": 1, "wbarea_permanent_identifier": null, "ftype": 460, "fcode": 46007, "innetwork": 1, "mainpath": 0, "visibilityfilter": 0, "Shape_Length": 474.1783261262888, "globalid": "{D97DD02E-4C7D-11E1-BCF4-0021280458E6}"}}, {"type": "Feature", "id": 14825288, "geometry": {"type": "LineString", "coordinates": [[-120.62627017378486, 39.741375783386104], [-120.62606470684914, 39.74166251681019], [-120.62594270737675, 39.74177271567587], [-120.62578250678511, 39.74193604979956], [-120.62559150743205, 39.742103316016205], [-120.62543177404012, 39.742293716590204], [-120.62535517410018, 39.74235971643102], [-120.62524817392328, 39.74245664943222], [-120.62514177309386, 39.74256251692848], [-120.62502697307518, 39.74272244959592], [-120.62492790696888, 39.74286451671144], [-120.62479837403144, 39.74304651667265], [-120.62464577349904, 39.7432641167075], [-120.62448550631326, 39.74340944944317], [-120.62430290718996, 39.74360845047091], [-120.62420330728978, 39.743723517104804], [-120.62408130677687, 39.74387864981581], [-120.62394377421519, 39.74403804977877], [-120.6238063061666, 39.74417484969789], [-120.62371517309037, 39.74424051650683], [-120.62367670663498, 39.74427571650214], [-120.62363090649701, 39.74435591651516], [-120.62358537273572, 39.744431516828975], [-120.62350130696538, 39.744542449730524], [-120.62338697414643, 39.744684250671526], [-120.62326450643383, 39.74478984992336], [-120.62317297379259, 39.74486005011835], [-120.6229981734705, 39.74506811647397], [-120.6228755736101, 39.7452188506202], [-120.62272297307773, 39.74543645019548], [-120.62263130620762, 39.745596649812015], [-120.62257810683344, 39.74572631654178], [-120.62250157348767, 39.74585084988039], [-120.62244837411349, 39.74595331673725], [-120.62234210647243, 39.7460547169727], [-120.62226570631496, 39.74615684990525], [-120.62216630723783, 39.74630791689016], [-120.62212817375328, 39.746442250557315], [-120.62204430672493, 39.74661171716072], [-120.62197537343839, 39.74672745001618], [-120.62189130662753, 39.74683831681796], [-120.62182310691738, 39.74693604996075], [-120.621731507682, 39.74707371696976], [-120.62168557331516, 39.747198916705194], [-120.62165497329566, 39.74734691726452], [-120.62163237394098, 39.7475402506767], [-120.62157097411952, 39.74773264990863], [-120.6215253071699, 39.74785331707189], [-120.62150210742716, 39.747933916935814], [-120.62147217334936, 39.74808191671631], [-120.62148750665618, 39.74816785009455], [-120.62147230757823, 39.74827111753169], [-120.62147177378434, 39.74841071713207], [-120.62151757392233, 39.748501716648235], [-120.62151790689315, 39.74857831724143], [-120.62153310701166, 39.74870931679484], [-120.6215483737243, 39.748772650423454], [-120.6215863740205, 39.74889505020595], [-120.6216325071293, 39.74901765057533], [-120.6216631747835, 39.74918945088901], [-120.62167777347341, 39.7492933168055], [-120.6216477072478, 39.74938285033186], [-120.62160170732734, 39.74948991680433], [-120.62156317427778, 39.749570250750004], [-120.6215481739418, 39.74958345092929], [-120.62150297419186, 39.74960505041721], [-120.62143410749951, 39.749675717711824], [-120.62138850714402, 39.74977385083395], [-120.62130450796788, 39.74990271769524]]}, "properties": {"OBJECTID": 14825288, "permanent_identifier": "62404271", "fdate": 1329727453000, "resolution": 2, "gnis_id": null, "gnis_name": null, "lengthkm": 1.081, "reachcode": "18020123002824", "flowdir": 1, "wbarea_permanent_identifier": null, "ftype": 460, "fcode": 46003, "innetwork": 1, "mainpath": 0, "visibilityfilter": 100000, "Shape_Length": 1401.1060691255757, "globalid": "{99A39D49-4C75-11E1-BCF4-0021280458E6}"}}, {"type": "Feature", "id": 14825301, "geometry": {"type": "LineString", "coordinates": [[-120.65942444269022, 39.71990764478046], [-120.65921090849555, 39.720015845528245], [-120.65885444344957, 39.72040057864338], [-120.65885397624986, 39.72056724483795], [-120.65892477625414, 39.72095157870709], [-120.658853442456, 39.72122491216834], [-120.6587110433175, 39.72166351230395], [-120.65863950973687, 39.721990845306706], [-120.65849664339866, 39.72215911231798], [-120.65822371032912, 39.722383445818686]]}, "properties": {"OBJECTID": 14825301, "permanent_identifier": "158996691", "fdate": 1329727546000, "resolution": 2, "gnis_id": null, "gnis_name": null, "lengthkm": 0.312, "reachcode": "18020123030697", "flowdir": 1, "wbarea_permanent_identifier": null, "ftype": 460, "fcode": 46007, "innetwork": 1, "mainpath": 0, "visibilityfilter": 24000, "Shape_Length": 404.5065534078358, "globalid": "{27437B1A-4C78-11E1-BCF4-0021280458E6}"}}, {"type": "Feature", "id": 14833811, "geometry": {"type": "LineString", "coordinates": [[-120.64559104356316, 39.739875380902895], [-120.64587517693907, 39.74020551507444], [-120.64623104367809, 39.740482980818825], [-120.64680051016539, 39.74080991482956], [-120.64715610948721, 39.74114138150606], [-120.64736964368188, 39.741361847936865]]}, "properties": {"OBJECTID": 14833811, "permanent_identifier": "158996594", "fdate": 1329728130000, "resolution": 2, "gnis_id": null, "gnis_name": null, "lengthkm": 0.227, "reachcode": "18020123030747", "flowdir": 1, "wbarea_permanent_identifier": null, "ftype": 460, "fcode": 46007, "innetwork": 1, "mainpath": 0, "visibilityfilter": 0, "Shape_Length": 294.842817109962, "globalid": "{8B5FCC39-4C8D-11E1-BCF4-0021280458E6}"}}, {"type": "Feature", "id": 14833897, "geometry": {"type": "LineString", "coordinates": [[-120.64475843959198, 39.71720557956797], [-120.6446161060071, 39.717040512429556]]}, "properties": {"OBJECTID": 14833897, "permanent_identifier": "158997447", "fdate": 1329728170000, "resolution": 2, "gnis_id": null, "gnis_name": null, "lengthkm": 0.022000000000000002, "reachcode": "18020123031321", "flowdir": 1, "wbarea_permanent_identifier": null, "ftype": 460, "fcode": 46003, "innetwork": 1, "mainpath": 0, "visibilityfilter": 100000, "Shape_Length": 28.665406889385167, "globalid": "{C8D83FDD-4C8F-11E1-BCF4-0021280458E6}"}}, {"type": "Feature", "id": 14834765, "geometry": {"type": "LineString", "coordinates": [[-120.60924750302777, 39.73024131652419], [-120.60911823646698, 39.73017964955984]]}, "properties": {"OBJECTID": 14834765, "permanent_identifier": "158997419", "fdate": 1329728406000, "resolution": 2, "gnis_id": null, "gnis_name": null, "lengthkm": 0.013000000000000001, "reachcode": "18020123031133", "flowdir": 1, "wbarea_permanent_identifier": null, "ftype": 460, "fcode": 46007, "innetwork": 1, "mainpath": 0, "visibilityfilter": 24000, "Shape_Length": 16.933524326941214, "globalid": "{6FE01B9C-4C9B-11E1-BCF4-0021280458E6}"}}, {"type": "Feature", "id": 15050488, "geometry": {"type": "LineString", "coordinates": [[-120.60282749969647, 39.717730249431725], [-120.60360750051937, 39.717836449445805], [-120.60410363434305, 39.717891715616474], [-120.60523630122285, 39.71777544930851], [-120.6053779001908, 39.71766578194875], [-120.60561716782813, 39.717679849449254]]}, "properties": {"OBJECTID": 15050488, "permanent_identifier": "158997385", "fdate": 1329727811000, "resolution": 2, "gnis_id": null, "gnis_name": null, "lengthkm": 0.24500000000000002, "reachcode": "18020123030818", "flowdir": 1, "wbarea_permanent_identifier": null, "ftype": 460, "fcode": 46007, "innetwork": 1, "mainpath": 0, "visibilityfilter": 24000, "Shape_Length": 320.27169415547564, "globalid": "{07095C37-4C82-11E1-BCF4-0021280458E6}"}}, {"type": "Feature", "id": 15059078, "geometry": {"type": "LineString", "coordinates": [[-120.65698824390758, 39.737633113497665], [-120.65684524542156, 39.73763471379675], [-120.65648951083034, 39.737523913802015], [-120.65613317793219, 39.73747171354346], [-120.6549935769348, 39.73763331353506], [-120.6544236442883, 39.73779744721535], [-120.65392537737027, 39.73801711379689], [-120.6532130435042, 39.73818291406155], [-120.65271417827917, 39.73839804661777], [-120.6523782440066, 39.73839871393505]]}, "properties": {"OBJECTID": 15059078, "permanent_identifier": "158997393", "fdate": 1329728089000, "resolution": 2, "gnis_id": null, "gnis_name": null, "lengthkm": 0.41500000000000004, "reachcode": "18020123031227", "flowdir": 1, "wbarea_permanent_identifier": null, "ftype": 460, "fcode": 46007, "innetwork": 1, "mainpath": 0, "visibilityfilter": 0, "Shape_Length": 543.6237479765323, "globalid": "{91D6F8B2-4C8A-11E1-BCF4-0021280458E6}"}}, {"type": "Feature", "id": 15059098, "geometry": {"type": "LineString", "coordinates": [[-120.650864910304, 39.735599380198266], [-120.65114904367987, 39.7364249803137], [-120.6512203098433, 39.73664264686613], [-120.65129137622424, 39.73680631401244], [-120.65150431107142, 39.73740964657001], [-120.65157531085818, 39.737960647534884], [-120.65164617745657, 39.73812424753985], [-120.65171704405503, 39.73840044783987], [-120.65193037742665, 39.7385624473235], [-120.65193464361543, 39.73870191376811]]}, "properties": {"OBJECTID": 15059098, "permanent_identifier": "158996620", "fdate": 1329728097000, "resolution": 2, "gnis_id": null, "gnis_name": null, "lengthkm": 0.364, "reachcode": "18020123030813", "flowdir": 1, "wbarea_permanent_identifier": null, "ftype": 460, "fcode": 46007, "innetwork": 1, "mainpath": 0, "visibilityfilter": 24000, "Shape_Length": 471.0414848234958, "globalid": "{F9656D6B-4C8A-11E1-BCF4-0021280458E6}"}}, {"type": "Feature", "id": 15398415, "geometry": {"type": "LineString", "coordinates": [[-120.65852911013585, 39.7295107793977], [-120.65851377682903, 39.72954244583923], [-120.65840651027546, 39.72982404613907], [-120.65832291066431, 39.72998904586788], [-120.65829217641594, 39.730141512698815], [-120.65821597708155, 39.73036524566142], [-120.65810917772767, 39.730592845415714], [-120.65800230969856, 39.73073484630926], [-120.65789537715632, 39.730876712472], [-120.65780431067425, 39.73100551304624], [-120.65776117742458, 39.73110644633912]]}, "properties": {"OBJECTID": 15398415, "permanent_identifier": "158996713", "fdate": 1329727091000, "resolution": 2, "gnis_id": "00266769", "gnis_name": "Gray Eagle Creek", "lengthkm": 0.192, "reachcode": "18020123000640", "flowdir": 1, "wbarea_permanent_identifier": null, "ftype": 460, "fcode": 46006, "innetwork": 1, "mainpath": 0, "visibilityfilter": 2000000, "Shape_Length": 247.915501343039, "globalid": "{7B8AB8ED-4C94-11E1-BCF4-0021280458E6}"}}, {"type": "Feature", "id": 15500121, "geometry": {"type": "LineString", "coordinates": [[-120.65214951073398, 39.73307591354116], [-120.65293204317571, 39.733569246189376], [-120.65321657715714, 39.733845246290166]]}, "properties": {"OBJECTID": 15500121, "permanent_identifier": "158996595", "fdate": 1329727811000, "resolution": 2, "gnis_id": null, "gnis_name": null, "lengthkm": 0.126, "reachcode": "18020123030745", "flowdir": 1, "wbarea_permanent_identifier": null, "ftype": 460, "fcode": 46003, "innetwork": 1, "mainpath": 0, "visibilityfilter": 100000, "Shape_Length": 163.6255053316273, "globalid": "{0708D01E-4C82-11E1-BCF4-0021280458E6}"}}, {"type": "Feature", "id": 15508709, "geometry": {"type": "LineString", "coordinates": [[-120.6446161060071, 39.717040512429556], [-120.6444738400569, 39.71704217963892], [-120.64404597357813, 39.717425446231246], [-120.64390377318158, 39.71753511237242], [-120.6431197735871, 39.717861578951094], [-120.64247950605498, 39.717970112664595], [-120.64183863917538, 39.717970712947945], [-120.64148263924801, 39.71791384688407]]}, "properties": {"OBJECTID": 15508709, "permanent_identifier": "158997652", "fdate": 1329728297000, "resolution": 2, "gnis_id": null, "gnis_name": null, "lengthkm": 0.303, "reachcode": "18020123031387", "flowdir": 1, "wbarea_permanent_identifier": null, "ftype": 460, "fcode": 46003, "innetwork": 1, "mainpath": 0, "visibilityfilter": 250000, "Shape_Length": 395.40792404922325, "globalid": "{F71B11F3-4C95-11E1-BCF4-0021280458E6}"}}, {"type": "Feature", "id": 15723919, "geometry": {"type": "LineString", "coordinates": [[-120.6218071045473, 39.73170611577605], [-120.62160130464075, 39.73173344962907], [-120.62140257099956, 39.73174291620777], [-120.62112817181784, 39.73175084876761], [-120.6209223719113, 39.731733049520095], [-120.6207241054698, 39.73171104912199], [-120.62046417178968, 39.731674115836896], [-120.62028190459667, 39.7316568487151], [-120.62006777209503, 39.731666048831464], [-120.61994590477047, 39.731672516199644], [-120.6197777045546, 39.731664516412415], [-120.61967117053686, 39.731662315810595], [-120.61952610451009, 39.73164131566385], [-120.6193739045832, 39.73161571584969], [-120.61883150446242, 39.731631649016386], [-120.61869470443655, 39.731624315807096], [-120.61847350462901, 39.73162871541266], [-120.61822150501948, 39.73162364922441], [-120.61801237020194, 39.73160611641708]]}, "properties": {"OBJECTID": 15723919, "permanent_identifier": "158996756", "fdate": 1329727874000, "resolution": 2, "gnis_id": null, "gnis_name": null, "lengthkm": 0.324, "reachcode": "18020123003369", "flowdir": 1, "wbarea_permanent_identifier": null, "ftype": 460, "fcode": 46003, "innetwork": 1, "mainpath": 0, "visibilityfilter": 250000, "Shape_Length": 424.87738575486935, "globalid": "{4FAC3BC6-4C84-11E1-BCF4-0021280458E6}"}}, {"type": "Feature", "id": 15724564, "geometry": {"type": "LineString", "coordinates": [[-120.63989937542746, 39.73399864801845], [-120.63961410786968, 39.73460098171671], [-120.63954244110074, 39.7347121144855], [-120.63932810777607, 39.73509511483164], [-120.63904290785298, 39.7355893148194], [-120.63882897513383, 39.73581018149319], [-120.63861510796832, 39.73602651450647], [-120.63804564148101, 39.73630324812132], [-120.63754637460993, 39.73646431474332], [-120.63711877450778, 39.73657718165916], [-120.63674230832011, 39.73667218160413]]}, "properties": {"OBJECTID": 15724564, "permanent_identifier": "158996590", "fdate": 1329727519000, "resolution": 2, "gnis_id": null, "gnis_name": null, "lengthkm": 0.42900000000000005, "reachcode": "18020123030864", "flowdir": 1, "wbarea_permanent_identifier": null, "ftype": 460, "fcode": 46007, "innetwork": 1, "mainpath": 0, "visibilityfilter": 24000, "Shape_Length": 558.2749223226436, "globalid": "{6DD5CE33-4C77-11E1-BCF4-0021280458E6}"}}, {"type": "Feature", "id": 15949298, "geometry": {"type": "LineString", "coordinates": [[-120.62400203890816, 39.732390582346454], [-120.62414717256964, 39.73304671574792], [-120.62436150589429, 39.73353764881409], [-120.6247177721983, 39.733972782615844], [-120.62514417256493, 39.73429678201184], [-120.62543697254723, 39.734491181878624]]}, "properties": {"OBJECTID": 15949298, "permanent_identifier": "158947306", "fdate": 1329727293000, "resolution": 2, "gnis_id": null, "gnis_name": null, "lengthkm": 0.274, "reachcode": "18020123030713", "flowdir": 1, "wbarea_permanent_identifier": null, "ftype": 460, "fcode": 46007, "innetwork": 1, "mainpath": 0, "visibilityfilter": 24000, "Shape_Length": 355.527248311796, "globalid": "{8F7A6CE2-4C73-11E1-BCF4-0021280458E6}"}}, {"type": "Feature", "id": 15949299, "geometry": {"type": "LineString", "coordinates": [[-120.65974617887841, 39.7458436477927], [-120.65964311295996, 39.74602904730703], [-120.65949798033903, 39.74620171352696], [-120.65927711246178, 39.746372914426175], [-120.65910911306896, 39.7464867139698], [-120.65891777970452, 39.746577447211905], [-120.65877337857889, 39.746642114075065], [-120.65866617965999, 39.74668491406616], [-120.65859024566171, 39.74673218067595]]}, "properties": {"OBJECTID": 15949299, "permanent_identifier": "158997799", "fdate": 1329727101000, "resolution": 2, "gnis_id": "00266321", "gnis_name": "Smith Creek", "lengthkm": 0.14300000000000002, "reachcode": "18020123000158", "flowdir": 1, "wbarea_permanent_identifier": null, "ftype": 460, "fcode": 46006, "innetwork": 1, "mainpath": 0, "visibilityfilter": 2000000, "Shape_Length": 186.74199697623672, "globalid": "{CD15C63E-4C79-11E1-BCF4-0021280458E6}"}}, {"type": "Feature", "id": 15958172, "geometry": {"type": "LineString", "coordinates": [[-120.63856163909588, 39.71939498009308], [-120.63870190618054, 39.720987979905956], [-120.63877290596729, 39.72115151374759]]}, "properties": {"OBJECTID": 15958172, "permanent_identifier": "158997650", "fdate": 1329728399000, "resolution": 2, "gnis_id": null, "gnis_name": null, "lengthkm": 0.198, "reachcode": "18020123031378", "flowdir": 1, "wbarea_permanent_identifier": null, "ftype": 460, "fcode": 46003, "innetwork": 1, "mainpath": 0, "visibilityfilter": 250000, "Shape_Length": 256.0292531811542, "globalid": "{19613B7C-4C9B-11E1-BCF4-0021280458E6}"}}, {"type": "Feature", "id": 16174323, "geometry": {"type": "LineString", "coordinates": [[-120.62098170627304, 39.73784331646361], [-120.62096850502009, 39.737855516305466], [-120.62085377263611, 39.73798831656912], [-120.62081590552823, 39.73813624969648], [-120.62080777271565, 39.73822164978132], [-120.62082350558748, 39.7382985162484], [-120.62084637235938, 39.738371049866416], [-120.62086170566617, 39.738416449850625], [-120.62089217249732, 39.73846211705161], [-120.62106710600776, 39.738826049332204], [-120.62109810663277, 39.73892124941162], [-120.62106717260191, 39.73901524915927], [-120.62103670577079, 39.73909564972697], [-120.6209913051978, 39.73916231594001], [-120.62095317275379, 39.73921111596074], [-120.62088430606143, 39.73928624984213], [-120.62085410560695, 39.73938024989211], [-120.62083070504117, 39.739505849268454], [-120.62082317261664, 39.739618316741016], [-120.62083097245839, 39.73971305005305], [-120.62084510602968, 39.73980431629613]]}, "properties": {"OBJECTID": 16174323, "permanent_identifier": "158996773", "fdate": 1329727100000, "resolution": 2, "gnis_id": "00260351", "gnis_name": "Frazier Creek", "lengthkm": 0.232, "reachcode": "18020123000347", "flowdir": 1, "wbarea_permanent_identifier": null, "ftype": 460, "fcode": 46006, "innetwork": 1, "mainpath": 0, "visibilityfilter": 5000000, "Shape_Length": 300.6040523031165, "globalid": "{AC41306C-4C74-11E1-BCF4-0021280458E6}"}}, {"type": "Feature", "id": 16397558, "geometry": {"type": "LineString", "coordinates": [[-120.65822371032912, 39.722383445818686], [-120.65835290925521, 39.722404111848086], [-120.65839877598732, 39.72240504582891], [-120.65848297598652, 39.72239324501642], [-120.65855937614397, 39.72239924506352], [-120.65866597675588, 39.72243744543129], [-120.65881877603023, 39.72249004523264], [-120.65890257646443, 39.722514245465575], [-120.6589559756211, 39.72250631264329], [-120.65904770908536, 39.72249024531398], [-120.6590931762525, 39.722504644765685], [-120.65910817658848, 39.72253191263862], [-120.65914677623222, 39.722622845486804], [-120.659192509776, 39.722736312098114], [-120.65923811013148, 39.722768845198665], [-120.65931437606004, 39.72277484521313], [-120.65942931030757, 39.72276364550587], [-120.65949777639439, 39.72276504526928], [-120.65955871005667, 39.722797712010035], [-120.65959657612404, 39.72286164568371], [-120.65961197602505, 39.72292491263126], [-120.65960417618328, 39.723023912178476], [-120.65957391017517, 39.72312244499818], [-120.65951317629538, 39.7232788453623], [-120.65944430960302, 39.72339904554334], [-120.65942931030757, 39.72345284508243], [-120.65943637657296, 39.72348004535405], [-120.65950530985945, 39.72351291263479], [-120.65974917665643, 39.72358544500484], [-120.6598791101994, 39.72365104499776]]}, "properties": {"OBJECTID": 16397558, "permanent_identifier": "158996796", "fdate": 1329727506000, "resolution": 2, "gnis_id": null, "gnis_name": null, "lengthkm": 0.261, "reachcode": "18020123003237", "flowdir": 1, "wbarea_permanent_identifier": null, "ftype": 460, "fcode": 46006, "innetwork": 1, "mainpath": 0, "visibilityfilter": 500000, "Shape_Length": 339.6788215315831, "globalid": "{A57AC98F-4C7B-11E1-BCF4-0021280458E6}"}}, {"type": "Feature", "id": 16520795, "geometry": {"type": "LineString", "coordinates": [[-120.64485897701317, 39.74709464841135], [-120.6448565775421, 39.74711284851183], [-120.64482631049346, 39.7471662487262], [-120.64475791100078, 39.74722344828071], [-120.64462797745782, 39.74729284915899], [-120.64450571056823, 39.74737144878734], [-120.64443711025254, 39.747437648573765], [-120.64439911099684, 39.74750444912281], [-120.6443763774133, 39.747571515218446], [-120.64432277743359, 39.74777311552956], [-120.64424651046447, 39.74797884900294], [-120.64420851120877, 39.748131115234514], [-120.64420797741494, 39.7482528489349], [-120.64421617682167, 39.748334048350415], [-120.6442383776519, 39.74842904888893], [-120.64420817719743, 39.74848251528512], [-120.64416237705943, 39.74856264879979], [-120.64411697752703, 39.74865184886665], [-120.64408611113089, 39.74876831511381], [-120.64407877744829, 39.74891684831428], [-120.64407831128912, 39.74897531524368], [-120.64403271093367, 39.74902851561025], [-120.64400231069668, 39.749063915563696], [-120.64391877767972, 39.7490982490771], [-120.64382691102713, 39.749159448706294], [-120.64378857776006, 39.74921271533189], [-120.64371251057345, 39.749305715423795], [-120.64366677702965, 39.74936344921098], [-120.64341491060844, 39.74945731551272], [-120.6432395109389, 39.74953031579218], [-120.6431551767108, 39.7495872485804], [-120.64305617719867, 39.74966631519697], [-120.64298771007131, 39.74976864837797], [-120.64288837758835, 39.74990171528632], [-120.64278877768817, 39.75003931556899], [-120.64270517807702, 39.7500961151357], [-120.6426669779983, 39.75014944903745], [-120.64261377758359, 39.7502339150309], [-120.64250657762419, 39.7503173153177], [-120.64234697742057, 39.75037711626122], [-120.64207197785082, 39.75048424838849], [-120.64191157747669, 39.75058904915183], [-120.64161411070005, 39.750776715887795], [-120.64142351091196, 39.75091244883352], [-120.64130951106385, 39.75102724887143], [-120.64112591094698, 39.75114511588995], [-120.64094271143567, 39.75125851555529], [-120.64079797733919, 39.75135011610245], [-120.6406225776696, 39.751468248964834], [-120.64045471042456, 39.75157744976331], [-120.64031691044569, 39.75166024923356], [-120.64017217738973, 39.75175631556607], [-120.63998931084923, 39.751901249596756], [-120.6398445101586, 39.75197491607233], [-120.63973717701084, 39.7520403154529], [-120.6395925105491, 39.75215444882713], [-120.6394623772236, 39.75220584918282], [-120.63929531014911, 39.752229515797], [-120.63918830997217, 39.75224084991359], [-120.63900477749003, 39.75223264931881], [-120.63889850984894, 39.75224844972249], [-120.63872277720851, 39.75226744924105], [-120.63863251089698, 39.75229631649962]]}, "properties": {"OBJECTID": 16520795, "permanent_identifier": "158996763", "fdate": 1329727091000, "resolution": 2, "gnis_id": "00266769", "gnis_name": "Gray Eagle Creek", "lengthkm": 0.8460000000000001, "reachcode": "18020123000640", "flowdir": 1, "wbarea_permanent_identifier": null, "ftype": 460, "fcode": 46006, "innetwork": 1, "mainpath": 0, "visibilityfilter": 2000000, "Shape_Length": 1100.7940589146096, "globalid": "{99986850-4C75-11E1-BCF4-0021280458E6}"}}, {"type": "Feature", "id": 16532231, "geometry": {"type": "LineString", "coordinates": [[-120.62918510866518, 39.75178005033346], [-120.62732855383146, 39.752994907667464], [-120.62573773885673, 39.75403587588876], [-120.62438774815799, 39.75466085228618], [-120.62381151507903, 39.754927618104034], [-120.62271843114745, 39.75564669625991], [-120.62085772458367, 39.75687074934481]]}, "properties": {"OBJECTID": 16532231, "permanent_identifier": "158996687", "fdate": 1529971200000, "resolution": 2, "gnis_id": null, "gnis_name": null, "lengthkm": 0.9105800700000001, "reachcode": "18020123030691", "flowdir": 1, "wbarea_permanent_identifier": null, "ftype": 460, "fcode": 46007, "innetwork": 1, "mainpath": 0, "visibilityfilter": 250000, "Shape_Length": 1187.0122304187053, "globalid": "{9835BD2B-4C87-11E1-BCF4-0021280458E6}"}}, {"type": "Feature", "id": 16622441, "geometry": {"type": "LineString", "coordinates": [[-120.6209373701662, 39.72591364873592], [-120.62083050421815, 39.725884448709465], [-120.6207317044885, 39.725873315130784], [-120.62050270379869, 39.72585064862504], [-120.62037330404955, 39.72583904927416], [-120.62025057100084, 39.72582291549738], [-120.61999117111458, 39.72575451496417], [-120.61989250457326, 39.725721048536066], [-120.61967097075431, 39.72559031499379], [-120.61943437104583, 39.725450315435396], [-120.61912190289262, 39.725272849084696], [-120.61902277019216, 39.72520771560541], [-120.61890836973849, 39.72516031578899], [-120.61850397041961, 39.72506644920287], [-120.6183281701445, 39.72504931567607], [-120.61810690270228, 39.725017715195925], [-120.61801777057262, 39.72501324874386]]}, "properties": {"OBJECTID": 16622441, "permanent_identifier": "158996701", "fdate": 1329727261000, "resolution": 2, "gnis_id": null, "gnis_name": null, "lengthkm": 0.274, "reachcode": "18020123000650", "flowdir": 1, "wbarea_permanent_identifier": null, "ftype": 460, "fcode": 46006, "innetwork": 1, "mainpath": 0, "visibilityfilter": 500000, "Shape_Length": 358.6151028484148, "globalid": "{0708EB3B-4C82-11E1-BCF4-0021280458E6}"}}, {"type": "Feature", "id": 16623217, "geometry": {"type": "LineString", "coordinates": [[-120.63775084263314, 39.7453601821342], [-120.63710970937689, 39.74574351533441], [-120.63689597539972, 39.74585184914796], [-120.63618290899781, 39.74629224953227], [-120.63589784226308, 39.746565716140864]]}, "properties": {"OBJECTID": 16623217, "permanent_identifier": "158996562", "fdate": 1329727766000, "resolution": 2, "gnis_id": null, "gnis_name": null, "lengthkm": 0.20800000000000002, "reachcode": "18020123030832", "flowdir": 1, "wbarea_permanent_identifier": null, "ftype": 460, "fcode": 46007, "innetwork": 1, "mainpath": 0, "visibilityfilter": 0, "Shape_Length": 271.46287901731216, "globalid": "{1C4C794A-4C7F-11E1-BCF4-0021280458E6}"}}, {"type": "Feature", "id": 16631022, "geometry": {"type": "LineString", "coordinates": [[-120.62018283849038, 39.733879916266105], [-120.62004123848185, 39.73388151585212], [-120.61975697191762, 39.733663983014836], [-120.6196145051444, 39.73350338276574], [-120.61947103841817, 39.73300944949371], [-120.61947037143595, 39.73290131554681], [-120.61925657190517, 39.73263125000744], [-120.61932610453917, 39.73241191595262]]}, "properties": {"OBJECTID": 16631022, "permanent_identifier": "158997307", "fdate": 1329728008000, "resolution": 2, "gnis_id": null, "gnis_name": null, "lengthkm": 0.197, "reachcode": "18020123030901", "flowdir": 1, "wbarea_permanent_identifier": null, "ftype": 460, "fcode": 46007, "innetwork": 1, "mainpath": 0, "visibilityfilter": 0, "Shape_Length": 255.9084166079095, "globalid": "{4CD32EC3-4C88-11E1-BCF4-0021280458E6}"}}, {"type": "Feature", "id": 16745710, "geometry": {"type": "LineString", "coordinates": [[-120.66387236279543, 39.75639161430731], [-120.66298006443779, 39.75662956078674], [-120.66214725444091, 39.75710545207933], [-120.6614929022426, 39.75770031737044], [-120.66066009120519, 39.75835466997552], [-120.65982727912724, 39.75877107570504], [-120.65869703461027, 39.75906850819878], [-120.65732884393394, 39.7590090211629], [-120.65642331414784, 39.75893231538269]]}, "properties": {"OBJECTID": 16745710, "permanent_identifier": "{0F4E73C9-F6AA-4A22-85FE-AB938A138E07}", "fdate": 1507852800000, "resolution": 2, "gnis_id": null, "gnis_name": null, "lengthkm": 0.73756571, "reachcode": "18020123038048", "flowdir": 1, "wbarea_permanent_identifier": null, "ftype": 460, "fcode": 46007, "innetwork": 1, "mainpath": 0, "visibilityfilter": 24000, "Shape_Length": 963.5641246446486, "globalid": "{969148FA-B565-419E-81AA-9221F101D797}"}}, {"type": "Feature", "id": 16745777, "geometry": {"type": "LineString", "coordinates": [[-120.63629864341587, 39.75321451620348], [-120.63626617667866, 39.75323991680247], [-120.63607551029644, 39.75340271656429], [-120.63592311058709, 39.75350771687878], [-120.6358085769451, 39.753613516197206], [-120.63567857680792, 39.753678450043466], [-120.63555617673002, 39.7537389160379], [-120.63545717617734, 39.753754916886585], [-120.63533477609946, 39.753815516407506], [-120.63518257721316, 39.75389351662324], [-120.63499197638453, 39.75400671657408], [-120.63485457701117, 39.75409851665625], [-120.63464877606408, 39.754229449715595], [-120.63444257659253, 39.754328849880224], [-120.63421390991404, 39.754423316581715], [-120.63399217735318, 39.75448631697613], [-120.6338325095149, 39.75455065003476], [-120.63367171061631, 39.75460145023791], [-120.63347311016344, 39.754669450167846], [-120.63334371041432, 39.754698316419784], [-120.63316850948672, 39.75470371689137], [-120.63306013476459, 39.754690837673806], [-120.63286168727019, 39.754689409760424], [-120.63267323410349, 39.75474937169834], [-120.63257186945789, 39.754839315707336]]}, "properties": {"OBJECTID": 16745777, "permanent_identifier": "158996799", "fdate": 1507852800000, "resolution": 2, "gnis_id": "00266769", "gnis_name": "Gray Eagle Creek", "lengthkm": 0.3771004, "reachcode": "18020123000640", "flowdir": 1, "wbarea_permanent_identifier": null, "ftype": 460, "fcode": 46006, "innetwork": 1, "mainpath": 0, "visibilityfilter": 2000000, "Shape_Length": 492.3649398380866, "globalid": "{FAB95389-4C91-11E1-BCF4-0021280458E6}"}}, {"type": "Feature", "id": 16847595, "geometry": {"type": "LineString", "coordinates": [[-120.63130597574548, 39.7496047160128], [-120.63132150883479, 39.74967524970616], [-120.63137497562619, 39.74990151608457]]}, "properties": {"OBJECTID": 16847595, "permanent_identifier": "158996694", "fdate": 1329727397000, "resolution": 2, "gnis_id": null, "gnis_name": null, "lengthkm": 0.034, "reachcode": "18020123003222", "flowdir": 1, "wbarea_permanent_identifier": null, "ftype": 460, "fcode": 46006, "innetwork": 1, "mainpath": 0, "visibilityfilter": 250000, "Shape_Length": 43.65472351779296, "globalid": "{69B28110-4C7A-11E1-BCF4-0021280458E6}"}}, {"type": "Feature", "id": 16855344, "geometry": {"type": "LineString", "coordinates": [[-120.66418937808155, 39.727377378748514], [-120.66397571069855, 39.72737764523794], [-120.66340577701152, 39.72754177853105], [-120.6626221114284, 39.727922445938866], [-120.6617667780358, 39.7286349789786], [-120.66098284399496, 39.72924077899955], [-120.66069837660768, 39.72946017916113], [-120.66041271156595, 39.72973371256546], [-120.66041264497179, 39.72984184587955]]}, "properties": {"OBJECTID": 16855344, "permanent_identifier": "158997409", "fdate": 1329728324000, "resolution": 2, "gnis_id": null, "gnis_name": null, "lengthkm": 0.438, "reachcode": "18020123030720", "flowdir": 1, "wbarea_permanent_identifier": null, "ftype": 460, "fcode": 46007, "innetwork": 1, "mainpath": 0, "visibilityfilter": 24000, "Shape_Length": 570.0709505001702, "globalid": "{2BDBB150-4C9C-11E1-BCF4-0021280458E6}"}}, {"type": "Feature", "id": 16856178, "geometry": {"type": "LineString", "coordinates": [[-120.64010324202215, 39.74321898154456], [-120.63974724313533, 39.74332878187992], [-120.63896384288836, 39.74333091490226], [-120.6362487092369, 39.743455715797246]]}, "properties": {"OBJECTID": 16856178, "permanent_identifier": "158996599", "fdate": 1329728386000, "resolution": 2, "gnis_id": null, "gnis_name": null, "lengthkm": 0.33, "reachcode": "18020123030749", "flowdir": 1, "wbarea_permanent_identifier": null, "ftype": 460, "fcode": 46007, "innetwork": 1, "mainpath": 0, "visibilityfilter": 0, "Shape_Length": 432.6940432864321, "globalid": "{CC2577B3-4C97-11E1-BCF4-0021280458E6}"}}, {"type": "Feature", "id": 16970048, "geometry": {"type": "LineString", "coordinates": [[-120.62879397095026, 39.76504771701308], [-120.62704506662708, 39.76586863164817], [-120.62604569213354, 39.76647539446893], [-120.62529616230391, 39.76733200016949], [-120.62493924358519, 39.768045838109934], [-120.62491736323938, 39.76860827020253]]}, "properties": {"OBJECTID": 16970048, "permanent_identifier": "{573FF90B-ABEE-4AC6-A5FE-4373F3895A29}", "fdate": 1507852800000, "resolution": 2, "gnis_id": null, "gnis_name": null, "lengthkm": 0.5471515800000001, "reachcode": "18020123038320", "flowdir": 1, "wbarea_permanent_identifier": null, "ftype": 460, "fcode": 46007, "innetwork": 1, "mainpath": 0, "visibilityfilter": 24000, "Shape_Length": 711.6357390696186, "globalid": "{D5B5DB0C-577A-4894-98FB-782BA1CBE976}"}}, {"type": "Feature", "id": 16970068, "geometry": {"type": "LineString", "coordinates": [[-120.66464898292384, 39.766485248184075], [-120.66464861665592, 39.7664853401627], [-120.6643963829263, 39.76654331549071], [-120.66408391581366, 39.766550514614394], [-120.66379358293709, 39.76648611518295], [-120.66359551627811, 39.766428115012545], [-120.66334358326274, 39.76636904863876], [-120.66313778231566, 39.76624324869108], [-120.66292378300234, 39.76612184831641], [-120.66275631636286, 39.76598331557871], [-120.66258818274113, 39.76577724876542], [-120.66244331545636, 39.7655085158102], [-120.66243598281427, 39.765359715252686], [-120.66240518197179, 39.76510231506743], [-120.66241258224854, 39.76503491491399], [-120.6623899818533, 39.764926448102464], [-120.66230618245964, 39.7648166485968], [-120.66222978230219, 39.76472491478995], [-120.66210718244179, 39.7646144486994], [-120.66203898273162, 39.76450044794959], [-120.66198538275194, 39.76437771516963], [-120.66195511570328, 39.76417444779476]]}, "properties": {"OBJECTID": 16970068, "permanent_identifier": "159002972", "fdate": 1507852800000, "resolution": 2, "gnis_id": "00274696", "gnis_name": "Claim Creek", "lengthkm": 0.40043168, "reachcode": "18020123004715", "flowdir": 1, "wbarea_permanent_identifier": null, "ftype": 460, "fcode": 46006, "innetwork": 1, "mainpath": 0, "visibilityfilter": 250000, "Shape_Length": 520.8119416149012, "globalid": "{C6EA719F-4C77-11E1-BCF4-0021280458E6}"}}, {"type": "Feature", "id": 17296219, "geometry": {"type": "LineString", "coordinates": [[-120.61089696769298, 39.71633804862623], [-120.60997976727921, 39.71716144863499], [-120.60948570099632, 39.71759731569659], [-120.60906243471766, 39.7180930489813], [-120.60835936784609, 39.71924071589321], [-120.60814916752186, 39.719731916147005], [-120.60807976807615, 39.720113315775635], [-120.60808176798223, 39.720604382559124], [-120.60815350134534, 39.72076804936738]]}, "properties": {"OBJECTID": 17296219, "permanent_identifier": "158996645", "fdate": 1329727736000, "resolution": 2, "gnis_id": null, "gnis_name": null, "lengthkm": 0.5690000000000001, "reachcode": "18020123030667", "flowdir": 1, "wbarea_permanent_identifier": null, "ftype": 460, "fcode": 46007, "innetwork": 1, "mainpath": 0, "visibilityfilter": 24000, "Shape_Length": 736.6962818327121, "globalid": "{1023AD1F-4C83-11E1-BCF4-0021280458E6}"}}, {"type": "Feature", "id": 17296585, "geometry": {"type": "LineString", "coordinates": [[-120.62776183941054, 39.73351591545764], [-120.627545173209, 39.73364784866859], [-120.62730817289491, 39.733755648563445], [-120.62704097316691, 39.73384924885803], [-120.62678190625147, 39.733920648484336], [-120.62661437301782, 39.7339757153196], [-120.62649210612824, 39.73403624901805], [-120.62630137315182, 39.734086449001175], [-120.62606450602611, 39.73418971593681], [-120.62597297338488, 39.73420131548316], [-120.62581297257574, 39.73422964938331], [-120.6256989727276, 39.73428131597103], [-120.62558437249145, 39.73434651609596], [-120.62549257243302, 39.73443024928653], [-120.62543697254723, 39.734491181878624]]}, "properties": {"OBJECTID": 17296585, "permanent_identifier": "158996703", "fdate": 1329727100000, "resolution": 2, "gnis_id": "00260351", "gnis_name": "Frazier Creek", "lengthkm": 0.23, "reachcode": "18020123000347", "flowdir": 1, "wbarea_permanent_identifier": null, "ftype": 460, "fcode": 46006, "innetwork": 1, "mainpath": 0, "visibilityfilter": 5000000, "Shape_Length": 299.79075701431157, "globalid": "{4380966C-4C77-11E1-BCF4-0021280458E6}"}}, {"type": "Feature", "id": 17305136, "geometry": {"type": "LineString", "coordinates": [[-120.65500984255996, 39.71979604554893], [-120.65515204191595, 39.71979437840615], [-120.65529417571834, 39.719905312545094]]}, "properties": {"OBJECTID": 17305136, "permanent_identifier": "158996634", "fdate": 1329728184000, "resolution": 2, "gnis_id": null, "gnis_name": null, "lengthkm": 0.029, "reachcode": "18020123030661", "flowdir": 1, "wbarea_permanent_identifier": null, "ftype": 460, "fcode": 46003, "innetwork": 1, "mainpath": 0, "visibilityfilter": 100000, "Shape_Length": 38.37260532158655, "globalid": "{C06FA759-4C90-11E1-BCF4-0021280458E6}"}}, {"type": "Feature", "id": 17520427, "geometry": {"type": "LineString", "coordinates": [[-120.63870550642766, 39.717420513463864], [-120.63877650517388, 39.71758404696075], [-120.63877657280858, 39.71785884645702], [-120.63856163909588, 39.71939498009308]]}, "properties": {"OBJECTID": 17520427, "permanent_identifier": "158997490", "fdate": 1329727758000, "resolution": 2, "gnis_id": null, "gnis_name": null, "lengthkm": 0.223, "reachcode": "18020123031564", "flowdir": 1, "wbarea_permanent_identifier": null, "ftype": 460, "fcode": 46003, "innetwork": 1, "mainpath": 0, "visibilityfilter": 100000, "Shape_Length": 288.31780605345506, "globalid": "{B59527BF-4C7F-11E1-BCF4-0021280458E6}"}}, {"type": "Feature", "id": 17520897, "geometry": {"type": "LineString", "coordinates": [[-120.64311430766276, 39.723627179694255], [-120.6417617062646, 39.723459980682996], [-120.64069370648255, 39.723240113250085], [-120.64055157372071, 39.72312918047402]]}, "properties": {"OBJECTID": 17520897, "permanent_identifier": "158997323", "fdate": 1329727736000, "resolution": 2, "gnis_id": null, "gnis_name": null, "lengthkm": 0.228, "reachcode": "18020123031213", "flowdir": 1, "wbarea_permanent_identifier": null, "ftype": 460, "fcode": 46007, "innetwork": 1, "mainpath": 0, "visibilityfilter": 0, "Shape_Length": 298.11892378101044, "globalid": "{10243C6E-4C83-11E1-BCF4-0021280458E6}"}}, {"type": "Feature", "id": 17528945, "geometry": {"type": "LineString", "coordinates": [[-120.61639263879154, 39.74203171684081], [-120.61646530551349, 39.742357583378606], [-120.61653663931163, 39.74246711705523], [-120.61667963883818, 39.742740383621154], [-120.61689357155731, 39.743177183507385], [-120.61725017291322, 39.74366645065827], [-120.617677439004, 39.74415718407067], [-120.61800597299982, 39.744432850546694]]}, "properties": {"OBJECTID": 17528945, "permanent_identifier": "158997387", "fdate": 1329728041000, "resolution": 2, "gnis_id": null, "gnis_name": null, "lengthkm": 0.306, "reachcode": "18020123030823", "flowdir": 1, "wbarea_permanent_identifier": null, "ftype": 460, "fcode": 46007, "innetwork": 1, "mainpath": 0, "visibilityfilter": 0, "Shape_Length": 396.6452008295954, "globalid": "{4ADAE359-4C8F-11E1-BCF4-0021280458E6}"}}, {"type": "Feature", "id": 17644440, "geometry": {"type": "LineString", "coordinates": [[-120.63319597541825, 39.764780027393755], [-120.63301751449805, 39.765404635953054], [-120.63251187955981, 39.76599950074061], [-120.63164932486227, 39.76680256984902], [-120.63093548534374, 39.767278461225786], [-120.6293293495486, 39.767605637588424], [-120.62793141625272, 39.767784097058154], [-120.62491736323938, 39.76860827020253]]}, "properties": {"OBJECTID": 17644440, "permanent_identifier": "{06690CD6-795B-4D23-B9D2-59475741F289}", "fdate": 1507852800000, "resolution": 2, "gnis_id": null, "gnis_name": null, "lengthkm": 0.8812347600000001, "reachcode": "18020123002392", "flowdir": 1, "wbarea_permanent_identifier": null, "ftype": 460, "fcode": 46007, "innetwork": 1, "mainpath": 0, "visibilityfilter": 100000, "Shape_Length": 1150.3629721098755, "globalid": "{4FC75BFD-9498-4E92-80B5-8CAEE2059F8F}"}}, {"type": "Feature", "id": 17644469, "geometry": {"type": "LineString", "coordinates": [[-120.62013415607363, 39.75734674376052], [-120.61984717475657, 39.75771511822425]]}, "properties": {"OBJECTID": 17644469, "permanent_identifier": "62400931", "fdate": 1507852800000, "resolution": 2, "gnis_id": null, "gnis_name": null, "lengthkm": 0.047934870000000004, "reachcode": "18020123002400", "flowdir": 1, "wbarea_permanent_identifier": null, "ftype": 460, "fcode": 46003, "innetwork": 1, "mainpath": 0, "visibilityfilter": 250000, "Shape_Length": 62.177006533066276, "globalid": "{B1603E0A-4C80-11E1-BCF4-0021280458E6}"}}, {"type": "Feature", "id": 17745699, "geometry": {"type": "LineString", "coordinates": [[-120.64694830967457, 39.73526784685768], [-120.64730397559056, 39.73559484721723], [-120.64744610939294, 39.736088713952924], [-120.64765930957627, 39.736638113953695], [-120.64858397686093, 39.73762984728716], [-120.64901151036888, 39.738012380938514], [-120.64922424335249, 39.738124714023755]]}, "properties": {"OBJECTID": 17745699, "permanent_identifier": "158997398", "fdate": 1329727839000, "resolution": 2, "gnis_id": null, "gnis_name": null, "lengthkm": 0.383, "reachcode": "18020123030837", "flowdir": 1, "wbarea_permanent_identifier": null, "ftype": 460, "fcode": 46007, "innetwork": 1, "mainpath": 0, "visibilityfilter": 0, "Shape_Length": 496.32733112642376, "globalid": "{49B318B7-4C80-11E1-BCF4-0021280458E6}"}}, {"type": "Feature", "id": 17746138, "geometry": {"type": "LineString", "coordinates": [[-120.63938071092434, 39.750388782683125], [-120.63909357664883, 39.75072078247957], [-120.63902044376768, 39.750940049467786], [-120.63880477751914, 39.7512103832597], [-120.63873244376798, 39.75142964948955], [-120.63865964385766, 39.75159484949215], [-120.63858731010652, 39.75181411609821], [-120.63851377661983, 39.75208731599452], [-120.63863251089698, 39.75229631649962]]}, "properties": {"OBJECTID": 17746138, "permanent_identifier": "158996591", "fdate": 1329727937000, "resolution": 2, "gnis_id": null, "gnis_name": null, "lengthkm": 0.232, "reachcode": "18020123030850", "flowdir": 1, "wbarea_permanent_identifier": null, "ftype": 460, "fcode": 46007, "innetwork": 1, "mainpath": 0, "visibilityfilter": 0, "Shape_Length": 300.5992970046216, "globalid": "{3DC06DC9-4C85-11E1-BCF4-0021280458E6}"}}, {"type": "Feature", "id": 17755202, "geometry": {"type": "LineString", "coordinates": [[-120.61932610453917, 39.73241191595262], [-120.61801237020194, 39.73160611641708]]}, "properties": {"OBJECTID": 17755202, "permanent_identifier": "158997405", "fdate": 1329728311000, "resolution": 2, "gnis_id": null, "gnis_name": null, "lengthkm": 0.14400000000000002, "reachcode": "18020123030706", "flowdir": 1, "wbarea_permanent_identifier": null, "ftype": 460, "fcode": 46007, "innetwork": 1, "mainpath": 0, "visibilityfilter": 24000, "Shape_Length": 187.06225454941207, "globalid": "{0B87D9FE-4C97-11E1-BCF4-0021280458E6}"}}, {"type": "Feature", "id": 17970746, "geometry": {"type": "LineString", "coordinates": [[-120.6645925131518, 39.74126464615983], [-120.66434318043052, 39.74156971362819], [-120.66409831264002, 39.74184404628651], [-120.66383937995346, 39.742100046817136], [-120.66363358004688, 39.74228064622991], [-120.66331257951613, 39.74251731329808], [-120.66299257997895, 39.74272711332303], [-120.66282471273391, 39.74286344619261], [-120.66268711357806, 39.74298224647857], [-120.66251911314468, 39.743077913667584], [-120.66218371266598, 39.7432468468886], [-120.6621381799452, 39.743300046878005], [-120.66207697886571, 39.74338431324726], [-120.66199277886653, 39.743499713089335], [-120.66192397876831, 39.74361551357825], [-120.66166491289343, 39.74385811343551], [-120.66154264600385, 39.74398491356514]]}, "properties": {"OBJECTID": 17970746, "permanent_identifier": "158997720", "fdate": 1329727101000, "resolution": 2, "gnis_id": "00266321", "gnis_name": "Smith Creek", "lengthkm": 0.404, "reachcode": "18020123000158", "flowdir": 1, "wbarea_permanent_identifier": null, "ftype": 460, "fcode": 46006, "innetwork": 1, "mainpath": 0, "visibilityfilter": 2000000, "Shape_Length": 525.5620026699273, "globalid": "{1C135682-4C7A-11E1-BCF4-0021280458E6}"}}, {"type": "Feature", "id": 17971069, "geometry": {"type": "LineString", "coordinates": [[-120.63365043794226, 39.71730404706553], [-120.63386350493721, 39.71785337986771], [-120.6338635715314, 39.71802011384714]]}, "properties": {"OBJECTID": 17971069, "permanent_identifier": "158997491", "fdate": 1329727965000, "resolution": 2, "gnis_id": null, "gnis_name": null, "lengthkm": 0.083, "reachcode": "18020123031563", "flowdir": 1, "wbarea_permanent_identifier": null, "ftype": 460, "fcode": 46007, "innetwork": 1, "mainpath": 0, "visibilityfilter": 0, "Shape_Length": 107.09240240153662, "globalid": "{681DF1EC-4C86-11E1-BCF4-0021280458E6}"}}, {"type": "Feature", "id": 18093724, "geometry": {"type": "LineString", "coordinates": [[-120.66497638065673, 39.75104171436185], [-120.66479298032236, 39.75114171352112], [-120.66454898137762, 39.75128091450909], [-120.66431991409364, 39.75136644790196], [-120.6641365147998, 39.751506847618536], [-120.66393851369446, 39.751647047052245], [-120.66370938085683, 39.75184051399436], [-120.66353398118726, 39.752021714262945], [-120.6634887803968, 39.75211091385104], [-120.66333611431077, 39.75233304753868], [-120.66319858070855, 39.75253744743362], [-120.663045913582, 39.752737114074996], [-120.66288571507144, 39.7529005142044], [-120.66280931491399, 39.753002647388115], [-120.662679780936, 39.75308104690946], [-120.66252718040363, 39.753172647433026], [-120.66231358169586, 39.75329891444129], [-120.66210011409534, 39.75339824715165], [-120.66192411403775, 39.75351184789901], [-120.6617639134461, 39.753612247454335], [-120.66164978145018, 39.75368651447236], [-120.6614897140469, 39.75386791467509], [-120.66140511448272, 39.75395184813544], [-120.66128358116949, 39.75411604774139], [-120.66122231453637, 39.75424544725049], [-120.66116878115083, 39.75438404760002], [-120.66109298138142, 39.754553647458934], [-120.66100931413557, 39.7546781144444], [-120.66092498094804, 39.75482051448573], [-120.66083338171265, 39.75494031488906], [-120.66076491458529, 39.75504251384382], [-120.66066558002125, 39.75511264759579], [-120.66051311371773, 39.755240114165225], [-120.66033711470065, 39.75539871429729], [-120.66024618036639, 39.75547804782398], [-120.6601237136943, 39.75556111458573], [-120.6600093142812, 39.75562184770757], [-120.65987991349154, 39.75567331507068], [-120.6598035809688, 39.75573031477647]]}, "properties": {"OBJECTID": 18093724, "permanent_identifier": "159003760", "fdate": 1507852800000, "resolution": 2, "gnis_id": null, "gnis_name": null, "lengthkm": 0.7011827700000001, "reachcode": "18020123003223", "flowdir": 1, "wbarea_permanent_identifier": null, "ftype": 460, "fcode": 46006, "innetwork": 1, "mainpath": 0, "visibilityfilter": 500000, "Shape_Length": 911.5874221075383, "globalid": "{327FE842-4C87-11E1-BCF4-0021280458E6}"}}, {"type": "Feature", "id": 18093746, "geometry": {"type": "LineString", "coordinates": [[-120.66106931027686, 39.72359851170758], [-120.66090877671441, 39.723752911815915], [-120.66080257670801, 39.723894912392055], [-120.66073337600427, 39.724064712146934], [-120.66068817625435, 39.72419444499864], [-120.66068811070073, 39.724329511632504], [-120.66071831011467, 39.724406712111936], [-120.66069517592557, 39.724505311781655], [-120.6606421763339, 39.724607912013965], [-120.66056590936478, 39.72475051185393], [-120.66046690985263, 39.724874645333536], [-120.66038257666513, 39.72497651194474], [-120.66030671030154, 39.72506504548467]]}, "properties": {"OBJECTID": 18093746, "permanent_identifier": "62407429", "fdate": 1329727091000, "resolution": 2, "gnis_id": "00266769", "gnis_name": "Gray Eagle Creek", "lengthkm": 0.182, "reachcode": "18020123000640", "flowdir": 1, "wbarea_permanent_identifier": null, "ftype": 460, "fcode": 46006, "innetwork": 1, "mainpath": 0, "visibilityfilter": 2000000, "Shape_Length": 235.43505264659564, "globalid": "{260D6CCD-4C8C-11E1-BCF4-0021280458E6}"}}, {"type": "Feature", "id": 18195346, "geometry": {"type": "LineString", "coordinates": [[-120.63016090674276, 39.739998382180595], [-120.62917937428313, 39.74067204967897], [-120.62817397405806, 39.741151449274554], [-120.62708330728661, 39.741417516107155], [-120.62627017378486, 39.741375783386104]]}, "properties": {"OBJECTID": 18195346, "permanent_identifier": "158997383", "fdate": 1329727630000, "resolution": 2, "gnis_id": null, "gnis_name": null, "lengthkm": 0.38, "reachcode": "18020123030820", "flowdir": 1, "wbarea_permanent_identifier": null, "ftype": 460, "fcode": 46007, "innetwork": 1, "mainpath": 0, "visibilityfilter": 0, "Shape_Length": 496.24516759976393, "globalid": "{C6AE9742-4C7A-11E1-BCF4-0021280458E6}"}}, {"type": "Feature", "id": 18195491, "geometry": {"type": "LineString", "coordinates": [[-120.65223537350623, 39.7167714452799], [-120.6531609751903, 39.71671817839198], [-120.65344564131955, 39.71666531165934], [-120.65365964167336, 39.71661111223095], [-120.65451397511293, 39.71644364488464], [-120.65479897421302, 39.71644491191067], [-120.65551117489075, 39.71655391208212], [-120.6561521083645, 39.7164452448752], [-120.65636544173614, 39.716390911607746], [-120.65650804169769, 39.716335244836465], [-120.65679270782691, 39.71628244504373]]}, "properties": {"OBJECTID": 18195491, "permanent_identifier": "158997363", "fdate": 1329727606000, "resolution": 2, "gnis_id": null, "gnis_name": null, "lengthkm": 0.397, "reachcode": "18020123030774", "flowdir": 1, "wbarea_permanent_identifier": null, "ftype": 460, "fcode": 46007, "innetwork": 1, "mainpath": 0, "visibilityfilter": 24000, "Shape_Length": 520.1865152449632, "globalid": "{0E500C53-4C79-11E1-BCF4-0021280458E6}"}}, {"type": "Feature", "id": 18203270, "geometry": {"type": "LineString", "coordinates": [[-120.66804277876592, 39.7311785113923], [-120.6679439790363, 39.731227712376494], [-120.66774511220677, 39.73130931196007], [-120.66746317851944, 39.731384712126875], [-120.66723397804711, 39.73143411221905], [-120.66699791213246, 39.73147444497175], [-120.66682177784597, 39.73150691233243], [-120.66669231254323, 39.731540445571234], [-120.66659357836718, 39.73161491162922], [-120.6665479114176, 39.731713112084755], [-120.66644811277544, 39.73184184547844], [-120.66634911222278, 39.73198404545347], [-120.66625757854099, 39.732148845560594], [-120.6661663112359, 39.73228211214004], [-120.66610497800862, 39.732456511650334], [-120.66605951188203, 39.73264031235811], [-120.66604391219855, 39.73284271254697], [-120.66602857889171, 39.733144245995405], [-120.66602897949723, 39.73343251243851], [-120.66598277875376, 39.7336568452695], [-120.6658989117254, 39.73387584568359], [-120.66586871231145, 39.73403284580437], [-120.66585357878712, 39.73418124513002], [-120.66592937959707, 39.73439444572221], [-120.66603657851594, 39.73474344566166], [-120.66602877867423, 39.73486491254799], [-120.6660441785752, 39.73492831251392], [-120.66608991315954, 39.73497871269267], [-120.66611291207924, 39.735073846070215], [-120.66616577952311, 39.73521451263909], [-120.66618991262472, 39.73527951263727]]}, "properties": {"OBJECTID": 18203270, "permanent_identifier": "158997734", "fdate": 1329727101000, "resolution": 2, "gnis_id": "00266321", "gnis_name": "Smith Creek", "lengthkm": 0.56, "reachcode": "18020123000158", "flowdir": 1, "wbarea_permanent_identifier": null, "ftype": 460, "fcode": 46006, "innetwork": 1, "mainpath": 0, "visibilityfilter": 2000000, "Shape_Length": 726.6550886022537, "globalid": "{6A23C5D5-4C87-11E1-BCF4-0021280458E6}"}}, {"type": "Feature", "id": 18203365, "geometry": {"type": "LineString", "coordinates": [[-120.63684190717977, 39.72944098049452], [-120.63648583961773, 39.72927611469567], [-120.63556104018525, 39.72894198133823], [-120.63527564047966, 39.72888664799946], [-120.63496037329043, 39.72872384792845]]}, "properties": {"OBJECTID": 18203365, "permanent_identifier": "158997317", "fdate": 1329728137000, "resolution": 2, "gnis_id": null, "gnis_name": null, "lengthkm": 0.18000000000000002, "reachcode": "18020123030765", "flowdir": 1, "wbarea_permanent_identifier": null, "ftype": 460, "fcode": 46007, "innetwork": 1, "mainpath": 0, "visibilityfilter": 0, "Shape_Length": 235.04617874266262, "globalid": "{004EA5D5-4C8D-11E1-BCF4-0021280458E6}"}}, {"type": "Feature", "id": 18317717, "geometry": {"type": "LineString", "coordinates": [[-120.66324144654104, 39.74740264700271], [-120.66302771360442, 39.747510913404774], [-120.6623863795251, 39.74794844707812], [-120.66198855013695, 39.74838508274526], [-120.66162421865508, 39.74878495233302], [-120.66098547238346, 39.75030084006905], [-120.66055610649539, 39.75131981806417], [-120.66012689252523, 39.75306306917745], [-120.65976265885352, 39.75416168053905], [-120.6598035809688, 39.75573031477647]]}, "properties": {"OBJECTID": 18317717, "permanent_identifier": "158997599", "fdate": 1507852800000, "resolution": 2, "gnis_id": null, "gnis_name": null, "lengthkm": 1.00867259, "reachcode": "18020123031443", "flowdir": 1, "wbarea_permanent_identifier": null, "ftype": 460, "fcode": 46007, "innetwork": 1, "mainpath": 0, "visibilityfilter": 100000, "Shape_Length": 1305.848068580937, "globalid": "{9CBD7ADD-4C82-11E1-BCF4-0021280458E6}"}}, {"type": "Feature", "id": 18317822, "geometry": {"type": "LineString", "coordinates": [[-120.65403157737663, 39.737472646520004], [-120.65388231071474, 39.7375434470809], [-120.65368391108491, 39.737629513624746], [-120.65355437710693, 39.737708046661766], [-120.65346271023681, 39.737764713967856], [-120.65339391013863, 39.737794846735476], [-120.65330251068572, 39.737824513804206], [-120.65321837728071, 39.737849847263966], [-120.65314197712327, 39.73788884721936], [-120.65305871048297, 39.73795924727981], [-120.65291351022732, 39.73808691441826], [-120.65280677746762, 39.73820191425848], [-120.6527225774684, 39.73823624678334], [-120.65260857762028, 39.73828344717583], [-120.65243311031598, 39.738361047303314], [-120.6523782440066, 39.73839871393505]]}, "properties": {"OBJECTID": 18317822, "permanent_identifier": "158996746", "fdate": 1329727091000, "resolution": 2, "gnis_id": "00266769", "gnis_name": "Gray Eagle Creek", "lengthkm": 0.17700000000000002, "reachcode": "18020123000640", "flowdir": 1, "wbarea_permanent_identifier": null, "ftype": 460, "fcode": 46006, "innetwork": 1, "mainpath": 0, "visibilityfilter": 2000000, "Shape_Length": 230.98409722746752, "globalid": "{DEA32821-4C78-11E1-BCF4-0021280458E6}"}}, {"type": "Feature", "id": 18418806, "geometry": {"type": "LineString", "coordinates": [[-120.62195490509703, 39.73398384927086], [-120.62238130546365, 39.734307849414996], [-120.62259423822974, 39.73441578270912], [-120.62344523883941, 39.7345233157414], [-120.6236578396752, 39.734577249033215], [-120.62436823918883, 39.73495664851582], [-120.62470783926216, 39.73524164905756]]}, "properties": {"OBJECTID": 18418806, "permanent_identifier": "158947316", "fdate": 1329727884000, "resolution": 2, "gnis_id": null, "gnis_name": null, "lengthkm": 0.28200000000000003, "reachcode": "18020123030707", "flowdir": 1, "wbarea_permanent_identifier": null, "ftype": 460, "fcode": 46007, "innetwork": 1, "mainpath": 0, "visibilityfilter": 0, "Shape_Length": 368.2815645340018, "globalid": "{97A6822F-4C84-11E1-BCF4-0021280458E6}"}}, {"type": "Feature", "id": 18419481, "geometry": {"type": "LineString", "coordinates": [[-120.65493437576139, 39.72413224522383], [-120.65550497539004, 39.723580712756224], [-120.6556476429863, 39.72330884600772], [-120.65593297609772, 39.72270197905606], [-120.65600450863782, 39.72248271185132], [-120.65636097576484, 39.72198991212063], [-120.65657464314786, 39.72188164564155], [-120.65671690909804, 39.72177191198089]]}, "properties": {"OBJECTID": 18419481, "permanent_identifier": "158997388", "fdate": 1329727448000, "resolution": 2, "gnis_id": null, "gnis_name": null, "lengthkm": 0.311, "reachcode": "18020123030822", "flowdir": 1, "wbarea_permanent_identifier": null, "ftype": 460, "fcode": 46003, "innetwork": 1, "mainpath": 0, "visibilityfilter": 250000, "Shape_Length": 403.09401754803605, "globalid": "{99995E1D-4C75-11E1-BCF4-0021280458E6}"}}, {"type": "Feature", "id": 18643026, "geometry": {"type": "LineString", "coordinates": [[-120.66361517820573, 39.73269911238089], [-120.6631167115052, 39.7325359124063], [-120.66233324466403, 39.73258777951538], [-120.66211997788656, 39.73264197919031], [-120.66147877803613, 39.732863245808254], [-120.66076624438756, 39.73297057961122], [-120.66048137847582, 39.73302784616333], [-120.65919944493412, 39.73291644661158], [-120.65884411094842, 39.73275171315627], [-120.6586301782293, 39.73258511322186]]}, "properties": {"OBJECTID": 18643026, "permanent_identifier": "158997368", "fdate": 1329727572000, "resolution": 2, "gnis_id": null, "gnis_name": null, "lengthkm": 0.45, "reachcode": "18020123030777", "flowdir": 1, "wbarea_permanent_identifier": null, "ftype": 460, "fcode": 46007, "innetwork": 1, "mainpath": 0, "visibilityfilter": 24000, "Shape_Length": 588.3795369024011, "globalid": "{DEA382C8-4C78-11E1-BCF4-0021280458E6}"}}, {"type": "Feature", "id": 18643720, "geometry": {"type": "LineString", "coordinates": [[-120.67207844872438, 39.74796364604212], [-120.6719361151395, 39.74796524610131], [-120.67165131478139, 39.74812617986375], [-120.67143711464506, 39.74818497947537], [-120.66944304806033, 39.74807291319811], [-120.6680188475279, 39.74801724640436], [-120.66751998126234, 39.748124379801354], [-120.66709238116019, 39.74834551351197], [-120.66687858058887, 39.74845378003241], [-120.66645104812142, 39.74867491348574], [-120.6660945809944, 39.74883891366508], [-120.66564011430823, 39.74901464731012]]}, "properties": {"OBJECTID": 18643720, "permanent_identifier": "158997500", "fdate": 1329727965000, "resolution": 2, "gnis_id": null, "gnis_name": null, "lengthkm": 0.5850000000000001, "reachcode": "18020123031527", "flowdir": 1, "wbarea_permanent_identifier": null, "ftype": 460, "fcode": 46007, "innetwork": 1, "mainpath": 0, "visibilityfilter": 24000, "Shape_Length": 765.5829545399938, "globalid": "{681E0906-4C86-11E1-BCF4-0021280458E6}"}}, {"type": "Feature", "id": 18991229, "geometry": {"type": "LineString", "coordinates": [[-120.61380870293172, 39.729625849563746], [-120.61369736997186, 39.72961184931979], [-120.6134911028656, 39.72958964898431], [-120.61324710392086, 39.729539516147845], [-120.61306356935764, 39.72953124963198], [-120.61291116964826, 39.72951011599557], [-120.61278157011665, 39.72948491631229], [-120.61268210236426, 39.729469316351334], [-120.61256790377418, 39.72946251667508], [-120.61243056995445, 39.72946871616812], [-120.61230090278812, 39.72948851661058], [-120.61214090301954, 39.729539316086964], [-120.61199590358693, 39.72959944955863], [-120.61188116912192, 39.72962851597172], [-120.6117137701171, 39.72966111704197], [-120.61148476942729, 39.729678916024255], [-120.61122476915298, 39.72969164947191], [-120.61108810231545, 39.72970231669346], [-120.61092776957602, 39.72969905010709], [-120.61066037006552, 39.72973405026729], [-120.61041656986275, 39.72974251681912], [-120.61022530309246, 39.72974764956567], [-120.61001210290917, 39.72977924947839], [-120.60985216973475, 39.72982551618031], [-120.60971456953835, 39.72990371640682], [-120.60960777018444, 39.72995564951549], [-120.6093863029597, 39.730054650171425], [-120.60917290195336, 39.730153849944045], [-120.6091432363333, 39.73016785007793], [-120.60911823646698, 39.73017964955984]]}, "properties": {"OBJECTID": 18991229, "permanent_identifier": "158996855", "fdate": 1507852800000, "resolution": 2, "gnis_id": null, "gnis_name": null, "lengthkm": 0.41787455, "reachcode": "18020123003369", "flowdir": 1, "wbarea_permanent_identifier": null, "ftype": 460, "fcode": 46003, "innetwork": 1, "mainpath": 0, "visibilityfilter": 250000, "Shape_Length": 546.9573016959995, "globalid": "{90FF8045-4C85-11E1-BCF4-0021280458E6}"}}, {"type": "Feature", "id": 18991294, "geometry": {"type": "LineString", "coordinates": [[-120.65762244408681, 39.73167324599916], [-120.65761357769786, 39.73174951320403], [-120.6575825104787, 39.73191104578992], [-120.65757537761914, 39.73201451283744], [-120.65753437746385, 39.732062446485834]]}, "properties": {"OBJECTID": 18991294, "permanent_identifier": "158996838", "fdate": 1329727091000, "resolution": 2, "gnis_id": "00266769", "gnis_name": "Gray Eagle Creek", "lengthkm": 0.045000000000000005, "reachcode": "18020123000640", "flowdir": 1, "wbarea_permanent_identifier": null, "ftype": 460, "fcode": 46006, "innetwork": 1, "mainpath": 0, "visibilityfilter": 2000000, "Shape_Length": 58.022959378437044, "globalid": "{2D6BD65D-4C74-11E1-BCF4-0021280458E6}"}}, {"type": "Feature", "id": 19092434, "geometry": {"type": "LineString", "coordinates": [[-120.61314736875127, 39.72103764835925], [-120.6130411021507, 39.72109404924995], [-120.61291096882526, 39.72119044951906], [-120.61275116883913, 39.72132224865102], [-120.61266670246327, 39.7214241157081], [-120.6125679016931, 39.72149864871637], [-120.61248416889362, 39.721555515826026], [-120.61240770214202, 39.721616915188655], [-120.61227756881655, 39.72173144869989], [-120.61217096820462, 39.721823848813806], [-120.61202636833701, 39.72193344953674], [-120.61186616878594, 39.72201124974559], [-120.61166776811558, 39.72209724924678], [-120.61140090239893, 39.72218631630126], [-120.61127116863844, 39.722224249477286], [-120.61116370230238, 39.72225351588033], [-120.61103456788938, 39.72225531581814], [-120.61085130178388, 39.72228764906374], [-120.61068316920272, 39.722315715749225], [-120.61055376841306, 39.72234904937515], [-120.61047736825562, 39.72238804929692], [-120.61035570175407, 39.72247111593548], [-120.61022570161693, 39.72255851623145], [-120.61010390192705, 39.72264611569719], [-120.60995076864135, 39.722728516156536], [-120.6097831688135, 39.72283324948803], [-120.60963056828112, 39.722924649325854], [-120.60951590145079, 39.72305744954338], [-120.60948570203686, 39.723191916565845], [-120.60945470245238, 39.7233714498841], [-120.60945476904655, 39.72345251615328], [-120.60945530179987, 39.72354264907501], [-120.60947810197761, 39.72366471592339], [-120.60945470245238, 39.723794849682776], [-120.60947810197761, 39.72391691608471], [-120.60950090111481, 39.724061515720535], [-120.60954630168779, 39.72420211672716], [-120.60959210182573, 39.724311249493695], [-120.60959190204323, 39.724401249242874], [-120.60953110156926, 39.72447211604976], [-120.60947816857177, 39.724525049625456], [-120.60937096861237, 39.7245904494495], [-120.60927170168303, 39.72467844968514], [-120.60916530189411, 39.72482491562004], [-120.60912670225039, 39.72495024941087], [-120.60906576858814, 39.72508871661906], [-120.60901270240228, 39.725231716411756], [-120.6089359016393, 39.72534271623104], [-120.60887516880005, 39.72543164944638], [-120.60879156814836, 39.725533516835256], [-120.60876056856391, 39.72564991651669], [-120.60870730155501, 39.725842516915286], [-120.6086615024576, 39.72600371601838], [-120.60857756883506, 39.7261552497301], [-120.60851676836111, 39.72622604991138], [-120.60842476852018, 39.726291649792955]]}, "properties": {"OBJECTID": 19092434, "permanent_identifier": "158996735", "fdate": 1329727156000, "resolution": 2, "gnis_id": null, "gnis_name": null, "lengthkm": 0.785, "reachcode": "18020123004244", "flowdir": 1, "wbarea_permanent_identifier": null, "ftype": 460, "fcode": 46003, "innetwork": 1, "mainpath": 0, "visibilityfilter": 250000, "Shape_Length": 1019.4877910613689, "globalid": "{620411A2-4C7C-11E1-BCF4-0021280458E6}"}}, {"type": "Feature", "id": 19102021, "geometry": {"type": "LineString", "coordinates": [[-120.66055697638167, 39.72803397920177], [-120.66034284388003, 39.728304446074965], [-120.66005784373945, 39.72858244548436], [-120.65852911013585, 39.7295107793977]]}, "properties": {"OBJECTID": 19102021, "permanent_identifier": "158996663", "fdate": 1329728311000, "resolution": 2, "gnis_id": null, "gnis_name": null, "lengthkm": 0.24100000000000002, "reachcode": "18020123031236", "flowdir": 1, "wbarea_permanent_identifier": null, "ftype": 460, "fcode": 46003, "innetwork": 1, "mainpath": 0, "visibilityfilter": 100000, "Shape_Length": 313.90775912226775, "globalid": "{0B8687E8-4C97-11E1-BCF4-0021280458E6}"}}, {"type": "Feature", "id": 19316727, "geometry": {"type": "LineString", "coordinates": [[-120.65379084258656, 39.728631646720864], [-120.65457364244554, 39.72917904632015], [-120.65478757620521, 39.729345446422236], [-120.6554987769299, 39.73011211280325], [-120.6559973768188, 39.730441980048994], [-120.65685151047589, 39.731103313456984], [-120.65742031102153, 39.731596779455174], [-120.65762244408681, 39.73167324599916]]}, "properties": {"OBJECTID": 19316727, "permanent_identifier": "158947314", "fdate": 1329727892000, "resolution": 2, "gnis_id": null, "gnis_name": null, "lengthkm": 0.47400000000000003, "reachcode": "18020123030671", "flowdir": 1, "wbarea_permanent_identifier": null, "ftype": 460, "fcode": 46007, "innetwork": 1, "mainpath": 0, "visibilityfilter": 24000, "Shape_Length": 616.6344542296746, "globalid": "{FD723D47-4C84-11E1-BCF4-0021280458E6}"}}, {"type": "Feature", "id": 19325224, "geometry": {"type": "LineString", "coordinates": [[-120.63073704097096, 39.738671049271254], [-120.63073417430023, 39.738676915879104], [-120.63057390815493, 39.73886731551826], [-120.63040637388072, 39.73907111605788], [-120.63024617432964, 39.739275048816445], [-120.63012417381674, 39.739389649009915], [-120.63004790684762, 39.739424116164805], [-120.62993350743452, 39.739421849399996], [-120.62982670704008, 39.73938811596242], [-120.62965817385337, 39.739299049526245], [-120.62950597392653, 39.73922844920133], [-120.62939137369038, 39.73919004930252], [-120.62926150674154, 39.739214449307376], [-120.62913230781545, 39.73923871568172], [-120.62894117423352, 39.73932044900524], [-120.62869677364273, 39.73949564923845], [-120.62850257360752, 39.73968131627229]]}, "properties": {"OBJECTID": 19325224, "permanent_identifier": "158996755", "fdate": 1329727453000, "resolution": 2, "gnis_id": null, "gnis_name": null, "lengthkm": 0.263, "reachcode": "18020123002824", "flowdir": 1, "wbarea_permanent_identifier": null, "ftype": 460, "fcode": 46003, "innetwork": 1, "mainpath": 0, "visibilityfilter": 100000, "Shape_Length": 342.2031020071333, "globalid": "{F965A666-4C8A-11E1-BCF4-0021280458E6}"}}, {"type": "Feature", "id": 19325881, "geometry": {"type": "LineString", "coordinates": [[-120.66540271338863, 39.740106979465196], [-120.66535017995612, 39.740171046710074], [-120.66519757942375, 39.740285113334664], [-120.66507517934582, 39.74036824642341], [-120.66497578026869, 39.740478845816845], [-120.6648707789573, 39.74067218009761]]}, "properties": {"OBJECTID": 19325881, "permanent_identifier": "158997770", "fdate": 1329727101000, "resolution": 2, "gnis_id": "00266321", "gnis_name": "Smith Creek", "lengthkm": 0.079, "reachcode": "18020123000158", "flowdir": 1, "wbarea_permanent_identifier": null, "ftype": 460, "fcode": 46006, "innetwork": 1, "mainpath": 0, "visibilityfilter": 2000000, "Shape_Length": 102.62919599220523, "globalid": "{1B5BBA6D-4C8F-11E1-BCF4-0021280458E6}"}}, {"type": "Feature", "id": 19325907, "geometry": {"type": "LineString", "coordinates": [[-120.62154517200163, 39.73769538270749], [-120.62146430483236, 39.73769004971539], [-120.62128097213272, 39.73769531629516], [-120.6211821058089, 39.73771131606917], [-120.6210829720679, 39.73774984961652]]}, "properties": {"OBJECTID": 19325907, "permanent_identifier": "158996791", "fdate": 1329727100000, "resolution": 2, "gnis_id": "00260351", "gnis_name": "Frazier Creek", "lengthkm": 0.041, "reachcode": "18020123000347", "flowdir": 1, "wbarea_permanent_identifier": null, "ftype": 460, "fcode": 46006, "innetwork": 1, "mainpath": 0, "visibilityfilter": 5000000, "Shape_Length": 53.06994497810361, "globalid": "{958AE4CF-4C93-11E1-BCF4-0021280458E6}"}}, {"type": "Feature", "id": 19439091, "geometry": {"type": "LineString", "coordinates": [[-120.63863251089698, 39.75229631649962], [-120.63857751035872, 39.75231391604161], [-120.6384861109058, 39.75234364885769], [-120.6383715772638, 39.752404316018335], [-120.63824177690917, 39.752446715640936], [-120.63811237716004, 39.75252071592338], [-120.63799771032973, 39.75260844930991], [-120.63782231066013, 39.75270404953482], [-120.63776871068042, 39.752734449361], [-120.63767757656368, 39.75277764955402], [-120.6375321109719, 39.75280624940766], [-120.63740251039975, 39.752821516097605], [-120.63734157673746, 39.752811316438745], [-120.63720451033493, 39.752831116575166], [-120.6370367107246, 39.75287271676238], [-120.63672351003558, 39.752988049514244], [-120.63663231036521, 39.75303124954826], [-120.63652491062325, 39.753078515803765], [-120.6363727096559, 39.75315651685406], [-120.63629864341587, 39.75321451620348]]}, "properties": {"OBJECTID": 19439091, "permanent_identifier": "158996798", "fdate": 1329727091000, "resolution": 2, "gnis_id": "00266769", "gnis_name": "Gray Eagle Creek", "lengthkm": 0.228, "reachcode": "18020123000640", "flowdir": 1, "wbarea_permanent_identifier": null, "ftype": 460, "fcode": 46006, "innetwork": 1, "mainpath": 0, "visibilityfilter": 2000000, "Shape_Length": 297.98422758448, "globalid": "{804089DC-4C89-11E1-BCF4-0021280458E6}"}}, {"type": "Feature", "id": 19540130, "geometry": {"type": "LineString", "coordinates": [[-120.64328157556032, 39.731668980833184], [-120.6432539743594, 39.73172911404762], [-120.64322397576849, 39.7319041143188], [-120.64321617488623, 39.7320887143127], [-120.64323910825227, 39.73225131438681], [-120.64324717551123, 39.73242264677004], [-120.64322397576849, 39.73254384807575], [-120.64313237549254, 39.73273111424481], [-120.64300237535541, 39.732886114060626], [-120.64291837513872, 39.73299704714283], [-120.64282717546834, 39.7331259141732], [-120.6427357749749, 39.73332671413754], [-120.64263650908609, 39.73350044764128], [-120.64254584216901, 39.733580247293055]]}, "properties": {"OBJECTID": 19540130, "permanent_identifier": "158996759", "fdate": 1329727215000, "resolution": 2, "gnis_id": null, "gnis_name": null, "lengthkm": 0.229, "reachcode": "18020123004153", "flowdir": 1, "wbarea_permanent_identifier": null, "ftype": 460, "fcode": 46006, "innetwork": 1, "mainpath": 0, "visibilityfilter": 250000, "Shape_Length": 296.82560421430964, "globalid": "{7B05A4F6-4C73-11E1-BCF4-0021280458E6}"}}, {"type": "Feature", "id": 19764577, "geometry": {"type": "LineString", "coordinates": [[-120.66126764435305, 39.7297869790031], [-120.66041264497179, 39.72984184587955]]}, "properties": {"OBJECTID": 19764577, "permanent_identifier": "158997374", "fdate": 1329727546000, "resolution": 2, "gnis_id": null, "gnis_name": null, "lengthkm": 0.07300000000000001, "reachcode": "18020123030796", "flowdir": 1, "wbarea_permanent_identifier": null, "ftype": 460, "fcode": 46003, "innetwork": 1, "mainpath": 0, "visibilityfilter": 100000, "Shape_Length": 95.50885613904775, "globalid": "{2743D1CE-4C78-11E1-BCF4-0021280458E6}"}}, {"type": "Feature", "id": 19765338, "geometry": {"type": "LineString", "coordinates": [[-120.6483027757094, 39.7335655804881], [-120.64851657628077, 39.73384018106498]]}, "properties": {"OBJECTID": 19765338, "permanent_identifier": "158997366", "fdate": 1329727619000, "resolution": 2, "gnis_id": null, "gnis_name": null, "lengthkm": 0.036000000000000004, "reachcode": "18020123030775", "flowdir": 1, "wbarea_permanent_identifier": null, "ftype": 460, "fcode": 46007, "innetwork": 1, "mainpath": 0, "visibilityfilter": 24000, "Shape_Length": 46.3301212372053, "globalid": "{69B2F149-4C7A-11E1-BCF4-0021280458E6}"}}, {"type": "Feature", "id": 19773813, "geometry": {"type": "LineString", "coordinates": [[-120.64148263924801, 39.71791384688407], [-120.64119737273079, 39.718133246271165], [-120.64103617218612, 39.71814244659134]]}, "properties": {"OBJECTID": 19773813, "permanent_identifier": "158997645", "fdate": 1329728145000, "resolution": 2, "gnis_id": null, "gnis_name": null, "lengthkm": 0.048, "reachcode": "18020123031413", "flowdir": 1, "wbarea_permanent_identifier": null, "ftype": 460, "fcode": 46003, "innetwork": 1, "mainpath": 0, "visibilityfilter": 250000, "Shape_Length": 62.900682335622584, "globalid": "{758C74C9-4C8D-11E1-BCF4-0021280458E6}"}}, {"type": "Feature", "id": 19887753, "geometry": {"type": "LineString", "coordinates": [[-120.63404068287916, 39.76369142352463], [-120.63343392053704, 39.76365573194559], [-120.63264869935583, 39.76365573194559], [-120.63186347505298, 39.76390557580966], [-120.63107825283122, 39.764262495071264], [-120.62965057691574, 39.76461941488222], [-120.62879397095026, 39.76504771701308]]}, "properties": {"OBJECTID": 19887753, "permanent_identifier": "{1D74896A-7F7F-4454-ADBD-3440282C88BF}", "fdate": 1507852800000, "resolution": 2, "gnis_id": null, "gnis_name": null, "lengthkm": 0.48315975000000005, "reachcode": "18020123038320", "flowdir": 1, "wbarea_permanent_identifier": null, "ftype": 460, "fcode": 46007, "innetwork": 1, "mainpath": 0, "visibilityfilter": 24000, "Shape_Length": 632.1825780327781, "globalid": "{16067C4C-F66E-45BA-85AB-E6EEF194ACB0}"}}, {"type": "Feature", "id": 19990052, "geometry": {"type": "LineString", "coordinates": [[-120.64084417288, 39.7193899138062], [-120.64084310633281, 39.71939204676905], [-120.64078210607637, 39.71948984604576], [-120.64072897329635, 39.71955184671676], [-120.64069797267133, 39.719605246676835], [-120.64065250654474, 39.719658312846214], [-120.64062210630777, 39.71969384633955], [-120.64056837313973, 39.71981431288535], [-120.64049257337034, 39.71998391299537], [-120.64043897339062, 39.72012251343065], [-120.64035517295643, 39.72025144614462], [-120.64025570624457, 39.72036651335605], [-120.64013357358387, 39.72046311392897], [-120.63997337299224, 39.72058604660218], [-120.63980530596473, 39.72076724662105], [-120.63963750635439, 39.72098451362141], [-120.63954610690148, 39.72109984692374], [-120.63946197245592, 39.7212152464614], [-120.6393481723903, 39.721303046918], [-120.63922597313542, 39.7213590466221], [-120.63910097276342, 39.721419247253706]]}, "properties": {"OBJECTID": 19990052, "permanent_identifier": "158997769", "fdate": 1329727100000, "resolution": 2, "gnis_id": "00260351", "gnis_name": "Frazier Creek", "lengthkm": 0.277, "reachcode": "18020123000347", "flowdir": 1, "wbarea_permanent_identifier": null, "ftype": 460, "fcode": 46006, "innetwork": 1, "mainpath": 0, "visibilityfilter": 5000000, "Shape_Length": 359.1419179941364, "globalid": "{D6E147B3-4C80-11E1-BCF4-0021280458E6}"}}, {"type": "Feature", "id": 19998542, "geometry": {"type": "LineString", "coordinates": [[-120.66191211043925, 39.72567384514316], [-120.66184011069946, 39.7258391116965], [-120.6616975107379, 39.72621911226673], [-120.66098531110072, 39.72688044536952], [-120.66084211075113, 39.72721091227544], [-120.66069984376041, 39.727536845687034], [-120.66062831017979, 39.72775611202519], [-120.6604861108238, 39.72786591298795], [-120.66055697638167, 39.72803397920177]]}, "properties": {"OBJECTID": 19998542, "permanent_identifier": "158947322", "fdate": 1329728270000, "resolution": 2, "gnis_id": null, "gnis_name": null, "lengthkm": 0.299, "reachcode": "18020123030770", "flowdir": 1, "wbarea_permanent_identifier": null, "ftype": 460, "fcode": 46007, "innetwork": 1, "mainpath": 0, "visibilityfilter": 0, "Shape_Length": 387.67005172477525, "globalid": "{203564D3-4C95-11E1-BCF4-0021280458E6}"}}, {"type": "Feature", "id": 19999563, "geometry": {"type": "LineString", "coordinates": [[-120.6141983016971, 39.71962264887612], [-120.6140990358083, 39.71976424817463], [-120.61374676931639, 39.72014891546381], [-120.61353523606832, 39.7204238488033], [-120.61314736875127, 39.72103764835925]]}, "properties": {"OBJECTID": 19999563, "permanent_identifier": "158996674", "fdate": 1329728355000, "resolution": 2, "gnis_id": null, "gnis_name": null, "lengthkm": 0.182, "reachcode": "18020123030973", "flowdir": 1, "wbarea_permanent_identifier": null, "ftype": 460, "fcode": 46007, "innetwork": 1, "mainpath": 0, "visibilityfilter": 0, "Shape_Length": 236.38448597876072, "globalid": "{A095CA18-4C98-11E1-BCF4-0021280458E6}"}}, {"type": "Feature", "id": 20216017, "geometry": {"type": "LineString", "coordinates": [[-120.65383678111553, 39.759947648575356], [-120.6537223806619, 39.76003091551802], [-120.65347858045911, 39.76022864870706], [-120.65333338020348, 39.76031584915017], [-120.6532039138602, 39.7603897153964], [-120.65308938125871, 39.7604099156965], [-120.65292951363793, 39.7604563154129], [-120.65279951350078, 39.760503249420594], [-120.6526163795431, 39.76058964883315], [-120.6525093804067, 39.760646049357725], [-120.65235691306265, 39.760733049302026], [-120.65219631290603, 39.76088744941605], [-120.65210531405866, 39.761029715037985], [-120.65198278079244, 39.76118031587538], [-120.65189911354656, 39.761345315720014], [-120.65181518096458, 39.761519315331526], [-120.65173871317245, 39.76159884897467], [-120.65164718053121, 39.76169604925936], [-120.65156351432589, 39.76179804942047], [-120.6514871807626, 39.761918115240924], [-120.65144918046639, 39.76207051623304], [-120.6513959134575, 39.76220004957236], [-120.65134991353708, 39.762329716245084], [-120.65129677971653, 39.76245484905993], [-120.651143913848, 39.76259584926519], [-120.6510065134341, 39.76268764989715], [-120.6508231796939, 39.762778516173114], [-120.6507393137061, 39.76279931566543], [-120.65061011373948, 39.762864316038026], [-120.65045731342461, 39.763027916101336], [-120.65034298060564, 39.76314724951144], [-120.6502587140123, 39.763289648839056], [-120.65013671349938, 39.76357091608041], [-120.65008298033135, 39.76366891582821], [-120.64999971369102, 39.76382491624898], [-120.64989271455464, 39.763966915853], [-120.64980838032659, 39.76408684911719], [-120.64970971378527, 39.764179450002224], [-120.6495567136879, 39.76432044987539], [-120.64939678051347, 39.764434315750584], [-120.64925911372289, 39.764728849177864], [-120.64915231332849, 39.76484371656912], [-120.64905317958747, 39.76490484941981], [-120.64897678047056, 39.764961849483555], [-120.64892378087889, 39.76501931660168], [-120.64890838097791, 39.76510451620108], [-120.64882451394955, 39.76517044939858], [-120.64872531361436, 39.76525404915342], [-120.64852671316153, 39.7653040496318], [-120.64841291413643, 39.76532424929009], [-120.64830577973065, 39.76536264981994], [-120.64817611360488, 39.765486115884435], [-120.64809958025909, 39.765547649677146], [-120.6480081808062, 39.76561784951448], [-120.64796198006272, 39.76564391659169], [-120.64785551367964, 39.765686849544615], [-120.6477031139703, 39.76575131690878], [-120.6476499135556, 39.76583584935066], [-120.64751271396474, 39.76592311707664]]}, "properties": {"OBJECTID": 20216017, "permanent_identifier": "62408787", "fdate": 1329727101000, "resolution": 2, "gnis_id": "00266321", "gnis_name": "Smith Creek", "lengthkm": 0.895, "reachcode": "18020123000158", "flowdir": 1, "wbarea_permanent_identifier": null, "ftype": 460, "fcode": 46006, "innetwork": 1, "mainpath": 0, "visibilityfilter": 2000000, "Shape_Length": 1163.7537089033988, "globalid": "{43ADF9FA-4C71-11E1-BCF4-0021280458E6}"}}, {"type": "Feature", "id": 20223668, "geometry": {"type": "LineString", "coordinates": [[-120.65278004511245, 39.74389038054431], [-120.65292231106262, 39.74388871398407], [-120.65356351195359, 39.74427558128989], [-120.65413237909343, 39.74466091429349], [-120.65484451213645, 39.74542751433655], [-120.6549151123582, 39.74564524766234], [-120.65498651170995, 39.7458673141924], [-120.65519837896939, 39.74740318062679], [-120.65534057936594, 39.74789698114345], [-120.65542404578876, 39.748091847465986]]}, "properties": {"OBJECTID": 20223668, "permanent_identifier": "158996602", "fdate": 1329727992000, "resolution": 2, "gnis_id": null, "gnis_name": null, "lengthkm": 0.555, "reachcode": "18020123030806", "flowdir": 1, "wbarea_permanent_identifier": null, "ftype": 460, "fcode": 46007, "innetwork": 1, "mainpath": 0, "visibilityfilter": 24000, "Shape_Length": 719.5027169789948, "globalid": "{9835859E-4C87-11E1-BCF4-0021280458E6}"}}, {"type": "Feature", "id": 20224379, "geometry": {"type": "LineString", "coordinates": [[-120.63788777376628, 39.72397678075487], [-120.6378525725061, 39.72406084746408], [-120.63779170647854, 39.72413624755537], [-120.63776250701763, 39.72417004687956]]}, "properties": {"OBJECTID": 20224379, "permanent_identifier": "158996844", "fdate": 1329727100000, "resolution": 2, "gnis_id": "00260351", "gnis_name": "Frazier Creek", "lengthkm": 0.024, "reachcode": "18020123000347", "flowdir": 1, "wbarea_permanent_identifier": null, "ftype": 460, "fcode": 46006, "innetwork": 1, "mainpath": 0, "visibilityfilter": 5000000, "Shape_Length": 31.501400044091742, "globalid": "{958AFD60-4C93-11E1-BCF4-0021280458E6}"}}, {"type": "Feature", "id": 20224579, "geometry": {"type": "LineString", "coordinates": [[-120.64523877603074, 39.735760181207944], [-120.64459777596281, 39.73586884758412], [-120.64431257499918, 39.73586758091493], [-120.64360030980835, 39.73603331433551], [-120.64310204289026, 39.736252914524734], [-120.64274530938657, 39.73647084807489], [-120.64203304211469, 39.73712758116116], [-120.6418181094425, 39.73756911430663], [-120.64174710965574, 39.737896514223436], [-120.64167564162875, 39.738282447798454], [-120.64160337551232, 39.73877651451375], [-120.64174577569136, 39.73894158162871]]}, "properties": {"OBJECTID": 20224579, "permanent_identifier": "158997401", "fdate": 1329728214000, "resolution": 2, "gnis_id": null, "gnis_name": null, "lengthkm": 0.538, "reachcode": "18020123030710", "flowdir": 1, "wbarea_permanent_identifier": null, "ftype": 460, "fcode": 46007, "innetwork": 1, "mainpath": 0, "visibilityfilter": 24000, "Shape_Length": 699.4805757289764, "globalid": "{BB0904DA-4C88-11E1-BCF4-0021280458E6}"}}, {"type": "Feature", "id": 20439651, "geometry": {"type": "LineString", "coordinates": [[-120.6144367015292, 39.715699314679384], [-120.61450536843904, 39.715907915688746], [-120.61461256839847, 39.716139848503005], [-120.61468096893167, 39.71631244873279], [-120.61472730182298, 39.716385448904106], [-120.61479550153315, 39.7165219155156], [-120.61490210214507, 39.71664584850191], [-120.61498656852092, 39.71673311531163], [-120.61513150239986, 39.71688471501813], [-120.61523090147702, 39.71698584826992], [-120.61537530260266, 39.71711044794602], [-120.61544430248334, 39.717224515112775], [-120.61549730207501, 39.71735624898911], [-120.61549716888668, 39.717486848470564], [-120.61549776927474, 39.71759491535058], [-120.61544390187782, 39.71767944845826], [-120.61539076909783, 39.717736915000735], [-120.61532230197044, 39.717803048807845], [-120.61523070273505, 39.71787771539101], [-120.61515416834874, 39.71796171510043], [-120.61514670147781, 39.718074248938535], [-120.61515430257762, 39.71812844881795], [-120.61518456858572, 39.71820111491148], [-120.61521490222854, 39.718251248788725], [-120.61523050191204, 39.71830564862246], [-120.6152303021295, 39.71841824833035], [-120.61521516860519, 39.71847651542952], [-120.61521490222854, 39.718589114858396], [-120.61515416834874, 39.71865991560506], [-120.61508570122137, 39.7187215152369], [-120.61501656919289, 39.71877871518878], [-120.6148943688975, 39.71883471534199], [-120.61478796806807, 39.71887764865527], [-120.61471170213949, 39.718934648386], [-120.6146505686947, 39.718991915391896], [-120.61459736828, 39.719076448388016], [-120.61455136835953, 39.71916104931148], [-120.61449036810306, 39.71928144875712], [-120.61446750133118, 39.71943864858908]]}, "properties": {"OBJECTID": 20439651, "permanent_identifier": "158996736", "fdate": 1329727156000, "resolution": 2, "gnis_id": null, "gnis_name": null, "lengthkm": 0.47800000000000004, "reachcode": "18020123004244", "flowdir": 1, "wbarea_permanent_identifier": null, "ftype": 460, "fcode": 46003, "innetwork": 1, "mainpath": 0, "visibilityfilter": 250000, "Shape_Length": 619.2810428201502, "globalid": "{0E4F3408-4C79-11E1-BCF4-0021280458E6}"}}, {"type": "Feature", "id": 20448288, "geometry": {"type": "LineString", "coordinates": [[-120.64851657628077, 39.73384018106498], [-120.64865870904262, 39.733843047358334], [-120.64929984333939, 39.73433351384475], [-120.64958430968613, 39.734609514086124], [-120.64979711030445, 39.735325580404634], [-120.64986784371455, 39.735709913628966], [-120.64986697694984, 39.73652964723058], [-120.64965284340765, 39.73707938058225], [-120.64936771007875, 39.73746551396997], [-120.64936704309656, 39.73784838059446], [-120.64922424335249, 39.738124714023755]]}, "properties": {"OBJECTID": 20448288, "permanent_identifier": "158997395", "fdate": 1329728252000, "resolution": 2, "gnis_id": null, "gnis_name": null, "lengthkm": 0.536, "reachcode": "18020123030849", "flowdir": 1, "wbarea_permanent_identifier": null, "ftype": 460, "fcode": 46007, "innetwork": 1, "mainpath": 0, "visibilityfilter": 100000, "Shape_Length": 694.4841756788984, "globalid": "{D8AEFF80-4C93-11E1-BCF4-0021280458E6}"}}, {"type": "Feature", "id": 20448466, "geometry": {"type": "LineString", "coordinates": [[-120.61985636995422, 39.72416618220266], [-120.61943150333452, 39.72422051574708], [-120.61872483725634, 39.72460684921459], [-120.61844203680431, 39.72466418193661], [-120.61801777057262, 39.72501324874386]]}, "properties": {"OBJECTID": 20448466, "permanent_identifier": "158997418", "fdate": 1329728413000, "resolution": 2, "gnis_id": null, "gnis_name": null, "lengthkm": 0.189, "reachcode": "18020123030934", "flowdir": 1, "wbarea_permanent_identifier": null, "ftype": 460, "fcode": 46007, "innetwork": 1, "mainpath": 0, "visibilityfilter": 100000, "Shape_Length": 246.1753427798704, "globalid": "{EE28088E-4C99-11E1-BCF4-0021280458E6}"}}, {"type": "Feature", "id": 20663250, "geometry": {"type": "LineString", "coordinates": [[-120.63766484459146, 39.76119605023639], [-120.63751597853508, 39.762071316898655], [-120.63715531077288, 39.76267658385263], [-120.63714964506606, 39.76270185058519]]}, "properties": {"OBJECTID": 20663250, "permanent_identifier": "158996579", "fdate": 1329727913000, "resolution": 2, "gnis_id": null, "gnis_name": null, "lengthkm": 0.17600000000000002, "reachcode": "18020123030787", "flowdir": 1, "wbarea_permanent_identifier": null, "ftype": 460, "fcode": 46007, "innetwork": 1, "mainpath": 0, "visibilityfilter": 24000, "Shape_Length": 227.95097360735178, "globalid": "{6203D9ED-4C7C-11E1-BCF4-0021280458E6}"}}, {"type": "Feature", "id": 20663271, "geometry": {"type": "LineString", "coordinates": [[-120.63640264165262, 39.740418448195705], [-120.63625970767971, 39.74080284903425], [-120.63611764255256, 39.74107478201636], [-120.63583190883561, 39.74134824852953], [-120.63490584203292, 39.741896982525816], [-120.6342641083886, 39.74217211557834], [-120.63392404111559, 39.7421679822779]]}, "properties": {"OBJECTID": 20663271, "permanent_identifier": "158996619", "fdate": 1329727417000, "resolution": 2, "gnis_id": null, "gnis_name": null, "lengthkm": 0.308, "reachcode": "18020123031188", "flowdir": 1, "wbarea_permanent_identifier": null, "ftype": 460, "fcode": 46007, "innetwork": 1, "mainpath": 0, "visibilityfilter": 0, "Shape_Length": 400.88865300262285, "globalid": "{D6C2819B-4C75-11E1-BCF4-0021280458E6}"}}, {"type": "Feature", "id": 20672775, "geometry": {"type": "LineString", "coordinates": [[-120.65969617810528, 39.73571471305969], [-120.65948217775144, 39.73566084627211], [-120.65919751162222, 39.73549751247896], [-120.65834284417127, 39.73549377966558], [-120.65791571126884, 39.73576891347666], [-120.65741631120942, 39.73604264669561], [-120.65698877770144, 39.73626371275822], [-120.65684684368156, 39.736319379445554], [-120.65627684444091, 39.73659164698275], [-120.65535037703268, 39.73691984689966], [-120.65520777811166, 39.73697544664403], [-120.6549940441345, 39.73708384705274], [-120.65463851140684, 39.737139713916676], [-120.65453104403022, 39.73707664644925]]}, "properties": {"OBJECTID": 20672775, "permanent_identifier": "158997399", "fdate": 1329728385000, "resolution": 2, "gnis_id": null, "gnis_name": null, "lengthkm": 0.501, "reachcode": "18020123030838", "flowdir": 1, "wbarea_permanent_identifier": null, "ftype": 460, "fcode": 46003, "innetwork": 1, "mainpath": 0, "visibilityfilter": 100000, "Shape_Length": 655.1202178714739, "globalid": "{16CD80A1-4C98-11E1-BCF4-0021280458E6}"}}, {"type": "Feature", "id": 20887256, "geometry": {"type": "LineString", "coordinates": [[-120.6598791101994, 39.72365104499776], [-120.65996310937557, 39.723814911855456], [-120.66000897714824, 39.72396904577691], [-120.65997837608822, 39.724099045310766], [-120.65995517634549, 39.7242877117432], [-120.6599323095736, 39.72442691175869], [-120.65998650994133, 39.724549645293386], [-120.66006251053378, 39.7246953120025], [-120.66014637652158, 39.72482311174784], [-120.66020711040136, 39.724905445581925], [-120.66030671030154, 39.72506504548467]]}, "properties": {"OBJECTID": 20887256, "permanent_identifier": "62407425", "fdate": 1329727851000, "resolution": 2, "gnis_id": null, "gnis_name": null, "lengthkm": 0.168, "reachcode": "18020123003235", "flowdir": 1, "wbarea_permanent_identifier": null, "ftype": 460, "fcode": 46006, "innetwork": 1, "mainpath": 0, "visibilityfilter": 2000000, "Shape_Length": 216.75720961974625, "globalid": "{B1635714-4C80-11E1-BCF4-0021280458E6}"}}, {"type": "Feature", "id": 20887326, "geometry": {"type": "LineString", "coordinates": [[-120.66041264497179, 39.72984184587955], [-120.6598432440381, 39.730334846368656], [-120.65955757795587, 39.730500312210566], [-120.65941571053014, 39.73055597955123], [-120.65863164330095, 39.730882512524204], [-120.65834684398341, 39.73093984642961], [-120.65799044449106, 39.7311038456068], [-120.65776117742458, 39.73110644633912]]}, "properties": {"OBJECTID": 20887326, "permanent_identifier": "158997358", "fdate": 1329727857000, "resolution": 2, "gnis_id": null, "gnis_name": null, "lengthkm": 0.273, "reachcode": "18020123031166", "flowdir": 1, "wbarea_permanent_identifier": null, "ftype": 460, "fcode": 46003, "innetwork": 1, "mainpath": 0, "visibilityfilter": 100000, "Shape_Length": 356.7746911145569, "globalid": "{0572E3ED-4C81-11E1-BCF4-0021280458E6}"}}, {"type": "Feature", "id": 20895848, "geometry": {"type": "LineString", "coordinates": [[-120.65185597717526, 39.74240771409352], [-120.65149984405957, 39.74224284730374], [-120.6512862443113, 39.74213038091392], [-120.65100157714153, 39.741966980842626], [-120.6502890445335, 39.74185798083817], [-120.64890224390925, 39.74185564774505]]}, "properties": {"OBJECTID": 20895848, "permanent_identifier": "158997352", "fdate": 1329728081000, "resolution": 2, "gnis_id": null, "gnis_name": null, "lengthkm": 0.267, "reachcode": "18020123030918", "flowdir": 1, "wbarea_permanent_identifier": null, "ftype": 460, "fcode": 46007, "innetwork": 1, "mainpath": 0, "visibilityfilter": 24000, "Shape_Length": 349.8895104368156, "globalid": "{2606413A-4C8C-11E1-BCF4-0021280458E6}"}}, {"type": "Feature", "id": 20896730, "geometry": {"type": "LineString", "coordinates": [[-120.64951777483014, 39.72922984682483], [-120.64966044242638, 39.729561580458146], [-120.64987264265667, 39.730547846795986], [-120.64994404304895, 39.730657447256085], [-120.65008637559329, 39.73093057979747], [-120.65022791004817, 39.731208246927196], [-120.65029890983493, 39.73137184695523], [-120.65044150979647, 39.73170357988404], [-120.65101010951909, 39.732633913898546], [-120.65136604285227, 39.73291137971781], [-120.65172217596796, 39.73307631364235], [-120.65186444295867, 39.73307464682064], [-120.65200657676107, 39.733072979998894], [-120.65214951073398, 39.73307591354116]]}, "properties": {"OBJECTID": 20896730, "permanent_identifier": "158997412", "fdate": 1329728184000, "resolution": 2, "gnis_id": null, "gnis_name": null, "lengthkm": 0.519, "reachcode": "18020123030716", "flowdir": 1, "wbarea_permanent_identifier": null, "ftype": 460, "fcode": 46007, "innetwork": 1, "mainpath": 0, "visibilityfilter": 24000, "Shape_Length": 673.3979676338764, "globalid": "{C071219F-4C90-11E1-BCF4-0021280458E6}"}}, {"type": "Feature", "id": 21111862, "geometry": {"type": "LineString", "coordinates": [[-120.66827598217198, 39.753779114143356], [-120.6680626477598, 39.753725247076744], [-120.66728018087169, 39.75361044753529], [-120.66678124801196, 39.75360944758027], [-120.66628211536971, 39.7537209808756], [-120.6654241806425, 39.75415424733244], [-120.6650658488788, 39.75448478106468], [-120.66470631529849, 39.75497758048349], [-120.66466811521977, 39.755024380633934]]}, "properties": {"OBJECTID": 21111862, "permanent_identifier": "158997589", "fdate": 1329727091000, "resolution": 2, "gnis_id": null, "gnis_name": null, "lengthkm": 0.378, "reachcode": "18020123031392", "flowdir": 1, "wbarea_permanent_identifier": null, "ftype": 460, "fcode": 46007, "innetwork": 1, "mainpath": 0, "visibilityfilter": 24000, "Shape_Length": 493.46154788388304, "globalid": "{86E95692-4C71-11E1-BCF4-0021280458E6}"}}, {"type": "Feature", "id": 21111891, "geometry": {"type": "LineString", "coordinates": [[-120.61984717475657, 39.75771511822425], [-120.61991550869563, 39.757766051279276], [-120.61995390855684, 39.75781645155312], [-120.6199841079708, 39.75789351853758], [-120.6199847083588, 39.75802425080391], [-120.61994650828011, 39.758158518429745], [-120.6198623082809, 39.75842265180161], [-120.61984670755689, 39.758512318245415], [-120.61985457503333, 39.75864765199364], [-120.61990830820136, 39.75880191759998], [-120.620022507832, 39.758939317726345], [-120.62015190758112, 39.75914025124912], [-120.62022877493824, 39.75924091776533], [-120.62028190875878, 39.759458251479884], [-120.62033570852103, 39.75952685133562], [-120.62041150829042, 39.7596140518675], [-120.62047290811188, 39.759673851139176], [-120.6205265080916, 39.759832517851116], [-120.62057157465317, 39.759919118077875], [-120.62063270913849, 39.759987918246935], [-120.62082350870908, 39.76012691818335], [-120.62100677481456, 39.76027031801597], [-120.62127377476008, 39.760483051547574], [-120.62139597609603, 39.760553118168474], [-120.62154810942867, 39.76065085105109]]}, "properties": {"OBJECTID": 21111891, "permanent_identifier": "62400927", "fdate": 1329727749000, "resolution": 2, "gnis_id": null, "gnis_name": null, "lengthkm": 0.383, "reachcode": "18020123002399", "flowdir": 1, "wbarea_permanent_identifier": null, "ftype": 460, "fcode": 46003, "innetwork": 1, "mainpath": 0, "visibilityfilter": 250000, "Shape_Length": 497.11778560779595, "globalid": "{6794D9BA-4C82-11E1-BCF4-0021280458E6}"}}, {"type": "Feature", "id": 21112640, "geometry": {"type": "LineString", "coordinates": [[-120.64144177852427, 39.761043116190244], [-120.64158191138004, 39.76132078277449], [-120.64178997860986, 39.762086183201944], [-120.6418606454258, 39.7621957167075], [-120.64200151185791, 39.76247338264359], [-120.64207097893834, 39.76263691644753], [-120.6420843123391, 39.76274664984142]]}, "properties": {"OBJECTID": 21112640, "permanent_identifier": "158996574", "fdate": 1329727129000, "resolution": 2, "gnis_id": null, "gnis_name": null, "lengthkm": 0.199, "reachcode": "18020123030902", "flowdir": 1, "wbarea_permanent_identifier": null, "ftype": 460, "fcode": 46007, "innetwork": 1, "mainpath": 0, "visibilityfilter": 24000, "Shape_Length": 258.10169403697506, "globalid": "{8B476A64-4C71-11E1-BCF4-0021280458E6}"}}, {"type": "Feature", "id": 21112658, "geometry": {"type": "LineString", "coordinates": [[-120.64838690807392, 39.72055837938661], [-120.64817330728506, 39.720558579473504], [-120.64781724076356, 39.720393713244384], [-120.64696370749449, 39.71978631241177], [-120.6467501077462, 39.71967837942381], [-120.64568190714114, 39.71929191269644], [-120.64546830739285, 39.719292046357]]}, "properties": {"OBJECTID": 21112658, "permanent_identifier": "158997450", "fdate": 1329727974000, "resolution": 2, "gnis_id": null, "gnis_name": null, "lengthkm": 0.29400000000000004, "reachcode": "18020123031324", "flowdir": 1, "wbarea_permanent_identifier": null, "ftype": 460, "fcode": 46007, "innetwork": 1, "mainpath": 0, "visibilityfilter": 100000, "Shape_Length": 383.1215951317728, "globalid": "{BC0E1E01-4C86-11E1-BCF4-0021280458E6}"}}, {"type": "Feature", "id": 21337065, "geometry": {"type": "LineString", "coordinates": [[-120.6362487092369, 39.743455715797246], [-120.63609830839312, 39.743520448796716], [-120.63574717504257, 39.743634915517646], [-120.6355489086011, 39.743716448407916], [-120.63538797547363, 39.74377171543707], [-120.63525877550701, 39.743818648812706], [-120.6350829752319, 39.743927715322485], [-120.63488490857293, 39.74402271553614], [-120.63473210825802, 39.74409624882307], [-120.63461797522159, 39.74417044929296], [-120.63450330839123, 39.74421764882139], [-120.63444210939282, 39.7442389155611], [-120.63434310884013, 39.74425491621616], [-120.63415230926957, 39.744309649165345], [-120.63403777562758, 39.74437484940432]]}, "properties": {"OBJECTID": 21337065, "permanent_identifier": "158996767", "fdate": 1329727215000, "resolution": 2, "gnis_id": null, "gnis_name": null, "lengthkm": 0.216, "reachcode": "18020123004153", "flowdir": 1, "wbarea_permanent_identifier": null, "ftype": 460, "fcode": 46006, "innetwork": 1, "mainpath": 0, "visibilityfilter": 250000, "Shape_Length": 281.7862573271547, "globalid": "{4BB24AF1-4C7E-11E1-BCF4-0021280458E6}"}}, {"type": "Feature", "id": 21346670, "geometry": {"type": "LineString", "coordinates": [[-120.63871277663769, 39.754118382819186], [-120.63849904370105, 39.75411858280873], [-120.63750077737605, 39.75427838305778], [-120.63692984373601, 39.75444244989279], [-120.63671571019383, 39.75449664997922], [-120.6361849775791, 39.754619916339266]]}, "properties": {"OBJECTID": 21346670, "permanent_identifier": "158996560", "fdate": 1329728145000, "resolution": 2, "gnis_id": null, "gnis_name": null, "lengthkm": 0.223, "reachcode": "18020123031154", "flowdir": 1, "wbarea_permanent_identifier": null, "ftype": 460, "fcode": 46007, "innetwork": 1, "mainpath": 0, "visibilityfilter": 24000, "Shape_Length": 291.9675043437072, "globalid": "{758BF359-4C8D-11E1-BCF4-0021280458E6}"}}, {"type": "Feature", "id": 21346680, "geometry": {"type": "LineString", "coordinates": [[-120.63306410648231, 39.73256671483368], [-120.6320675736867, 39.73196084801327], [-120.63128517339274, 39.73168358162355], [-120.63092863967151, 39.73157271524655], [-120.6307519726317, 39.73152098181072]]}, "properties": {"OBJECTID": 21346680, "permanent_identifier": "158997356", "fdate": 1329728304000, "resolution": 2, "gnis_id": null, "gnis_name": null, "lengthkm": 0.231, "reachcode": "18020123030946", "flowdir": 1, "wbarea_permanent_identifier": null, "ftype": 460, "fcode": 46007, "innetwork": 1, "mainpath": 0, "visibilityfilter": 0, "Shape_Length": 301.1660319709365, "globalid": "{9C1E0617-4C96-11E1-BCF4-0021280458E6}"}}, {"type": "Feature", "id": 21560870, "geometry": {"type": "LineString", "coordinates": [[-120.66919538019324, 39.74553651269497], [-120.66898911412751, 39.74565404588331], [-120.66884411365436, 39.745781713167794], [-120.66864571402456, 39.74589031253918], [-120.6684935140977, 39.745968446536786], [-120.66830278112131, 39.74608611339696], [-120.66810418066844, 39.74626684717152], [-120.66777618046649, 39.74652151359449], [-120.66743311437492, 39.74680744636471], [-120.66722651429782, 39.74696544668049], [-120.6671355144099, 39.74702664660422], [-120.66708911388392, 39.747102313591185], [-120.66702891483851, 39.74715964680524], [-120.6668529813751, 39.747291246684064], [-120.66667731428828, 39.747395846695404], [-120.66653231381515, 39.74750104657418], [-120.66646411410501, 39.74755364645334], [-120.66640278087772, 39.7476200468731], [-120.66638718015368, 39.74769171304469], [-120.66631858087854, 39.747996713657585], [-120.6662349146732, 39.74820671380624], [-120.66614337995091, 39.74841204677266], [-120.66594518114411, 39.74866491321829], [-120.66575438157354, 39.74887284728109], [-120.66564011430823, 39.74901464731012]]}, "properties": {"OBJECTID": 21560870, "permanent_identifier": "159003799", "fdate": 1329727620000, "resolution": 2, "gnis_id": null, "gnis_name": null, "lengthkm": 0.506, "reachcode": "18020123003223", "flowdir": 1, "wbarea_permanent_identifier": null, "ftype": 460, "fcode": 46006, "innetwork": 1, "mainpath": 0, "visibilityfilter": 500000, "Shape_Length": 658.0681188408441, "globalid": "{69B8A5A3-4C7A-11E1-BCF4-0021280458E6}"}}, {"type": "Feature", "id": 21560913, "geometry": {"type": "LineString", "coordinates": [[-120.63877290596729, 39.72115151374759], [-120.63910097276342, 39.721419247253706]]}, "properties": {"OBJECTID": 21560913, "permanent_identifier": "158997638", "fdate": 1329727091000, "resolution": 2, "gnis_id": null, "gnis_name": null, "lengthkm": 0.041, "reachcode": "18020123031405", "flowdir": 1, "wbarea_permanent_identifier": null, "ftype": 460, "fcode": 46003, "innetwork": 1, "mainpath": 0, "visibilityfilter": 250000, "Shape_Length": 53.24641791379045, "globalid": "{86E96D93-4C71-11E1-BCF4-0021280458E6}"}}, {"type": "Feature", "id": 21560938, "geometry": {"type": "LineString", "coordinates": [[-120.63457623836828, 39.71692204681592], [-120.6362141052432, 39.716869846964876], [-120.6377805717258, 39.7168161135249], [-120.63834990502478, 39.7173097129943], [-120.63870550642766, 39.717420513463864]]}, "properties": {"OBJECTID": 21560938, "permanent_identifier": "158997664", "fdate": 1329727839000, "resolution": 2, "gnis_id": null, "gnis_name": null, "lengthkm": 0.379, "reachcode": "18020123031437", "flowdir": 1, "wbarea_permanent_identifier": null, "ftype": 460, "fcode": 46007, "innetwork": 1, "mainpath": 0, "visibilityfilter": 24000, "Shape_Length": 495.24027102319144, "globalid": "{49B3305E-4C80-11E1-BCF4-0021280458E6}"}}, {"type": "Feature", "id": 21561428, "geometry": {"type": "LineString", "coordinates": [[-120.6290028393911, 39.73448378255811], [-120.62857577308283, 39.734263382145], [-120.62807797232394, 39.7337667816695], [-120.62776183941054, 39.73351591545764]]}, "properties": {"OBJECTID": 21561428, "permanent_identifier": "158997371", "fdate": 1329727938000, "resolution": 2, "gnis_id": null, "gnis_name": null, "lengthkm": 0.153, "reachcode": "18020123030769", "flowdir": 1, "wbarea_permanent_identifier": null, "ftype": 460, "fcode": 46007, "innetwork": 1, "mainpath": 0, "visibilityfilter": 0, "Shape_Length": 198.587472297581, "globalid": "{3DC15765-4C85-11E1-BCF4-0021280458E6}"}}, {"type": "Feature", "id": 21569468, "geometry": {"type": "LineString", "coordinates": [[-120.64419237252876, 39.71336084634499], [-120.64397777282744, 39.714568245522756], [-120.64355003953696, 39.715009912750226], [-120.64312250602897, 39.715339112669895], [-120.64276617209026, 39.71571924634017], [-120.64262337234622, 39.716103779312114], [-120.64240950622127, 39.71632457954892], [-120.64212423970397, 39.71665217961141], [-120.6416967727902, 39.717256046329034], [-120.6416251726154, 39.7174753789757], [-120.64155390541146, 39.717640513105735], [-120.64148263924801, 39.71791384688407]]}, "properties": {"OBJECTID": 21569468, "permanent_identifier": "158997493", "fdate": 1329728033000, "resolution": 2, "gnis_id": null, "gnis_name": null, "lengthkm": 0.5740000000000001, "reachcode": "18020123031533", "flowdir": 1, "wbarea_permanent_identifier": null, "ftype": 460, "fcode": 46003, "innetwork": 1, "mainpath": 0, "visibilityfilter": 250000, "Shape_Length": 743.7586805031435, "globalid": "{D8D74480-4C89-11E1-BCF4-0021280458E6}"}}, {"type": "Feature", "id": 22011891, "geometry": {"type": "LineString", "coordinates": [[-120.61801237020194, 39.73160611641708], [-120.61800757125981, 39.73160571630736], [-120.61785537133296, 39.731580050061766], [-120.61773337082005, 39.73154604951361], [-120.61758817056443, 39.73150251591999], [-120.61739717121134, 39.73141751562292], [-120.61726797124474, 39.73131571614411], [-120.6171073710881, 39.73117284980389], [-120.61685570444943, 39.7309199159669], [-120.61674150377824, 39.7307644491975], [-120.61659630456315, 39.73057671595223], [-120.6164513706842, 39.73038004918707], [-120.61625297105438, 39.730105715709534], [-120.61612350367054, 39.72993191603284], [-120.61604717010728, 39.72983571604094], [-120.6159553710894, 39.72973024992153], [-120.61586356999041, 39.72966084896085], [-120.61575730338984, 39.72959551636514], [-120.61565777008387, 39.729562049400684], [-120.61549757053277, 39.729513649872274], [-120.61535290407099, 39.72947911614256], [-120.61519250369686, 39.72945784964956], [-120.61497150367181, 39.72943971610795], [-120.61477296981312, 39.72946271593593], [-120.614627569775, 39.72951384913297], [-120.61452090360945, 39.72954311564303], [-120.61441410321503, 39.72957244936104], [-120.61426136949433, 39.729600849983534], [-120.61410157054874, 39.72962924979406], [-120.6139109041665, 39.729638715861505], [-120.61380870293172, 39.729625849563746]]}, "properties": {"OBJECTID": 22011891, "permanent_identifier": "158996856", "fdate": 1329727874000, "resolution": 2, "gnis_id": null, "gnis_name": null, "lengthkm": 0.47700000000000004, "reachcode": "18020123003369", "flowdir": 1, "wbarea_permanent_identifier": null, "ftype": 460, "fcode": 46003, "innetwork": 1, "mainpath": 0, "visibilityfilter": 250000, "Shape_Length": 621.9448352243044, "globalid": "{0B57F562-4C84-11E1-BCF4-0021280458E6}"}}, {"type": "Feature", "id": 22020875, "geometry": {"type": "LineString", "coordinates": [[-120.62201917262976, 39.73256164951454], [-120.62138297150393, 39.73278284917304], [-120.62031957088153, 39.73268004905107], [-120.61996443875941, 39.73257364943897], [-120.61946830389519, 39.73241031553227], [-120.61932610453917, 39.73241191595262]]}, "properties": {"OBJECTID": 22020875, "permanent_identifier": "158997308", "fdate": 1329728184000, "resolution": 2, "gnis_id": null, "gnis_name": null, "lengthkm": 0.24100000000000002, "reachcode": "18020123030980", "flowdir": 1, "wbarea_permanent_identifier": null, "ftype": 460, "fcode": 46007, "innetwork": 1, "mainpath": 0, "visibilityfilter": 0, "Shape_Length": 315.36804127903156, "globalid": "{C071036B-4C90-11E1-BCF4-0021280458E6}"}}, {"type": "Feature", "id": 22135249, "geometry": {"type": "LineString", "coordinates": [[-120.60653571157108, 39.73972529517102], [-120.60409676473854, 39.740498619893316], [-120.6023716553435, 39.740855538838744], [-120.60106295094687, 39.74109348457544], [-120.60011116630953, 39.74103399801825], [-120.59844554423469, 39.74145040444036], [-120.59654197496002, 39.74228321693696], [-120.59472414151244, 39.74237201068466]]}, "properties": {"OBJECTID": 22135249, "permanent_identifier": "{E0439771-5B8A-4493-A24D-F7334AA78344}", "fdate": 1507852800000, "resolution": 2, "gnis_id": null, "gnis_name": null, "lengthkm": 1.062138, "reachcode": "18020123038477", "flowdir": 1, "wbarea_permanent_identifier": null, "ftype": 460, "fcode": 46007, "innetwork": 1, "mainpath": 0, "visibilityfilter": 100000, "Shape_Length": 1390.090656895942, "globalid": "{EA4D0F71-EFD4-4D80-9641-772B3A902D03}"}}, {"type": "Feature", "id": 22135311, "geometry": {"type": "LineString", "coordinates": [[-120.66030271048943, 39.72518204537728], [-120.66029890941927, 39.725294645862114], [-120.66026797746947, 39.725559845570935], [-120.6601845766003, 39.725742845171794], [-120.66013890965068, 39.72597164620844], [-120.66007731108725, 39.726240711875704], [-120.65999391021808, 39.726441711958216], [-120.6598791101994, 39.72666911259216], [-120.65974950962725, 39.72687824541522], [-120.65956657753313, 39.72706824549944], [-120.65947491066304, 39.72719251245295], [-120.65939830968256, 39.72734411237507], [-120.65932217694231, 39.727585845202306], [-120.65909337707552, 39.72829291195773], [-120.65886451061458, 39.72878824585538], [-120.65862817728271, 39.72930604551102], [-120.65852911013585, 39.7295107793977]]}, "properties": {"OBJECTID": 22135311, "permanent_identifier": "158996717", "fdate": 1329727091000, "resolution": 2, "gnis_id": "00266769", "gnis_name": "Gray Eagle Creek", "lengthkm": 0.512, "reachcode": "18020123000640", "flowdir": 1, "wbarea_permanent_identifier": null, "ftype": 460, "fcode": 46006, "innetwork": 1, "mainpath": 0, "visibilityfilter": 2000000, "Shape_Length": 662.3784152067508, "globalid": "{AA30FD34-4C79-11E1-BCF4-0021280458E6}"}}, {"type": "Feature", "id": 22236522, "geometry": {"type": "LineString", "coordinates": [[-120.6597125758782, 39.715571111429234], [-120.65971250824353, 39.71579184453657], [-120.65956970849949, 39.71617631147108], [-120.65956895827456, 39.71623978625219]]}, "properties": {"OBJECTID": 22236522, "permanent_identifier": "168032277", "fdate": 1329727685000, "resolution": 2, "gnis_id": null, "gnis_name": null, "lengthkm": 0.077, "reachcode": "18020123031422", "flowdir": 1, "wbarea_permanent_identifier": null, "ftype": 460, "fcode": 46003, "innetwork": 1, "mainpath": 0, "visibilityfilter": 24000, "Shape_Length": 98.99526984996761, "globalid": "{0B81C79F-4C81-11E1-BCF4-0021280458E6}"}}, {"type": "Feature", "id": 22244294, "geometry": {"type": "LineString", "coordinates": [[-120.65557977520643, 39.71913631245816], [-120.65550837481415, 39.7197384454618], [-120.65529417571834, 39.719905312545094]]}, "properties": {"OBJECTID": 22244294, "permanent_identifier": "158996636", "fdate": 1329728191000, "resolution": 2, "gnis_id": null, "gnis_name": null, "lengthkm": 0.094, "reachcode": "18020123030658", "flowdir": 1, "wbarea_permanent_identifier": null, "ftype": 460, "fcode": 46003, "innetwork": 1, "mainpath": 0, "visibilityfilter": 24000, "Shape_Length": 121.4428927511689, "globalid": "{40C7D329-4C91-11E1-BCF4-0021280458E6}"}}, {"type": "Feature", "id": 22244321, "geometry": {"type": "LineString", "coordinates": [[-120.65415030957273, 39.725170512338316], [-120.6545782426457, 39.72457104535005], [-120.65493437576139, 39.72413224522383]]}, "properties": {"OBJECTID": 22244321, "permanent_identifier": "158997313", "fdate": 1329728008000, "resolution": 2, "gnis_id": null, "gnis_name": null, "lengthkm": 0.134, "reachcode": "18020123031214", "flowdir": 1, "wbarea_permanent_identifier": null, "ftype": 460, "fcode": 46003, "innetwork": 1, "mainpath": 0, "visibilityfilter": 100000, "Shape_Length": 173.8492144595365, "globalid": "{4CD365BF-4C88-11E1-BCF4-0021280458E6}"}}, {"type": "Feature", "id": 22244846, "geometry": {"type": "LineString", "coordinates": [[-120.66851118340304, 39.76108104797989], [-120.66822698343296, 39.7610257812386], [-120.6670885821711, 39.76080018090703], [-120.6656633827262, 39.76085258105984], [-120.66545024913707, 39.760794248192916], [-120.66530784895802, 39.76079591514405]]}, "properties": {"OBJECTID": 22244846, "permanent_identifier": "158997521", "fdate": 1329728017000, "resolution": 2, "gnis_id": null, "gnis_name": null, "lengthkm": 0.277, "reachcode": "18020123031339", "flowdir": 1, "wbarea_permanent_identifier": null, "ftype": 460, "fcode": 46007, "innetwork": 1, "mainpath": 0, "visibilityfilter": 0, "Shape_Length": 363.3755728054925, "globalid": "{0E85669F-4C8A-11E1-BCF4-0021280458E6}"}}, {"type": "Feature", "id": 22244865, "geometry": {"type": "LineString", "coordinates": [[-120.62902097069347, 39.718614981230495], [-120.62894930496503, 39.71872611415733], [-120.62887803776108, 39.71889138055476], [-120.62880677159767, 39.71916464774772], [-120.62866350465391, 39.71987798040545], [-120.62844930451757, 39.72031951438879], [-120.62816357184116, 39.72070111485599], [-120.62737943697726, 39.721581447513394], [-120.62716577167535, 39.72196444798042], [-120.62695183791568, 39.72218531428956], [-120.62666670458675, 39.7226749809593], [-120.62659470380642, 39.722840114644164], [-120.62659383808229, 39.72371851525521], [-120.62666457149234, 39.7238866484006], [-120.62673357137304, 39.72591504843543], [-120.62663737193749, 39.72614544866617]]}, "properties": {"OBJECTID": 22244865, "permanent_identifier": "158947069", "fdate": 1329728100000, "resolution": 2, "gnis_id": null, "gnis_name": null, "lengthkm": 0.896, "reachcode": "18020123030663", "flowdir": 1, "wbarea_permanent_identifier": null, "ftype": 460, "fcode": 46007, "innetwork": 1, "mainpath": 0, "visibilityfilter": 100000, "Shape_Length": 1158.7896267417582, "globalid": "{FF23C254-4C8A-11E1-BCF4-0021280458E6}"}}, {"type": "Feature", "id": 22245087, "geometry": {"type": "LineString", "coordinates": [[-120.65173090916858, 39.723689179846836], [-120.65187317511875, 39.72368751199783], [-120.65215724190047, 39.72390951242794], [-120.65237157522513, 39.72401744599645], [-120.65272690921083, 39.72407417897838], [-120.65336797483238, 39.7240735123227], [-120.65450757582977, 39.723965978996], [-120.65472084260723, 39.7240198453186], [-120.65493437576139, 39.72413224522383]]}, "properties": {"OBJECTID": 22245087, "permanent_identifier": "158996570", "fdate": 1329728236000, "resolution": 2, "gnis_id": null, "gnis_name": null, "lengthkm": 0.29300000000000004, "reachcode": "18020123031108", "flowdir": 1, "wbarea_permanent_identifier": null, "ftype": 460, "fcode": 46007, "innetwork": 1, "mainpath": 0, "visibilityfilter": 100000, "Shape_Length": 382.8043830178418, "globalid": "{B5D9B8A5-4C92-11E1-BCF4-0021280458E6}"}}, {"type": "Feature", "id": 22358852, "geometry": {"type": "LineString", "coordinates": [[-120.609055744085, 39.765653077778076], [-120.60947877416248, 39.765767652491945], [-120.61038670758177, 39.76605651989361]]}, "properties": {"OBJECTID": 22358852, "permanent_identifier": "62400881", "fdate": 1507852800000, "resolution": 2, "gnis_id": null, "gnis_name": null, "lengthkm": 0.12174389000000001, "reachcode": "18020123002393", "flowdir": 1, "wbarea_permanent_identifier": null, "ftype": 460, "fcode": 46006, "innetwork": 1, "mainpath": 0, "visibilityfilter": 100000, "Shape_Length": 159.31573355918033, "globalid": "{D5CADA18-4C74-11E1-BCF4-0021280458E6}"}}, {"type": "Feature", "id": 22460023, "geometry": {"type": "LineString", "coordinates": [[-120.65008777615186, 39.72895764703899], [-120.65143964293314, 39.73016517968966], [-120.65151091013709, 39.730382780384744], [-120.65158224289466, 39.7306050465409], [-120.6517942423019, 39.73192004661861], [-120.6518654429117, 39.73214224700214], [-120.65200711055493, 39.73280277989736], [-120.65207844227197, 39.73291231355625], [-120.65214951073398, 39.73307591354116]]}, "properties": {"OBJECTID": 22460023, "permanent_identifier": "158997417", "fdate": 1329727829000, "resolution": 2, "gnis_id": null, "gnis_name": null, "lengthkm": 0.51, "reachcode": "18020123031238", "flowdir": 1, "wbarea_permanent_identifier": null, "ftype": 460, "fcode": 46007, "innetwork": 1, "mainpath": 0, "visibilityfilter": 24000, "Shape_Length": 660.7973063895859, "globalid": "{C374A937-4C81-11E1-BCF4-0021280458E6}"}}, {"type": "Feature", "id": 22469299, "geometry": {"type": "LineString", "coordinates": [[-120.66198924313251, 39.71793224518064], [-120.66298657609863, 39.718042445167775], [-120.663128310336, 39.71798671169738]]}, "properties": {"OBJECTID": 22469299, "permanent_identifier": "158997489", "fdate": 1329728229000, "resolution": 2, "gnis_id": null, "gnis_name": null, "lengthkm": 0.099, "reachcode": "18020123031565", "flowdir": 1, "wbarea_permanent_identifier": null, "ftype": 460, "fcode": 46003, "innetwork": 1, "mainpath": 0, "visibilityfilter": 250000, "Shape_Length": 129.88215811529716, "globalid": "{3ADAFF8B-4C92-11E1-BCF4-0021280458E6}"}}, {"type": "Feature", "id": 22683890, "geometry": {"type": "LineString", "coordinates": [[-120.66106931027686, 39.72359851170758], [-120.66083317672748, 39.7236388458431], [-120.66065711007572, 39.72369384566214], [-120.6605127099906, 39.72373591161466], [-120.66036717676411, 39.723769045276775], [-120.66024577663927, 39.72378011196922], [-120.6601459093219, 39.723782512099895], [-120.66001677698998, 39.72373944498701], [-120.6598791101994, 39.72365104499776]]}, "properties": {"OBJECTID": 22683890, "permanent_identifier": "62407427", "fdate": 1329727562000, "resolution": 2, "gnis_id": null, "gnis_name": null, "lengthkm": 0.109, "reachcode": "18020123003236", "flowdir": 1, "wbarea_permanent_identifier": null, "ftype": 460, "fcode": 46006, "innetwork": 1, "mainpath": 0, "visibilityfilter": 2000000, "Shape_Length": 142.52902398079257, "globalid": "{91685D96-4C78-11E1-BCF4-0021280458E6}"}}, {"type": "Feature", "id": 22692061, "geometry": {"type": "LineString", "coordinates": [[-120.65889511479617, 39.762928115765746], [-120.65881911524428, 39.762953648757886], [-120.65849911570707, 39.76303271522901], [-120.65829251458946, 39.76307811576024], [-120.65809418155382, 39.763119115467255], [-120.65781991556042, 39.76328931530095], [-120.65752978142582, 39.76345464922848], [-120.65730851502411, 39.763589714913266], [-120.6571941811646, 39.76366851510473], [-120.65693438171334, 39.76386604908542], [-120.65681298158844, 39.763962648686565], [-120.65668278062827, 39.76409964899303], [-120.65650771497008, 39.76424924891474], [-120.65629411522175, 39.76441611542751], [-120.65607258140287, 39.7646008490829], [-120.65583591510016, 39.764825715512856], [-120.65575978131936, 39.76487371591949], [-120.65566858164897, 39.76493951576601], [-120.65547731487871, 39.76505271595777], [-120.65532518154602, 39.76510371557073], [-120.65514911489426, 39.765154249644844], [-120.65496631390738, 39.765168516210046], [-120.65459218163714, 39.765206049011915], [-120.65425678115844, 39.765244248850614], [-120.65393618123323, 39.76525131613843], [-120.65354738159785, 39.76531111611363], [-120.65321918057285, 39.76541704926751], [-120.65298311465817, 39.765475315831914], [-120.65279958113548, 39.76546264898304], [-120.65256291379224, 39.76540831595716], [-120.6524869808345, 39.765388716193925], [-120.65232658046037, 39.76538551608516], [-120.65216651409762, 39.76545884980772], [-120.6519531141318, 39.76555364916699], [-120.65176971379746, 39.76562644922759], [-120.65146451481375, 39.7657419157885], [-120.65131938115228, 39.765779516262754], [-120.65105198060125, 39.765832650062464], [-120.65090731413946, 39.76588371628272], [-120.6505487805122, 39.765894516271175], [-120.65033538054637, 39.765944249144326], [-120.65011358139134, 39.76602984990851], [-120.64984671359363, 39.76615511596746], [-120.64963338022197, 39.7662093164341], [-120.6493437809218, 39.7662485162876], [-120.64906851393482, 39.76625644967426], [-120.64882437972068, 39.76624691585327], [-120.6485347138263, 39.76620504940664], [-120.64833658057317, 39.76608844947893], [-120.64816871436867, 39.766026516259615], [-120.64798551381679, 39.765982250218045], [-120.6478327135019, 39.7659521161809], [-120.64770331375279, 39.76595851634566], [-120.64751271396474, 39.76592311707664]]}, "properties": {"OBJECTID": 22692061, "permanent_identifier": "62408779", "fdate": 1329727011000, "resolution": 2, "gnis_id": "00274696", "gnis_name": "Claim Creek", "lengthkm": 1.097, "reachcode": "18020123004715", "flowdir": 1, "wbarea_permanent_identifier": null, "ftype": 460, "fcode": 46003, "innetwork": 1, "mainpath": 0, "visibilityfilter": 250000, "Shape_Length": 1434.5298714001171, "globalid": "{B4723CAB-4C9B-11E1-BCF4-0021280458E6}"}}, {"type": "Feature", "id": 22692069, "geometry": {"type": "LineString", "coordinates": [[-120.64196917414692, 39.72960838106803], [-120.64211077519596, 39.73026884781588], [-120.64218210795357, 39.73037844791929], [-120.64246630792363, 39.73098331395975], [-120.64253690814539, 39.73109284730883], [-120.64260797452631, 39.73125644761072], [-120.64310650782105, 39.731586314182174], [-120.64328157556032, 39.731668980833184]]}, "properties": {"OBJECTID": 22692069, "permanent_identifier": "158947303", "fdate": 1329728372000, "resolution": 2, "gnis_id": null, "gnis_name": null, "lengthkm": 0.267, "reachcode": "18020123030812", "flowdir": 1, "wbarea_permanent_identifier": null, "ftype": 460, "fcode": 46007, "innetwork": 1, "mainpath": 0, "visibilityfilter": 0, "Shape_Length": 346.46776491399487, "globalid": "{78E36EA7-4C98-11E1-BCF4-0021280458E6}"}}, {"type": "Feature", "id": 22692874, "geometry": {"type": "LineString", "coordinates": [[-120.60630376929207, 39.72674791660588], [-120.60625030146015, 39.726800850035005], [-120.60620510171023, 39.72686304980341], [-120.60613610182952, 39.72693811631739], [-120.60605196842451, 39.72703104963839], [-120.60598336810882, 39.72707465007745], [-120.60590770152777, 39.72711365052759], [-120.60583076757645, 39.727143516659474], [-120.60579296914379, 39.72716084973368], [-120.60571616838081, 39.727208717133365], [-120.60564810185899, 39.72726145014126], [-120.60559436869093, 39.727296317093646], [-120.60551090122758, 39.7273712502913], [-120.60545676849455, 39.727437650151444], [-120.6054265014459, 39.7275136499514], [-120.60539616884363, 39.727567050148274], [-120.60537296910091, 39.72762511665335], [-120.60531190225028, 39.727745450104365], [-120.60525110177633, 39.72783884969096], [-120.60522090132186, 39.72791024994076], [-120.60519776817326, 39.72794584960506], [-120.60514436797607, 39.72797171646885], [-120.60500656799717, 39.72803645040763], [-120.60493036866275, 39.728066450583555], [-120.6048313681101, 39.728104916699145], [-120.60469416851923, 39.72812911656198], [-120.60448090174177, 39.728160717216575], [-120.60424450181574, 39.72822805021835], [-120.60411410211357, 39.72824331675237], [-120.60396176795787, 39.728262716617365], [-120.60384770151558, 39.72829631705533], [-120.60375610123964, 39.72833051686988], [-120.60369450163569, 39.72836084982481], [-120.60364110143847, 39.72840471670865], [-120.6036035017478, 39.728440050432525], [-120.60355710122178, 39.72851565060036], [-120.60353450186709, 39.728555649753794], [-120.6034505016504, 39.728666516981605], [-120.60337396830464, 39.72879111716031], [-120.60329036869346, 39.72891091720971], [-120.60319110176414, 39.72901705039017], [-120.60311496902389, 39.72911005053059], [-120.60300070071803, 39.729211317100784], [-120.60287110118642, 39.72933025055392]]}, "properties": {"OBJECTID": 22692874, "permanent_identifier": "62404375", "fdate": 1329727096000, "resolution": 2, "gnis_id": "00263725", "gnis_name": "Mohawk Creek", "lengthkm": 0.436, "reachcode": "18020123000648", "flowdir": 1, "wbarea_permanent_identifier": null, "ftype": 460, "fcode": 46006, "innetwork": 1, "mainpath": 0, "visibilityfilter": 1000000, "Shape_Length": 566.9874480264928, "globalid": "{B5E5D669-4C92-11E1-BCF4-0021280458E6}"}}, {"type": "Feature", "id": 22807422, "geometry": {"type": "LineString", "coordinates": [[-120.63257186945789, 39.754839315707336], [-120.63254617139339, 39.754870724927194], [-120.63252618377865, 39.754922120856186], [-120.6325288569101, 39.754957107407584]]}, "properties": {"OBJECTID": 22807422, "permanent_identifier": "62408941", "fdate": 1507852800000, "resolution": 2, "gnis_id": "00266769", "gnis_name": "Gray Eagle Creek", "lengthkm": 0.01407252, "reachcode": "18020123000640", "flowdir": 1, "wbarea_permanent_identifier": "62408477", "ftype": 558, "fcode": 55800, "innetwork": 1, "mainpath": 0, "visibilityfilter": 2000000, "Shape_Length": 18.2152111864766, "globalid": "{671E5A45-4C90-11E1-BCF4-0021280458E6}"}}, {"type": "Feature", "id": 22807423, "geometry": {"type": "LineString", "coordinates": [[-120.66153544342855, 39.72298117832505], [-120.66148951010226, 39.72303491176371], [-120.66143557715169, 39.723096845222045], [-120.66141237740898, 39.72320004538691], [-120.66138197717201, 39.7233435116788], [-120.66135937677676, 39.72347371167006], [-120.6613285769748, 39.723522645246], [-120.66125231000568, 39.72357964513909], [-120.66106931027686, 39.72359851170758]]}, "properties": {"OBJECTID": 22807423, "permanent_identifier": "158996741", "fdate": 1329727091000, "resolution": 2, "gnis_id": "00266769", "gnis_name": "Gray Eagle Creek", "lengthkm": 0.08900000000000001, "reachcode": "18020123000640", "flowdir": 1, "wbarea_permanent_identifier": null, "ftype": 460, "fcode": 46006, "innetwork": 1, "mainpath": 0, "visibilityfilter": 2000000, "Shape_Length": 115.56376211197028, "globalid": "{F5ED8117-4C88-11E1-BCF4-0021280458E6}"}}, {"type": "Feature", "id": 22916826, "geometry": {"type": "LineString", "coordinates": [[-120.67060191142035, 39.72222251116399], [-120.66996117772909, 39.72211051071163], [-120.66860877819447, 39.72199777777451], [-120.66775411074353, 39.722219377878105], [-120.6676116439703, 39.722162444888546], [-120.66682817712913, 39.721889911473944], [-120.6666151111747, 39.7218315776297], [-120.6660451774877, 39.721779577576285], [-120.6655465099641, 39.72188671174539], [-120.66519024366009, 39.722050710848706], [-120.66483424373273, 39.722381378575186], [-120.66469144398869, 39.72265784523758], [-120.66454904380964, 39.723096378636484], [-120.66404977797907, 39.72358637896966], [-120.66355157765518, 39.72380604442065], [-120.66326611031491, 39.72397137867518], [-120.66291017698171, 39.72418951191514]]}, "properties": {"OBJECTID": 22916826, "permanent_identifier": "158997415", "fdate": 1329728318000, "resolution": 2, "gnis_id": null, "gnis_name": null, "lengthkm": 0.802, "reachcode": "18020123030726", "flowdir": 1, "wbarea_permanent_identifier": null, "ftype": 460, "fcode": 46007, "innetwork": 1, "mainpath": 0, "visibilityfilter": 100000, "Shape_Length": 1046.5710794239924, "globalid": "{5F90298A-4C96-11E1-BCF4-0021280458E6}"}}, {"type": "Feature", "id": 22916927, "geometry": {"type": "LineString", "coordinates": [[-120.6620571109124, 39.722050711649], [-120.66224444342414, 39.72209917884209]]}, "properties": {"OBJECTID": 22916927, "permanent_identifier": "158997311", "fdate": 1329728008000, "resolution": 2, "gnis_id": null, "gnis_name": null, "lengthkm": 0.017, "reachcode": "18020123030685", "flowdir": 1, "wbarea_permanent_identifier": null, "ftype": 460, "fcode": 46007, "innetwork": 1, "mainpath": 0, "visibilityfilter": 24000, "Shape_Length": 22.00192352497537, "globalid": "{4CD34698-4C88-11E1-BCF4-0021280458E6}"}}, {"type": "Feature", "id": 23133700, "geometry": {"type": "LineString", "coordinates": [[-120.6624723786073, 39.73654097992909], [-120.66190257810865, 39.736979979534276], [-120.66183097793383, 39.73709104605522], [-120.66161764560276, 39.73736157981383], [-120.66161737922606, 39.73747417961004], [-120.66111824554332, 39.738022646799955], [-120.66083317880856, 39.73851691301208], [-120.66068997845898, 39.73895544635544], [-120.66069037802399, 39.739117646967976], [-120.66054691233826, 39.73956071320998], [-120.66033324495527, 39.73977704645302], [-120.65997691205709, 39.74032844695276], [-120.65990551270532, 39.74043511383501], [-120.65976277955545, 39.74059891359564], [-120.6596203793764, 39.74082124682426], [-120.65954917876661, 39.740986580279255], [-120.65940617819952, 39.741096246552935], [-120.65940611160538, 39.741204313236054], [-120.65947717902685, 39.741367913542135], [-120.65961964580005, 39.74142484667438]]}, "properties": {"OBJECTID": 23133700, "permanent_identifier": "158946691", "fdate": 1329727538000, "resolution": 2, "gnis_id": null, "gnis_name": null, "lengthkm": 0.63, "reachcode": "18020123031286", "flowdir": 1, "wbarea_permanent_identifier": null, "ftype": 460, "fcode": 46007, "innetwork": 1, "mainpath": 0, "visibilityfilter": 24000, "Shape_Length": 816.4905903925303, "globalid": "{C695837E-4C78-11E1-BCF4-0021280458E6}"}}, {"type": "Feature", "id": 23133870, "geometry": {"type": "LineString", "coordinates": [[-120.64015691171761, 39.76136831689831], [-120.64036231205917, 39.76257518328805], [-120.64041877870966, 39.76273158371619]]}, "properties": {"OBJECTID": 23133870, "permanent_identifier": "158996578", "fdate": 1329727629000, "resolution": 2, "gnis_id": null, "gnis_name": null, "lengthkm": 0.155, "reachcode": "18020123030786", "flowdir": 1, "wbarea_permanent_identifier": null, "ftype": 460, "fcode": 46007, "innetwork": 1, "mainpath": 0, "visibilityfilter": 24000, "Shape_Length": 199.76539309917834, "globalid": "{C6AE0AEF-4C7A-11E1-BCF4-0021280458E6}"}}, {"type": "Feature", "id": 23141858, "geometry": {"type": "LineString", "coordinates": [[-120.6063841005864, 39.71858638319353], [-120.60638770083354, 39.71859211624808], [-120.60641056760544, 39.718669115854965], [-120.60645616692035, 39.71878271623026], [-120.60651770097068, 39.719027249137184], [-120.6065635000681, 39.71911824983546], [-120.60658650106888, 39.719190849256336], [-120.606601367176, 39.719285716290145], [-120.60659390134562, 39.719375648965205], [-120.60661676811752, 39.71945264929806], [-120.60663250098933, 39.719484516447366], [-120.60667770073927, 39.719526049527], [-120.60673136731316, 39.71959471555486], [-120.60677670129195, 39.719739715628805], [-120.60680776747058, 39.719875516110385], [-120.60684556798431, 39.720024915939945], [-120.60690650060609, 39.72016131612422], [-120.60695210096152, 39.72029744952193], [-120.60696790146804, 39.72041031649595], [-120.60702110188276, 39.720560116141186], [-120.60704436821968, 39.720709248772806], [-120.60704390101996, 39.72082631608197], [-120.60702136825944, 39.72095191565157], [-120.60699050082275, 39.72108644920643], [-120.60699070164577, 39.7211855162206], [-120.60700576753541, 39.72125344908576], [-120.60706716839738, 39.72131324883974], [-120.60709710143468, 39.72135444947786], [-120.6071203011774, 39.7213819162895], [-120.60718090082833, 39.72145971551993], [-120.60724270125533, 39.72155111557763], [-120.6072805683632, 39.721637515820284], [-120.60731096755964, 39.72174624927734]]}, "properties": {"OBJECTID": 23141858, "permanent_identifier": "158996862", "fdate": 1329727324000, "resolution": 2, "gnis_id": "00263725", "gnis_name": "Mohawk Creek", "lengthkm": 0.37, "reachcode": "18020123000649", "flowdir": 1, "wbarea_permanent_identifier": null, "ftype": 460, "fcode": 46006, "innetwork": 1, "mainpath": 0, "visibilityfilter": 1000000, "Shape_Length": 477.94236475416415, "globalid": "{386A3D6C-4C99-11E1-BCF4-0021280458E6}"}}, {"type": "Feature", "id": 23142792, "geometry": {"type": "LineString", "coordinates": [[-120.65679270782691, 39.71628244504373], [-120.656935308829, 39.71672224518518], [-120.65693417568764, 39.71737991156431]]}, "properties": {"OBJECTID": 23142792, "permanent_identifier": "158996642", "fdate": 1329728406000, "resolution": 2, "gnis_id": null, "gnis_name": null, "lengthkm": 0.124, "reachcode": "18020123030825", "flowdir": 1, "wbarea_permanent_identifier": null, "ftype": 460, "fcode": 46003, "innetwork": 1, "mainpath": 0, "visibilityfilter": 250000, "Shape_Length": 160.7739661050239, "globalid": "{6FDFAB01-4C9B-11E1-BCF4-0021280458E6}"}}, {"type": "Feature", "id": 23256217, "geometry": {"type": "LineString", "coordinates": [[-120.66635431697307, 39.76398351500806], [-120.66614031661926, 39.76403778197145], [-120.66564318284256, 39.76376211476032], [-120.6654303156301, 39.763649648306384], [-120.6650747818619, 39.76359298149291], [-120.6648045822748, 39.763593247842316], [-120.66411921696508, 39.7637710874334], [-120.66315652649244, 39.76395052065418], [-120.66195511570328, 39.76417444779476]]}, "properties": {"OBJECTID": 23256217, "permanent_identifier": "158997613", "fdate": 1507852800000, "resolution": 2, "gnis_id": null, "gnis_name": null, "lengthkm": 0.39800106, "reachcode": "18020123031369", "flowdir": 1, "wbarea_permanent_identifier": null, "ftype": 460, "fcode": 46003, "innetwork": 1, "mainpath": 0, "visibilityfilter": 24000, "Shape_Length": 520.9860123877651, "globalid": "{C6AECFF3-4C7A-11E1-BCF4-0021280458E6}"}}, {"type": "Feature", "id": 23357720, "geometry": {"type": "LineString", "coordinates": [[-120.63213017324367, 39.73026258117499], [-120.63209197316495, 39.730290248498136], [-120.63197750611714, 39.730355448396864], [-120.63176430697438, 39.73046831491268], [-120.63157310679826, 39.73059951454283], [-120.63137510569292, 39.73078024812242], [-120.63127237274533, 39.730903248826976]]}, "properties": {"OBJECTID": 23357720, "permanent_identifier": "158996724", "fdate": 1329727100000, "resolution": 2, "gnis_id": "00260351", "gnis_name": "Frazier Creek", "lengthkm": 0.10300000000000001, "reachcode": "18020123000347", "flowdir": 1, "wbarea_permanent_identifier": null, "ftype": 460, "fcode": 46006, "innetwork": 1, "mainpath": 0, "visibilityfilter": 5000000, "Shape_Length": 134.40466048215262, "globalid": "{AA4EBDA9-4C7D-11E1-BCF4-0021280458E6}"}}, {"type": "Feature", "id": 23357936, "geometry": {"type": "LineString", "coordinates": [[-120.64254584216901, 39.733580247293055], [-120.64250650790841, 39.733614846985], [-120.64240717542543, 39.73370291492158]]}, "properties": {"OBJECTID": 23357936, "permanent_identifier": "158996727", "fdate": 1329727215000, "resolution": 2, "gnis_id": null, "gnis_name": null, "lengthkm": 0.018000000000000002, "reachcode": "18020123004153", "flowdir": 1, "wbarea_permanent_identifier": null, "ftype": 460, "fcode": 46006, "innetwork": 1, "mainpath": 0, "visibilityfilter": 250000, "Shape_Length": 23.528283088050706, "globalid": "{2D6B803C-4C74-11E1-BCF4-0021280458E6}"}}, {"type": "Feature", "id": 23366591, "geometry": {"type": "LineString", "coordinates": [[-120.6583620409803, 39.71321051078143], [-120.6582904408055, 39.713321710847964], [-120.65828950848716, 39.714470378435365], [-120.6580040421874, 39.71513124471735], [-120.65793317454845, 39.7153505112837], [-120.65786097502617, 39.71595271175673], [-120.65800330861104, 39.71623031114164], [-120.65828824215745, 39.71644777812682], [-120.65850170871742, 39.71656024480088], [-120.65878637484667, 39.716615511193766], [-120.65897010919241, 39.71672277824639], [-120.6589887035323, 39.716730269917505]]}, "properties": {"OBJECTID": 23366591, "permanent_identifier": "168032276", "fdate": 1329727761000, "resolution": 2, "gnis_id": null, "gnis_name": null, "lengthkm": 0.45, "reachcode": "18020123031530", "flowdir": 1, "wbarea_permanent_identifier": null, "ftype": 460, "fcode": 46007, "innetwork": 1, "mainpath": 0, "visibilityfilter": 24000, "Shape_Length": 582.5447867013957, "globalid": "{466722F0-4C8D-11E1-BCF4-0021280458E6}"}}, {"type": "Feature", "id": 23705005, "geometry": {"type": "LineString", "coordinates": [[-120.64575551034356, 39.745038848555005], [-120.6457341773186, 39.74505411536619], [-120.64559691009302, 39.745163914377386], [-120.64545217703709, 39.745237514451674], [-120.64531431046402, 39.745302315382496], [-120.64519217676278, 39.745331448779496], [-120.64504737711268, 39.745387048138056], [-120.64498631026206, 39.74542631504805], [-120.64487231041392, 39.74551864820243], [-120.64483357654133, 39.745603448696755], [-120.6447881770089, 39.745715048558054], [-120.64475777677191, 39.74585864800757], [-120.6447345770292, 39.74598424837715], [-120.64470397700973, 39.746109714909245], [-120.64465850984259, 39.74622591503695], [-120.64463537669401, 39.74630651520462], [-120.64464311098213, 39.746396847860055], [-120.64464277697077, 39.74649144784626], [-120.64465850984259, 39.74656824828587], [-120.6446965777735, 39.74669064878453], [-120.64472711015827, 39.746758848534064], [-120.64478817804944, 39.7468727146438], [-120.6448567773246, 39.7470002484635], [-120.64486437738385, 39.747054448805294], [-120.64485897701317, 39.74709464841135]]}, "properties": {"OBJECTID": 23705005, "permanent_identifier": "158996850", "fdate": 1329727091000, "resolution": 2, "gnis_id": "00266769", "gnis_name": "Gray Eagle Creek", "lengthkm": 0.276, "reachcode": "18020123000640", "flowdir": 1, "wbarea_permanent_identifier": null, "ftype": 460, "fcode": 46006, "innetwork": 1, "mainpath": 0, "visibilityfilter": 2000000, "Shape_Length": 357.798077321018, "globalid": "{0E8456DC-4C8A-11E1-BCF4-0021280458E6}"}}, {"type": "Feature", "id": 23807036, "geometry": {"type": "LineString", "coordinates": [[-120.65429964178828, 39.717817711762756], [-120.65458430895802, 39.71787297874883], [-120.6549400414682, 39.718091845215234], [-120.65515310846317, 39.718258311293106], [-120.65536697458813, 39.71853297844266], [-120.6555091083905, 39.719026778522235], [-120.65557977520643, 39.71913631245816]]}, "properties": {"OBJECTID": 23807036, "permanent_identifier": "158997360", "fdate": 1329727736000, "resolution": 2, "gnis_id": null, "gnis_name": null, "lengthkm": 0.196, "reachcode": "18020123031165", "flowdir": 1, "wbarea_permanent_identifier": null, "ftype": 460, "fcode": 46007, "innetwork": 1, "mainpath": 0, "visibilityfilter": 0, "Shape_Length": 254.42589263255817, "globalid": "{1024543D-4C83-11E1-BCF4-0021280458E6}"}}, {"type": "Feature", "id": 24031398, "geometry": {"type": "LineString", "coordinates": [[-120.62247710325312, 39.72399011548662], [-120.62141623737114, 39.72443231460295], [-120.62127477055097, 39.72443398243394], [-120.6210628377379, 39.72459624842992]]}, "properties": {"OBJECTID": 24031398, "permanent_identifier": "158996572", "fdate": 1329727785000, "resolution": 2, "gnis_id": null, "gnis_name": null, "lengthkm": 0.14, "reachcode": "18020123030911", "flowdir": 1, "wbarea_permanent_identifier": null, "ftype": 460, "fcode": 46007, "innetwork": 1, "mainpath": 0, "visibilityfilter": 0, "Shape_Length": 183.36182608563684, "globalid": "{E4FA5983-4C7E-11E1-BCF4-0021280458E6}"}}, {"type": "Feature", "id": 24032154, "geometry": {"type": "LineString", "coordinates": [[-120.61808370295954, 39.72367931520769], [-120.61765903612233, 39.72390038250395], [-120.61709443621181, 39.724393249412216], [-120.61667050295097, 39.724614316020194], [-120.6158924364805, 39.724891116257474], [-120.61575123603697, 39.72494678172491], [-120.61560977025731, 39.72494838231848], [-120.61532730277614, 39.72516778253467], [-120.61499143613825, 39.72534204878731]]}, "properties": {"OBJECTID": 24032154, "permanent_identifier": "158947535", "fdate": 1329727852000, "resolution": 2, "gnis_id": null, "gnis_name": null, "lengthkm": 0.328, "reachcode": "18020123030648", "flowdir": 1, "wbarea_permanent_identifier": null, "ftype": 460, "fcode": 46007, "innetwork": 1, "mainpath": 0, "visibilityfilter": 100000, "Shape_Length": 427.8059442366702, "globalid": "{B6FADAF3-4C80-11E1-BCF4-0021280458E6}"}}, {"type": "Feature", "id": 24155470, "geometry": {"type": "LineString", "coordinates": [[-120.66030671030154, 39.72506504548467], [-120.66030271048943, 39.72518204537728]]}, "properties": {"OBJECTID": 24155470, "permanent_identifier": "158996716", "fdate": 1329727091000, "resolution": 2, "gnis_id": "00266769", "gnis_name": "Gray Eagle Creek", "lengthkm": 0.013000000000000001, "reachcode": "18020123000640", "flowdir": 1, "wbarea_permanent_identifier": null, "ftype": 460, "fcode": 46006, "innetwork": 1, "mainpath": 0, "visibilityfilter": 2000000, "Shape_Length": 16.93998364640638, "globalid": "{8B6024BC-4C8D-11E1-BCF4-0021280458E6}"}}, {"type": "Feature", "id": 24257791, "geometry": {"type": "LineString", "coordinates": [[-120.66889217799398, 39.723647578046695], [-120.66867817868068, 39.72370184477367], [-120.66846457789185, 39.7237021112773], [-120.66789557756371, 39.723537511864976], [-120.66718337792649, 39.723424111397485], [-120.66682704398781, 39.72347997812769], [-120.66604357714664, 39.723752510860294], [-120.66547357790598, 39.72391671120565], [-120.66490444334897, 39.72408097838579], [-120.66476184442794, 39.72413664530752], [-120.66440524411257, 39.724246578482635], [-120.66376457701548, 39.72440937872176]]}, "properties": {"OBJECTID": 24257791, "permanent_identifier": "158996569", "fdate": 1329727480000, "resolution": 2, "gnis_id": null, "gnis_name": null, "lengthkm": 0.462, "reachcode": "18020123031109", "flowdir": 1, "wbarea_permanent_identifier": null, "ftype": 460, "fcode": 46007, "innetwork": 1, "mainpath": 0, "visibilityfilter": 24000, "Shape_Length": 604.8048589805273, "globalid": "{5D966755-4C76-11E1-BCF4-0021280458E6}"}}, {"type": "Feature", "id": 24257843, "geometry": {"type": "LineString", "coordinates": [[-120.61991590513901, 39.737649182899126], [-120.62027150550136, 39.73780958305355], [-120.62041277253905, 39.73781244998196], [-120.62055503848923, 39.737919049545425], [-120.62098170627304, 39.73784331646361]]}, "properties": {"OBJECTID": 24257843, "permanent_identifier": "158996563", "fdate": 1329727921000, "resolution": 2, "gnis_id": null, "gnis_name": null, "lengthkm": 0.101, "reachcode": "18020123030830", "flowdir": 1, "wbarea_permanent_identifier": null, "ftype": 460, "fcode": 46007, "innetwork": 1, "mainpath": 0, "visibilityfilter": 0, "Shape_Length": 132.48161990557549, "globalid": "{165EF112-4C7C-11E1-BCF4-0021280458E6}"}}, {"type": "Feature", "id": 24266951, "geometry": {"type": "LineString", "coordinates": [[-120.66482784549011, 39.73077757855811], [-120.6645425779323, 39.73078084589358], [-120.66326091076726, 39.73055691182118], [-120.66262024471065, 39.730395379263214], [-120.66233577732343, 39.730227446043365], [-120.66183737825757, 39.73006424581891], [-120.66126764435305, 39.7297869790031]]}, "properties": {"OBJECTID": 24266951, "permanent_identifier": "158997353", "fdate": 1329728153000, "resolution": 2, "gnis_id": null, "gnis_name": null, "lengthkm": 0.328, "reachcode": "18020123030917", "flowdir": 1, "wbarea_permanent_identifier": null, "ftype": 460, "fcode": 46007, "innetwork": 1, "mainpath": 0, "visibilityfilter": 24000, "Shape_Length": 428.39895881228, "globalid": "{C9C022E4-4C8C-11E1-BCF4-0021280458E6}"}}, {"type": "Feature", "id": 24266959, "geometry": {"type": "LineString", "coordinates": [[-120.66376457701548, 39.72440937872176], [-120.66355064429635, 39.72435557832838], [-120.66312364458221, 39.72430184511852], [-120.66291017698171, 39.72418951191514]]}, "properties": {"OBJECTID": 24266959, "permanent_identifier": "158997315", "fdate": 1329728355000, "resolution": 2, "gnis_id": null, "gnis_name": null, "lengthkm": 0.078, "reachcode": "18020123030701", "flowdir": 1, "wbarea_permanent_identifier": null, "ftype": 460, "fcode": 46003, "innetwork": 1, "mainpath": 0, "visibilityfilter": 100000, "Shape_Length": 102.01375876148087, "globalid": "{A09654F6-4C98-11E1-BCF4-0021280458E6}"}}, {"type": "Feature", "id": 24481164, "geometry": {"type": "LineString", "coordinates": [[-120.64568550634773, 39.71550364600701], [-120.6456853065652, 39.71561624628734], [-120.64547150599388, 39.715832712304184], [-120.64540077258378, 39.715943846512566], [-120.64504423990313, 39.71643657899284], [-120.64490117274187, 39.716654445524206]]}, "properties": {"OBJECTID": 24481164, "permanent_identifier": "158997615", "fdate": 1329727215000, "resolution": 2, "gnis_id": null, "gnis_name": null, "lengthkm": 0.14700000000000002, "reachcode": "18020123031373", "flowdir": 1, "wbarea_permanent_identifier": null, "ftype": 460, "fcode": 46003, "innetwork": 1, "mainpath": 0, "visibilityfilter": 250000, "Shape_Length": 190.47562277642191, "globalid": "{8D23846B-4C72-11E1-BCF4-0021280458E6}"}}, {"type": "Feature", "id": 24481919, "geometry": {"type": "LineString", "coordinates": [[-120.64667404160014, 39.724230913311985], [-120.64617557489954, 39.724671179760215], [-120.64610390813061, 39.72478237975629], [-120.64589044157064, 39.72505731302972], [-120.64553384125526, 39.72555004602293], [-120.6454622410805, 39.72576931307757], [-120.6450338408078, 39.72670204717655], [-120.64496224167355, 39.72681324709844], [-120.64489097446962, 39.726978514121775], [-120.6446773070866, 39.72719484684269], [-120.64453437519475, 39.72747124699019], [-120.64432070781174, 39.727687579765586], [-120.64396444150773, 39.7281263140518], [-120.64374997499473, 39.72873004748792], [-120.64367844141411, 39.729116047592534], [-120.64367804184911, 39.729665579991966], [-120.643748907407, 39.729829114060095], [-120.64389137522073, 39.72988604712137]]}, "properties": {"OBJECTID": 24481919, "permanent_identifier": "158996596", "fdate": 1329727519000, "resolution": 2, "gnis_id": null, "gnis_name": null, "lengthkm": 0.7070000000000001, "reachcode": "18020123030744", "flowdir": 1, "wbarea_permanent_identifier": null, "ftype": 460, "fcode": 46007, "innetwork": 1, "mainpath": 0, "visibilityfilter": 100000, "Shape_Length": 915.4481706733064, "globalid": "{6DD5EEF9-4C77-11E1-BCF4-0021280458E6}"}}, {"type": "Feature", "id": 24482040, "geometry": {"type": "LineString", "coordinates": [[-120.64359537663736, 39.74146558163475], [-120.64352377646257, 39.74168484847484], [-120.64338117650102, 39.74201531482011], [-120.64316724274136, 39.74223611529542], [-120.64295231006919, 39.742893915168295], [-120.64259631014185, 39.743386648688826], [-120.64188317610524, 39.74404331507334], [-120.64152637600736, 39.74454058236868], [-120.64145464264425, 39.744759848224945], [-120.64138390923415, 39.74486651544845], [-120.64095537577316, 39.74558304884022], [-120.64074164283652, 39.74579944878334], [-120.63938784274335, 39.74656918193931], [-120.63917404321256, 39.74667744885103], [-120.63853284232157, 39.74678598280708], [-120.63760664233055, 39.74678518276382], [-120.63611150964604, 39.74667364943946], [-120.63589784226308, 39.746565716140864]]}, "properties": {"OBJECTID": 24482040, "permanent_identifier": "158996592", "fdate": 1329727605000, "resolution": 2, "gnis_id": null, "gnis_name": null, "lengthkm": 0.999, "reachcode": "18020123031201", "flowdir": 1, "wbarea_permanent_identifier": null, "ftype": 460, "fcode": 46007, "innetwork": 1, "mainpath": 0, "visibilityfilter": 100000, "Shape_Length": 1300.262178152237, "globalid": "{0E4F15C6-4C79-11E1-BCF4-0021280458E6}"}}, {"type": "Feature", "id": 24489873, "geometry": {"type": "LineString", "coordinates": [[-120.6514509077526, 39.71765197937165], [-120.65159384172551, 39.71765037860868], [-120.65223457437625, 39.7177624455328], [-120.65315950803758, 39.71809197887807], [-120.6534442418015, 39.718255378721075], [-120.65387124151562, 39.71847564542523], [-120.65436977481035, 39.71880557874838], [-120.65486764216341, 39.71951831244911], [-120.65493830897934, 39.7196279120341], [-120.65500984255996, 39.71979604554893]]}, "properties": {"OBJECTID": 24489873, "permanent_identifier": "158997342", "fdate": 1329728191000, "resolution": 2, "gnis_id": null, "gnis_name": null, "lengthkm": 0.40900000000000003, "reachcode": "18020123030894", "flowdir": 1, "wbarea_permanent_identifier": null, "ftype": 460, "fcode": 46007, "innetwork": 1, "mainpath": 0, "visibilityfilter": 24000, "Shape_Length": 532.9247829385126, "globalid": "{40C9037A-4C91-11E1-BCF4-0021280458E6}"}}, {"type": "Feature", "id": 24539057, "geometry": {"type": "LineString", "coordinates": [[-120.65956024172253, 39.71696117866948], [-120.65990710888427, 39.71764871141402], [-120.65990780812301, 39.71765009847514]]}, "properties": {"OBJECTID": 24539057, "permanent_identifier": "168032278", "fdate": 1365638400000, "resolution": 2, "gnis_id": null, "gnis_name": null, "lengthkm": 0.08265483000000001, "reachcode": "18020123031353", "flowdir": 1, "wbarea_permanent_identifier": "62407231", "ftype": 558, "fcode": 55800, "innetwork": 1, "mainpath": 0, "visibilityfilter": 100000, "Shape_Length": 106.94464002030705, "globalid": "{AD78E120-4C73-11E1-BCF4-0021280458E6}"}}, {"type": "Feature", "id": 24706738, "geometry": {"type": "LineString", "coordinates": [[-120.6460217756722, 39.736091447324974], [-120.64623457524998, 39.73669478053913], [-120.64644837686184, 39.73696944706523], [-120.64822730995138, 39.73823071379743], [-120.64886850980183, 39.73850491412232], [-120.64922397697582, 39.7386697810533]]}, "properties": {"OBJECTID": 24706738, "permanent_identifier": "158997407", "fdate": 1329727398000, "resolution": 2, "gnis_id": null, "gnis_name": null, "lengthkm": 0.41100000000000003, "reachcode": "18020123030718", "flowdir": 1, "wbarea_permanent_identifier": null, "ftype": 460, "fcode": 46007, "innetwork": 1, "mainpath": 0, "visibilityfilter": 24000, "Shape_Length": 534.0740594732299, "globalid": "{9938D78A-4C74-11E1-BCF4-0021280458E6}"}}, {"type": "Feature", "id": 24932114, "geometry": {"type": "LineString", "coordinates": [[-120.6589887035323, 39.716730269917505], [-120.65899310915263, 39.71673204438694], [-120.65956024172253, 39.71696117866948]]}, "properties": {"OBJECTID": 24932114, "permanent_identifier": "158997790", "fdate": 1329727761000, "resolution": 2, "gnis_id": null, "gnis_name": null, "lengthkm": 0.055, "reachcode": "18020123031530", "flowdir": 1, "wbarea_permanent_identifier": "62407231", "ftype": 558, "fcode": 55800, "innetwork": 1, "mainpath": 0, "visibilityfilter": 24000, "Shape_Length": 71.86526572135942, "globalid": "{8751FDAF-4C7F-11E1-BCF4-0021280458E6}"}}, {"type": "Feature", "id": 24932163, "geometry": {"type": "LineString", "coordinates": [[-120.61446750133118, 39.71943864858908], [-120.61444476878815, 39.71956871508992], [-120.6144143695917, 39.71968971569296], [-120.61438370193751, 39.71981971529064], [-120.61439170156174, 39.71994604901825], [-120.61439150281977, 39.720036115291634], [-120.61439096902593, 39.720135248643224], [-120.61437596868994, 39.72021144857655], [-120.61433790179956, 39.72027824910425], [-120.6143075691973, 39.72033611525717], [-120.61420050138567, 39.720415048161826], [-120.61410130313155, 39.72050311535279], [-120.61380390190854, 39.72070871574235], [-120.61368136864228, 39.720773715011624], [-120.61354456861643, 39.72085204875781], [-120.61337676900608, 39.72091611549169], [-120.6132161022553, 39.72098944933528], [-120.61314736875127, 39.72103764835925]]}, "properties": {"OBJECTID": 24932163, "permanent_identifier": "158996734", "fdate": 1329727156000, "resolution": 2, "gnis_id": null, "gnis_name": null, "lengthkm": 0.229, "reachcode": "18020123004244", "flowdir": 1, "wbarea_permanent_identifier": null, "ftype": 460, "fcode": 46003, "innetwork": 1, "mainpath": 0, "visibilityfilter": 250000, "Shape_Length": 297.8242047749992, "globalid": "{27439A45-4C78-11E1-BCF4-0021280458E6}"}}, {"type": "Feature", "id": 24932216, "geometry": {"type": "LineString", "coordinates": [[-120.66291017698171, 39.72418951191514], [-120.66276797658517, 39.72419117815135], [-120.6625539106777, 39.724245378025174], [-120.66226904372544, 39.724410778451755], [-120.66184124384078, 39.724685978106116], [-120.6615563102944, 39.724959512045096], [-120.66105777699967, 39.72512517885737], [-120.66048844370066, 39.725230778467775], [-120.66030271048943, 39.72518204537728]]}, "properties": {"OBJECTID": 24932216, "permanent_identifier": "158997427", "fdate": 1329727865000, "resolution": 2, "gnis_id": null, "gnis_name": null, "lengthkm": 0.261, "reachcode": "18020123031190", "flowdir": 1, "wbarea_permanent_identifier": null, "ftype": 460, "fcode": 46003, "innetwork": 1, "mainpath": 0, "visibilityfilter": 250000, "Shape_Length": 340.96049791804637, "globalid": "{9115D494-4C83-11E1-BCF4-0021280458E6}"}}, {"type": "Feature", "id": 24941733, "geometry": {"type": "LineString", "coordinates": [[-120.63127237274533, 39.730903248826976], [-120.63126790677403, 39.73090864796288], [-120.63117650628058, 39.73102391505202], [-120.63106250643247, 39.73117924839901], [-120.63093270607781, 39.73132971524181], [-120.6307519726317, 39.73152098181072]]}, "properties": {"OBJECTID": 24941733, "permanent_identifier": "158996860", "fdate": 1329727100000, "resolution": 2, "gnis_id": "00260351", "gnis_name": "Frazier Creek", "lengthkm": 0.082, "reachcode": "18020123000347", "flowdir": 1, "wbarea_permanent_identifier": null, "ftype": 460, "fcode": 46006, "innetwork": 1, "mainpath": 0, "visibilityfilter": 5000000, "Shape_Length": 106.64813858801057, "globalid": "{9A6A28C7-4C88-11E1-BCF4-0021280458E6}"}}, {"type": "Feature", "id": 25156704, "geometry": {"type": "LineString", "coordinates": [[-120.65956895827456, 39.71623978625219], [-120.65956890936948, 39.716244045169056], [-120.65956024172253, 39.71696117866948]]}, "properties": {"OBJECTID": 25156704, "permanent_identifier": "158997710", "fdate": 1329727685000, "resolution": 2, "gnis_id": null, "gnis_name": null, "lengthkm": 0.081, "reachcode": "18020123031422", "flowdir": 1, "wbarea_permanent_identifier": "62407231", "ftype": 558, "fcode": 55800, "innetwork": 1, "mainpath": 0, "visibilityfilter": 24000, "Shape_Length": 104.40327150501815, "globalid": "{C7E5FA43-4C7B-11E1-BCF4-0021280458E6}"}}, {"type": "Feature", "id": 25164752, "geometry": {"type": "LineString", "coordinates": [[-120.64922397697582, 39.7386697810533], [-120.64936631056072, 39.738834847623785], [-120.64964984354859, 39.739827047024725], [-120.64986377730824, 39.74020978131242], [-120.64995471060199, 39.740363780965865]]}, "properties": {"OBJECTID": 25164752, "permanent_identifier": "158947310", "fdate": 1329727995000, "resolution": 2, "gnis_id": null, "gnis_name": null, "lengthkm": 0.201, "reachcode": "18020123030788", "flowdir": 1, "wbarea_permanent_identifier": null, "ftype": 460, "fcode": 46003, "innetwork": 1, "mainpath": 0, "visibilityfilter": 100000, "Shape_Length": 260.5288442211011, "globalid": "{ABD1A72C-4C87-11E1-BCF4-0021280458E6}"}}, {"type": "Feature", "id": 25381578, "geometry": {"type": "LineString", "coordinates": [[-120.64389837385143, 39.72263857985059], [-120.64332937352329, 39.722473913873515], [-120.64254564030544, 39.7223633136011], [-120.64233244012216, 39.722417513311015], [-120.6415491730635, 39.722527846988335], [-120.64083657282077, 39.72296378017457], [-120.64055157372071, 39.72312918047402]]}, "properties": {"OBJECTID": 25381578, "permanent_identifier": "158997422", "fdate": 1329727630000, "resolution": 2, "gnis_id": null, "gnis_name": null, "lengthkm": 0.315, "reachcode": "18020123031006", "flowdir": 1, "wbarea_permanent_identifier": null, "ftype": 460, "fcode": 46007, "innetwork": 1, "mainpath": 0, "visibilityfilter": 24000, "Shape_Length": 411.1182499779828, "globalid": "{C6AEAEB7-4C7A-11E1-BCF4-0021280458E6}"}}, {"type": "Feature", "id": 25381820, "geometry": {"type": "LineString", "coordinates": [[-120.60921070142656, 39.72631691626641], [-120.60913450209215, 39.726328849253974]]}, "properties": {"OBJECTID": 25381820, "permanent_identifier": "158996744", "fdate": 1329727261000, "resolution": 2, "gnis_id": null, "gnis_name": null, "lengthkm": 0.007, "reachcode": "18020123000650", "flowdir": 1, "wbarea_permanent_identifier": null, "ftype": 460, "fcode": 46006, "innetwork": 1, "mainpath": 0, "visibilityfilter": 500000, "Shape_Length": 8.656524706456784, "globalid": "{31DF018E-4C73-11E1-BCF4-0021280458E6}"}}, {"type": "Feature", "id": 25504639, "geometry": {"type": "LineString", "coordinates": [[-120.66369477696425, 39.71877451165384], [-120.66348791051048, 39.71899851120713], [-120.66339597622319, 39.719149845015494], [-120.66336557702677, 39.71925284459358], [-120.6633737764335, 39.71940164470082], [-120.66337331027434, 39.71960884508995], [-120.66332791074188, 39.71985124452016], [-120.66325890982066, 39.71999404468112], [-120.66318271048625, 39.720199711416875], [-120.66313671056577, 39.72031144445409], [-120.66303757682478, 39.72041751163724], [-120.66281630938253, 39.72071031163225], [-120.6627251763063, 39.72090224473555], [-120.66257271000279, 39.721227911842654], [-120.6624427764598, 39.72149104471572], [-120.66234317760016, 39.721763845417506], [-120.66227511003778, 39.72198771201035], [-120.66224444342414, 39.72209917884209]]}, "properties": {"OBJECTID": 25504639, "permanent_identifier": "158997715", "fdate": 1329727091000, "resolution": 2, "gnis_id": "00266769", "gnis_name": "Gray Eagle Creek", "lengthkm": 0.398, "reachcode": "18020123000640", "flowdir": 1, "wbarea_permanent_identifier": null, "ftype": 460, "fcode": 46006, "innetwork": 1, "mainpath": 0, "visibilityfilter": 2000000, "Shape_Length": 515.2695573958661, "globalid": "{32C6CF77-4C89-11E1-BCF4-0021280458E6}"}}, {"type": "Feature", "id": 25605862, "geometry": {"type": "LineString", "coordinates": [[-120.61913050498597, 39.736124115753505], [-120.61920170455522, 39.73634171604226], [-120.61948817184853, 39.73694218330183], [-120.6199160393679, 39.73754104982967], [-120.61991590513901, 39.737649182899126]]}, "properties": {"OBJECTID": 25605862, "permanent_identifier": "158997397", "fdate": 1329727929000, "resolution": 2, "gnis_id": null, "gnis_name": null, "lengthkm": 0.185, "reachcode": "18020123030847", "flowdir": 1, "wbarea_permanent_identifier": null, "ftype": 460, "fcode": 46007, "innetwork": 1, "mainpath": 0, "visibilityfilter": 0, "Shape_Length": 239.63964152736335, "globalid": "{B4E6505B-4C85-11E1-BCF4-0021280458E6}"}}, {"type": "Feature", "id": 25606754, "geometry": {"type": "LineString", "coordinates": [[-120.62850257360752, 39.73968131627229], [-120.62849850720124, 39.73968524889036], [-120.62832350709665, 39.739852849421055], [-120.62812470686131, 39.74003804902172], [-120.6278577069158, 39.74027124967557], [-120.62756810657504, 39.74044551535542], [-120.62703390690153, 39.74074991595506], [-120.62657617397963, 39.741060316033455], [-120.62629377413312, 39.74134291582004], [-120.62627017378486, 39.741375783386104]]}, "properties": {"OBJECTID": 25606754, "permanent_identifier": "158996770", "fdate": 1329727453000, "resolution": 2, "gnis_id": null, "gnis_name": null, "lengthkm": 0.27, "reachcode": "18020123002824", "flowdir": 1, "wbarea_permanent_identifier": null, "ftype": 460, "fcode": 46003, "innetwork": 1, "mainpath": 0, "visibilityfilter": 100000, "Shape_Length": 351.5076446756686, "globalid": "{AA311446-4C79-11E1-BCF4-0021280458E6}"}}, {"type": "Feature", "id": 25953374, "geometry": {"type": "LineString", "coordinates": [[-120.60381730648126, 39.76355631964661], [-120.60651830760193, 39.76357605350609], [-120.60682337339728, 39.76359131940858], [-120.60706717360006, 39.76365031937838], [-120.60722777271614, 39.763712253135346], [-120.60729650726071, 39.76377225280906], [-120.60740337424929, 39.763887053009476], [-120.607708173668, 39.76433471981272], [-120.60816617400711, 39.76503331925049], [-120.6082961075501, 39.76522525291171]]}, "properties": {"OBJECTID": 25953374, "permanent_identifier": "62400889", "fdate": 1329727163000, "resolution": 2, "gnis_id": null, "gnis_name": null, "lengthkm": 0.48500000000000004, "reachcode": "18020123002393", "flowdir": 1, "wbarea_permanent_identifier": null, "ftype": 460, "fcode": 46006, "innetwork": 1, "mainpath": 0, "visibilityfilter": 100000, "Shape_Length": 632.9924413608693, "globalid": "{83F6506A-4C72-11E1-BCF4-0021280458E6}"}}, {"type": "Feature", "id": 26055771, "geometry": {"type": "LineString", "coordinates": [[-120.64389137522073, 39.72988604712137], [-120.6437047752448, 39.73095451379328]]}, "properties": {"OBJECTID": 26055771, "permanent_identifier": "158997411", "fdate": 1329727463000, "resolution": 2, "gnis_id": null, "gnis_name": null, "lengthkm": 0.12100000000000001, "reachcode": "18020123030715", "flowdir": 1, "wbarea_permanent_identifier": null, "ftype": 460, "fcode": 46003, "innetwork": 1, "mainpath": 0, "visibilityfilter": 100000, "Shape_Length": 156.04652029255968, "globalid": "{E5C7B0EA-4C76-11E1-BCF4-0021280458E6}"}}, {"type": "Feature", "id": 26056022, "geometry": {"type": "LineString", "coordinates": [[-120.63392404111559, 39.7421679822779], [-120.63392357495641, 39.74216984890393], [-120.63394670810499, 39.74236851507157], [-120.63393870848074, 39.742517049267455], [-120.63392370814476, 39.742633849121844], [-120.63394637409361, 39.74271984930183], [-120.63396150865849, 39.742810249066494], [-120.63395377437034, 39.743035315458044], [-120.63393870848074, 39.74321971602233], [-120.63390810846127, 39.74339024906113], [-120.63390790867875, 39.74350284940848], [-120.63394630853996, 39.743593715392805], [-120.6340075751731, 39.74374364948554], [-120.63402277529158, 39.74391504931081], [-120.63403777562758, 39.74411811565595], [-120.63406870861789, 39.744195315577386], [-120.6340681092704, 39.74427631575639], [-120.63403777562758, 39.74437484940432]]}, "properties": {"OBJECTID": 26056022, "permanent_identifier": "158996780", "fdate": 1329727261000, "resolution": 2, "gnis_id": null, "gnis_name": null, "lengthkm": 0.25, "reachcode": "18020123003231", "flowdir": 1, "wbarea_permanent_identifier": null, "ftype": 460, "fcode": 46006, "innetwork": 1, "mainpath": 0, "visibilityfilter": 100000, "Shape_Length": 323.1186699871552, "globalid": "{31DF1FC8-4C73-11E1-BCF4-0021280458E6}"}}, {"type": "Feature", "id": 26064595, "geometry": {"type": "LineString", "coordinates": [[-120.62470783926216, 39.73524164905756], [-120.62466090598284, 39.73530964969214], [-120.6246073725973, 39.73540304863278], [-120.62456190543016, 39.73551471622512], [-120.62456177224183, 39.73562731583785], [-120.6245541732231, 39.735717316018615], [-120.62456150586516, 39.73592911556413], [-120.62454637338138, 39.73605044913345], [-120.62447790625401, 39.73615711543548], [-120.62436357343505, 39.736321515885535], [-120.62428717327762, 39.73642351601436], [-120.6242183731794, 39.736557249625704], [-120.62415777248796, 39.736749716332426], [-120.62413470593356, 39.73687084921775], [-120.62411137300249, 39.7369334495814], [-120.62406617325257, 39.737018115812674], [-120.62403530581588, 39.73706704937742], [-120.62392897262116, 39.73716844908688], [-120.62386717323471, 39.737225716152196], [-120.62378330620638, 39.73726904929353], [-120.62371477248483, 39.73729011653901], [-120.62364657277466, 39.73730224926586], [-120.62355490590457, 39.7373139163014], [-120.62346337326333, 39.73732551612216], [-120.62334070576824, 39.737332049372036], [-120.62324157306776, 39.73734804923039], [-120.6231887056239, 39.73738304950772], [-120.62310470644772, 39.73742631613755], [-120.62299777286499, 39.737482649212026], [-120.62292150589587, 39.73753964956608], [-120.62281450571896, 39.73759604976058], [-120.622685172564, 39.73762491596506], [-120.62256310545695, 39.73763151639916], [-120.62249437299346, 39.73763911621932], [-120.6224175056363, 39.737624049403024], [-120.62238750600486, 39.73760991555812], [-120.62228777291635, 39.73759884948529], [-120.62216590559179, 39.737605316296836], [-120.6220745716925, 39.737630516212164], [-120.62199837235808, 39.73766044980135], [-120.62192217198317, 39.737672449638254], [-120.62180737300504, 39.73770164947279], [-120.6216621727494, 39.73770311614546], [-120.62154517200163, 39.73769538270749]]}, "properties": {"OBJECTID": 26064595, "permanent_identifier": "158996702", "fdate": 1329727100000, "resolution": 2, "gnis_id": "00260351", "gnis_name": "Frazier Creek", "lengthkm": 0.452, "reachcode": "18020123000347", "flowdir": 1, "wbarea_permanent_identifier": null, "ftype": 460, "fcode": 46006, "innetwork": 1, "mainpath": 0, "visibilityfilter": 5000000, "Shape_Length": 587.3726848214558, "globalid": "{09A54EE0-4C95-11E1-BCF4-0021280458E6}"}}, {"type": "Feature", "id": 26178469, "geometry": {"type": "LineString", "coordinates": [[-120.6044347696735, 39.73635791777192], [-120.60431270256642, 39.73636445111357], [-120.60425190313299, 39.73637211748705], [-120.60417510237004, 39.73637965103242], [-120.60412170321335, 39.73636045109221], [-120.60405350246265, 39.73633205085414], [-120.60397710230522, 39.736303450563064], [-120.60381690275412, 39.73627765083873], [-120.603671902281, 39.736252117559815], [-120.60352690284839, 39.73620851732381], [-120.60339710249373, 39.73616531794367], [-120.60332096975348, 39.73612771730537], [-120.6032749687925, 39.73610871733674], [-120.60322190260662, 39.73608511720002], [-120.60312250248897, 39.73602905103963], [-120.60302316896546, 39.73596845107692], [-120.60290130268143, 39.73592985091972], [-120.60278696882192, 39.73588245127341], [-120.60265736929031, 39.73585271775476], [-120.60252776871815, 39.7358500507874], [-120.60245130196654, 39.73586651748894], [-120.6023829024739, 39.73590565059453], [-120.60232156924658, 39.73592691749891], [-120.60225276914842, 39.735975050869435], [-120.6021765021793, 39.736009517331546], [-120.60207736947882, 39.73607051734196], [-120.60197036930192, 39.736149317810764], [-120.60187136874923, 39.73622845105844], [-120.6017719020374, 39.73628045141711], [-120.60168070236698, 39.73634151760148], [-120.60151296935081, 39.73646871804082], [-120.60139036949043, 39.73653371765637], [-120.60129136893775, 39.736572251061915], [-120.60120776932658, 39.73662905132851], [-120.60108570221952, 39.736698650915066], [-120.60089476946062, 39.736798250808285], [-120.60075736904672, 39.73689005141625], [-120.6006275020979, 39.736959451500134], [-120.60049036910121, 39.7369971180977], [-120.60036076852906, 39.73703045102701], [-120.60022316937321, 39.73704565159922], [-120.60010130204863, 39.7370476511899], [-120.59999430187172, 39.737045451560114], [-120.59989530235958, 39.737038851069926], [-120.59979616861857, 39.737014318268905], [-120.59970476916568, 39.7369808509054], [-120.59955190225664, 39.73695065136884], [-120.59941476925992, 39.73695231809682], [-120.59927696824047, 39.73697205157702], [-120.5991703686691, 39.73699685164546], [-120.5991167686894, 39.73700471798781], [-120.59902516841346, 39.737061451485], [-120.59895636831527, 39.73708705167714], [-120.5988803021692, 39.73709445151837], [-120.59871230173583, 39.73714505175229], [-120.59859090161098, 39.73719651771632], [-120.59849136830493, 39.73724851814479], [-120.59835416871408, 39.737335851699164], [-120.59824736831968, 39.737428118079656], [-120.59814016836025, 39.73753405171204], [-120.5979269015828, 39.73775045132797], [-120.59784270158359, 39.73780271778769], [-120.59778156813883, 39.73781951848431], [-120.59770576836941, 39.73784045113676], [-120.59753736837104, 39.73785951784034], [-120.59744590232397, 39.737848651844295], [-120.59727050161385, 39.73788105139078], [-120.59708750188503, 39.73792225173056], [-120.59693496898734, 39.73798665146652], [-120.59678236845497, 39.738055518349945], [-120.59668276855479, 39.73810751813037], [-120.59653076841043, 39.73819905134697], [-120.59640076827328, 39.73829091810122], [-120.59626356868242, 39.73839611827871], [-120.59612576870356, 39.73845631843737], [-120.59602696793335, 39.73849031797736], [-120.5959357016688, 39.73851551836931], [-120.5958688348825, 39.738528456620614]]}, "properties": {"OBJECTID": 26178469, "permanent_identifier": "62408661", "fdate": 1669852800000, "resolution": 2, "gnis_id": null, "gnis_name": null, "lengthkm": 0.8492551300000001, "reachcode": "18020123002822", "flowdir": 1, "wbarea_permanent_identifier": null, "ftype": 460, "fcode": 46007, "innetwork": 1, "mainpath": 0, "visibilityfilter": 24000, "Shape_Length": 1109.0609826174232, "globalid": "{8B4E3BF7-4C71-11E1-BCF4-0021280458E6}"}}, {"type": "Feature", "id": 26279270, "geometry": {"type": "LineString", "coordinates": [[-120.66530784895802, 39.76079591514405], [-120.66473551579993, 39.761176314895], [-120.66470931515757, 39.7611987818126]]}, "properties": {"OBJECTID": 26279270, "permanent_identifier": "158997454", "fdate": 1329727560000, "resolution": 2, "gnis_id": null, "gnis_name": null, "lengthkm": 0.068, "reachcode": "18020123031320", "flowdir": 1, "wbarea_permanent_identifier": null, "ftype": 460, "fcode": 46003, "innetwork": 1, "mainpath": 0, "visibilityfilter": 24000, "Shape_Length": 88.59353710118565, "globalid": "{916168B8-4C78-11E1-BCF4-0021280458E6}"}}, {"type": "Feature", "id": 26279325, "geometry": {"type": "LineString", "coordinates": [[-120.61717610563267, 39.739192116842176], [-120.61711510537623, 39.73930805019031], [-120.61706197155567, 39.73936991702202], [-120.61700070492256, 39.73947685023037], [-120.61695490582512, 39.73955691660646], [-120.61687150495592, 39.73964985051925], [-120.61676437159069, 39.7397512496292], [-120.61668817225627, 39.739826250101174], [-120.61660377143407, 39.73988311649657], [-120.61649717186269, 39.739930516592025], [-120.61630650548044, 39.74002565033589], [-120.61620730514525, 39.74010925020806], [-120.61609277150328, 39.740192450719064], [-120.61597110500173, 39.740275517509744], [-120.61590210512102, 39.740350716640485], [-120.61578750488488, 39.740415916624784], [-120.61565850574128, 39.740458316424444], [-120.6154981043266, 39.74051804991428], [-120.61539110519026, 39.74057445007168], [-120.61523110438112, 39.74064771659966], [-120.61510150484952, 39.740726116579026], [-120.61501677209696, 39.74076944991982], [-120.61492537264411, 39.74082165008096], [-120.61482637105087, 39.740900650746255], [-120.6147653052408, 39.74095791711071], [-120.6146965051426, 39.74102865088251], [-120.61460497146082, 39.741080717229], [-120.61454497115741, 39.74111518353817]]}, "properties": {"OBJECTID": 26279325, "permanent_identifier": "158996764", "fdate": 1329727811000, "resolution": 2, "gnis_id": null, "gnis_name": null, "lengthkm": 0.318, "reachcode": "18020123002816", "flowdir": 1, "wbarea_permanent_identifier": null, "ftype": 460, "fcode": 46003, "innetwork": 1, "mainpath": 0, "visibilityfilter": 100000, "Shape_Length": 413.57246383157303, "globalid": "{07090B40-4C82-11E1-BCF4-0021280458E6}"}}, {"type": "Feature", "id": 26287764, "geometry": {"type": "LineString", "coordinates": [[-120.65108770837153, 39.726266179238465], [-120.65151430852063, 39.726157713000454], [-120.6517998424551, 39.726104912724885], [-120.65208470836683, 39.72604757960026], [-120.65258250912572, 39.72616124624876], [-120.65300984181066, 39.72626904584675], [-120.65343690915947, 39.72638131324041]]}, "properties": {"OBJECTID": 26287764, "permanent_identifier": "158996597", "fdate": 1329728419000, "resolution": 2, "gnis_id": null, "gnis_name": null, "lengthkm": 0.20900000000000002, "reachcode": "18020123030743", "flowdir": 1, "wbarea_permanent_identifier": null, "ftype": 460, "fcode": 46007, "innetwork": 1, "mainpath": 0, "visibilityfilter": 24000, "Shape_Length": 273.5975414047877, "globalid": "{56A7BC51-4C9A-11E1-BCF4-0021280458E6}"}}, {"type": "Feature", "id": 26288633, "geometry": {"type": "LineString", "coordinates": [[-120.6706059830293, 39.75680778072872], [-120.6705330488901, 39.757027113933184], [-120.67024578246678, 39.75740864719049], [-120.6698867160862, 39.75784744745926], [-120.66960024983341, 39.75812098098654], [-120.66917045004271, 39.758450114242194], [-120.66866964942471, 39.7587193810841], [-120.66802805000927, 39.7588821814932], [-120.6671719154056, 39.759045181492624], [-120.66674398233265, 39.759099581131764], [-120.6661012487353, 39.75931638096065], [-120.66524311630664, 39.75986218103072], [-120.66481318228708, 39.76019138115441], [-120.6647223155875, 39.7602799814462]]}, "properties": {"OBJECTID": 26288633, "permanent_identifier": "158997503", "fdate": 1329728413000, "resolution": 2, "gnis_id": null, "gnis_name": null, "lengthkm": 0.664, "reachcode": "18020123031427", "flowdir": 1, "wbarea_permanent_identifier": null, "ftype": 460, "fcode": 46007, "innetwork": 1, "mainpath": 0, "visibilityfilter": 24000, "Shape_Length": 865.7861990071858, "globalid": "{EE2A2068-4C99-11E1-BCF4-0021280458E6}"}}, {"type": "Feature", "id": 26403354, "geometry": {"type": "LineString", "coordinates": [[-120.65776117742458, 39.73110644633912], [-120.65774317722946, 39.7311484461519], [-120.65767457691378, 39.73139044651806], [-120.65763611149892, 39.731556313137276], [-120.65762244408681, 39.73167324599916]]}, "properties": {"OBJECTID": 26403354, "permanent_identifier": "158996747", "fdate": 1329727091000, "resolution": 2, "gnis_id": "00266769", "gnis_name": "Gray Eagle Creek", "lengthkm": 0.065, "reachcode": "18020123000640", "flowdir": 1, "wbarea_permanent_identifier": null, "ftype": 460, "fcode": 46006, "innetwork": 1, "mainpath": 0, "visibilityfilter": 2000000, "Shape_Length": 83.63547654303265, "globalid": "{8D2B1CC2-4C93-11E1-BCF4-0021280458E6}"}}, {"type": "Feature", "id": 26403355, "geometry": {"type": "LineString", "coordinates": [[-120.6192307708278, 39.726896582099954], [-120.61831050396081, 39.72706678260186], [-120.61774483750308, 39.727230915834724], [-120.61710890379447, 39.72761424904398], [-120.61661470328269, 39.72805451629622], [-120.61647377025638, 39.72816424876173], [-120.61607636956818, 39.728484915985156]]}, "properties": {"OBJECTID": 26403355, "permanent_identifier": "158996623", "fdate": 1507852800000, "resolution": 2, "gnis_id": null, "gnis_name": null, "lengthkm": 0.33217428, "reachcode": "18020123030673", "flowdir": 1, "wbarea_permanent_identifier": null, "ftype": 460, "fcode": 46007, "innetwork": 1, "mainpath": 0, "visibilityfilter": 0, "Shape_Length": 433.24183841519425, "globalid": "{2605B7FD-4C8C-11E1-BCF4-0021280458E6}"}}, {"type": "Feature", "id": 26514907, "geometry": {"type": "LineString", "coordinates": [[-120.64174577569136, 39.73894158162871], [-120.64160350870064, 39.73905118154511], [-120.64105617540883, 39.739507714366304]]}, "properties": {"OBJECTID": 26514907, "permanent_identifier": "158996601", "fdate": 1329728281000, "resolution": 2, "gnis_id": null, "gnis_name": null, "lengthkm": 0.08600000000000001, "reachcode": "18020123030675", "flowdir": 1, "wbarea_permanent_identifier": null, "ftype": 460, "fcode": 46007, "innetwork": 1, "mainpath": 0, "visibilityfilter": 24000, "Shape_Length": 112.30801218162347, "globalid": "{D8C653EE-4C94-11E1-BCF4-0021280458E6}"}}, {"type": "Feature", "id": 26730639, "geometry": {"type": "LineString", "coordinates": [[-120.6210829720679, 39.73774984961652], [-120.62098170627304, 39.73784331646361]]}, "properties": {"OBJECTID": 26730639, "permanent_identifier": "158996792", "fdate": 1329727100000, "resolution": 2, "gnis_id": "00260351", "gnis_name": "Frazier Creek", "lengthkm": 0.014, "reachcode": "18020123000347", "flowdir": 1, "wbarea_permanent_identifier": null, "ftype": 460, "fcode": 46006, "innetwork": 1, "mainpath": 0, "visibilityfilter": 5000000, "Shape_Length": 17.61115000016836, "globalid": "{F8B16C7F-4C85-11E1-BCF4-0021280458E6}"}}, {"type": "Feature", "id": 26731254, "geometry": {"type": "LineString", "coordinates": [[-120.61607636956818, 39.728484915985156], [-120.61605050397772, 39.7284933826904], [-120.61590823698702, 39.728494982401415], [-120.61513010392237, 39.72877178306471], [-120.61477630264307, 39.728881649631006], [-120.61456510340636, 39.729043916363416], [-120.61380870293172, 39.729625849563746]]}, "properties": {"OBJECTID": 26731254, "permanent_identifier": "158947312", "fdate": 1329727600000, "resolution": 2, "gnis_id": null, "gnis_name": null, "lengthkm": 0.23700000000000002, "reachcode": "18020123030935", "flowdir": 1, "wbarea_permanent_identifier": null, "ftype": 460, "fcode": 46007, "innetwork": 1, "mainpath": 0, "visibilityfilter": 100000, "Shape_Length": 309.214098305172, "globalid": "{AF4AEF01-4C79-11E1-BCF4-0021280458E6}"}}, {"type": "Feature", "id": 26739350, "geometry": {"type": "LineString", "coordinates": [[-120.60510590048015, 39.71482251600536], [-120.60515149979507, 39.714873048543225], [-120.60532736666437, 39.71501624881237], [-120.60539570060338, 39.71506271511793], [-120.60546449966105, 39.71516324833231], [-120.60552549991752, 39.7152726491329], [-120.60558709952144, 39.715391049544834], [-120.60562510085822, 39.71551344938392], [-120.60564756702459, 39.7156219155564], [-120.60563250009442, 39.71580631582231], [-120.60562490003517, 39.71594131564364], [-120.60564776680707, 39.7160814489646], [-120.60565550005464, 39.71615364898152], [-120.60569356694506, 39.716190448910034], [-120.60573930048885, 39.71625191548026]]}, "properties": {"OBJECTID": 26739350, "permanent_identifier": "158996813", "fdate": 1329727324000, "resolution": 2, "gnis_id": "00263725", "gnis_name": "Mohawk Creek", "lengthkm": 0.17600000000000002, "reachcode": "18020123000649", "flowdir": 1, "wbarea_permanent_identifier": null, "ftype": 460, "fcode": 46006, "innetwork": 1, "mainpath": 0, "visibilityfilter": 1000000, "Shape_Length": 228.06445706550733, "globalid": "{D8D6B233-4C89-11E1-BCF4-0021280458E6}"}}, {"type": "Feature", "id": 26739388, "geometry": {"type": "LineString", "coordinates": [[-120.62516037367695, 39.73773404908838], [-120.62501890685677, 39.737902382497495], [-120.62445490629376, 39.73850338345557], [-120.623678505718, 39.73921724976648], [-120.62318403882955, 39.739598916871245], [-120.62254803956729, 39.73987424952822], [-120.62240643955879, 39.73998398318206]]}, "properties": {"OBJECTID": 26739388, "permanent_identifier": "158996564", "fdate": 1329728191000, "resolution": 2, "gnis_id": null, "gnis_name": null, "lengthkm": 0.34800000000000003, "reachcode": "18020123030835", "flowdir": 1, "wbarea_permanent_identifier": null, "ftype": 460, "fcode": 46007, "innetwork": 1, "mainpath": 0, "visibilityfilter": 0, "Shape_Length": 452.64479770439635, "globalid": "{40C7B42F-4C91-11E1-BCF4-0021280458E6}"}}, {"type": "Feature", "id": 26740111, "geometry": {"type": "LineString", "coordinates": [[-120.64687357645238, 39.738725780254526], [-120.64694504343882, 39.73883531410283], [-120.64708744361789, 39.73900031466587], [-120.6473001766015, 39.73943711505528], [-120.64737164358792, 39.739821381345905], [-120.64730004341315, 39.74004064781666]]}, "properties": {"OBJECTID": 26740111, "permanent_identifier": "158997391", "fdate": 1329728378000, "resolution": 2, "gnis_id": null, "gnis_name": null, "lengthkm": 0.157, "reachcode": "18020123030814", "flowdir": 1, "wbarea_permanent_identifier": null, "ftype": 460, "fcode": 46007, "innetwork": 1, "mainpath": 0, "visibilityfilter": 0, "Shape_Length": 202.8540374911204, "globalid": "{B3495243-4C97-11E1-BCF4-0021280458E6}"}}, {"type": "Feature", "id": 26740227, "geometry": {"type": "LineString", "coordinates": [[-120.66992751541846, 39.751812313732216], [-120.66942784794186, 39.75191931403026], [-120.66900084822774, 39.75186124719156], [-120.66779091442582, 39.7517468469364], [-120.66750678104992, 39.75169157990447], [-120.66700864836072, 39.751582513684866], [-120.6667954481774, 39.7515241801662], [-120.6666534486039, 39.75147178011577], [-120.66622698164312, 39.75135958078673], [-120.66594298145557, 39.75119171384629], [-120.66544404755533, 39.751190646656816], [-120.66497638065673, 39.75104171436185]]}, "properties": {"OBJECTID": 26740227, "permanent_identifier": "158997513", "fdate": 1329728385000, "resolution": 2, "gnis_id": null, "gnis_name": null, "lengthkm": 0.44, "reachcode": "18020123031483", "flowdir": 1, "wbarea_permanent_identifier": null, "ftype": 460, "fcode": 46007, "innetwork": 1, "mainpath": 0, "visibilityfilter": 24000, "Shape_Length": 576.6692419701607, "globalid": "{16CDBE64-4C98-11E1-BCF4-0021280458E6}"}}, {"type": "Feature", "id": 26954608, "geometry": {"type": "LineString", "coordinates": [[-120.62416163703067, 39.72054711449119], [-120.62416217082453, 39.72065531423566], [-120.62395050438813, 39.72087618153632], [-120.62374037065808, 39.72136731491815], [-120.62366997021883, 39.72152804748288], [-120.62345977093514, 39.72202378132539], [-120.62303670339847, 39.722515114618574], [-120.62197910375225, 39.72350244853556], [-120.62176710434501, 39.72366478154897], [-120.62155470329172, 39.723777514962066], [-120.62091810364142, 39.723886115394755], [-120.62020950321082, 39.723943648793174], [-120.61999790336858, 39.72405644897615], [-120.61985636995422, 39.72416618220266]]}, "properties": {"OBJECTID": 26954608, "permanent_identifier": "158997429", "fdate": 1329727965000, "resolution": 2, "gnis_id": null, "gnis_name": null, "lengthkm": 0.5890000000000001, "reachcode": "18020123030888", "flowdir": 1, "wbarea_permanent_identifier": null, "ftype": 460, "fcode": 46007, "innetwork": 1, "mainpath": 0, "visibilityfilter": 24000, "Shape_Length": 765.6253327811527, "globalid": "{681DBC84-4C86-11E1-BCF4-0021280458E6}"}}, {"type": "Feature", "id": 26962581, "geometry": {"type": "LineString", "coordinates": [[-120.62083090794529, 39.751284916864336], [-120.62086150796476, 39.751393650759404], [-120.62088477430164, 39.751565317149776], [-120.62086170774725, 39.7517269176906], [-120.62083117432194, 39.75191551730766], [-120.62073197398678, 39.75210271724069], [-120.62061730715644, 39.752235518047115], [-120.62044217386354, 39.752385118142875], [-120.62019777431325, 39.75261885059264], [-120.61996157416971, 39.752785118108044], [-120.6196943744417, 39.75293731771874], [-120.61943510670321, 39.75307611749311], [-120.61935837357495, 39.7531196510592], [-120.61922130717242, 39.753247450903785], [-120.61903777469028, 39.753365250926066], [-120.61891637456539, 39.7534393174189], [-120.61882417390144, 39.75350951760044], [-120.61865677489666, 39.75377631747593], [-120.61857290786827, 39.7540088508658], [-120.6185423078488, 39.75413431798316], [-120.61854217361993, 39.75424245061283], [-120.61860337365889, 39.7545004505593], [-120.61867210820346, 39.754727117863546], [-120.61872550736015, 39.75484985104473], [-120.61878677399326, 39.75491411736808], [-120.61884770765555, 39.754987451042965], [-120.61889297399962, 39.75506945126698], [-120.61897690762217, 39.75519731788918], [-120.61913710821376, 39.75535371747454], [-120.6192821076464, 39.75552791781086], [-120.61938177414072, 39.755723651280896], [-120.61945757495067, 39.75608551815337], [-120.61948850794099, 39.75633391760773], [-120.61951170872425, 39.75648751805482], [-120.61953450786145, 39.75665011815799], [-120.61951090751316, 39.756721718140746], [-120.61951110833621, 39.75688391852788], [-120.61951110833621, 39.7570550512852], [-120.61951157449538, 39.75725325137357], [-120.61958757508782, 39.75748005120442], [-120.6197019755415, 39.757631050963994], [-120.61984717475657, 39.75771511822425]]}, "properties": {"OBJECTID": 26962581, "permanent_identifier": "62400947", "fdate": 1329728269000, "resolution": 2, "gnis_id": null, "gnis_name": null, "lengthkm": 0.8250000000000001, "reachcode": "18020123002403", "flowdir": 1, "wbarea_permanent_identifier": null, "ftype": 460, "fcode": 46003, "innetwork": 1, "mainpath": 0, "visibilityfilter": 100000, "Shape_Length": 1069.586624543501, "globalid": "{8D3831B8-4C93-11E1-BCF4-0021280458E6}"}}, {"type": "Feature", "id": 27088234, "geometry": {"type": "LineString", "coordinates": [[-120.62085772458367, 39.75687074934481], [-120.62013415607363, 39.75734674376052]]}, "properties": {"OBJECTID": 27088234, "permanent_identifier": "{421D3D39-A61E-40F6-AB50-F2F2276B8A8C}", "fdate": 1529971200000, "resolution": 2, "gnis_id": null, "gnis_name": null, "lengthkm": 0.08136122999999999, "reachcode": "18020123030691", "flowdir": 1, "wbarea_permanent_identifier": null, "ftype": 460, "fcode": 46007, "innetwork": 1, "mainpath": 0, "visibilityfilter": 250000, "Shape_Length": 106.01230838757877, "globalid": "{C233E9FC-1AB0-45EF-8835-4303494EE2DB}"}}, {"type": "Feature", "id": 27187180, "geometry": {"type": "LineString", "coordinates": [[-120.61697037023922, 39.728269049061176], [-120.61675743643256, 39.72827364894543], [-120.61607636956818, 39.728484915985156]]}, "properties": {"OBJECTID": 27187180, "permanent_identifier": "158947299", "fdate": 1329728365000, "resolution": 2, "gnis_id": null, "gnis_name": null, "lengthkm": 0.081, "reachcode": "18020123030677", "flowdir": 1, "wbarea_permanent_identifier": null, "ftype": 460, "fcode": 46007, "innetwork": 1, "mainpath": 0, "visibilityfilter": 24000, "Shape_Length": 105.463697081622, "globalid": "{08E31EC7-4C98-11E1-BCF4-0021280458E6}"}}, {"type": "Feature", "id": 27187187, "geometry": {"type": "LineString", "coordinates": [[-120.62026183790137, 39.735737316309525], [-120.6202631052716, 39.7359535831375], [-120.6204069060092, 39.736501516717006], [-120.62069357204449, 39.737156049884796], [-120.6208369055824, 39.73748331573806], [-120.62097917153255, 39.737589915810595], [-120.6210829720679, 39.73774984961652]]}, "properties": {"OBJECTID": 27187187, "permanent_identifier": "158996684", "fdate": 1329728259000, "resolution": 2, "gnis_id": null, "gnis_name": null, "lengthkm": 0.24000000000000002, "reachcode": "18020123030694", "flowdir": 1, "wbarea_permanent_identifier": null, "ftype": 460, "fcode": 46007, "innetwork": 1, "mainpath": 0, "visibilityfilter": 0, "Shape_Length": 310.1832405512931, "globalid": "{7B8AA156-4C94-11E1-BCF4-0021280458E6}"}}, {"type": "Feature", "id": 27402675, "geometry": {"type": "LineString", "coordinates": [[-120.6648707789573, 39.74067218009761], [-120.6648693128451, 39.74067491328784], [-120.66477791339221, 39.74089824641085], [-120.66463298055378, 39.74121511309411], [-120.6645925131518, 39.74126464615983]]}, "properties": {"OBJECTID": 27402675, "permanent_identifier": "158997771", "fdate": 1329727101000, "resolution": 2, "gnis_id": "00266321", "gnis_name": "Smith Creek", "lengthkm": 0.07100000000000001, "reachcode": "18020123000158", "flowdir": 1, "wbarea_permanent_identifier": null, "ftype": 460, "fcode": 46006, "innetwork": 1, "mainpath": 0, "visibilityfilter": 2000000, "Shape_Length": 91.41861794789118, "globalid": "{7854E9A4-4C7B-11E1-BCF4-0021280458E6}"}}, {"type": "Feature", "id": 27410673, "geometry": {"type": "LineString", "coordinates": [[-120.64240717542543, 39.73370291492158], [-120.6423617082583, 39.73379664811994], [-120.64231590916086, 39.73392184797308], [-120.64224697483382, 39.73403751412048], [-120.64216350841099, 39.734112447992956], [-120.64208730803604, 39.73420991431774], [-120.64204897580953, 39.734326248138665], [-120.64185817519844, 39.7345971144237], [-120.6415529751742, 39.73492884783499], [-120.64146910814584, 39.73505771445452], [-120.64142297503705, 39.735232447818035], [-120.64132397448437, 39.73537904816662], [-120.64120210820033, 39.735511713971675], [-120.6411641755388, 39.73559651477813], [-120.64112557589509, 39.73567684731855], [-120.64103390902498, 39.735778514730086], [-120.64092757478974, 39.73594764748325], [-120.64086617496828, 39.73607691468233], [-120.64072877559492, 39.736276848272915], [-120.64068290782227, 39.73640651413631], [-120.64066830913232, 39.736554914752865], [-120.64057670885639, 39.736760248034926], [-120.64053790838966, 39.73691264787934], [-120.64049270863973, 39.737087314128274], [-120.64051510821191, 39.73724091428082], [-120.64049237566888, 39.73745671470341], [-120.64046197543192, 39.73762271475335], [-120.64043890887753, 39.73776191505006], [-120.64043877568918, 39.7378520476683], [-120.64045450856099, 39.73796944753722], [-120.64047997562699, 39.73800664789832]]}, "properties": {"OBJECTID": 27410673, "permanent_identifier": "158996742", "fdate": 1329727215000, "resolution": 2, "gnis_id": null, "gnis_name": null, "lengthkm": 0.522, "reachcode": "18020123004153", "flowdir": 1, "wbarea_permanent_identifier": null, "ftype": 460, "fcode": 46006, "innetwork": 1, "mainpath": 0, "visibilityfilter": 250000, "Shape_Length": 675.694407933328, "globalid": "{63162182-4C98-11E1-BCF4-0021280458E6}"}}, {"type": "Feature", "id": 27411577, "geometry": {"type": "LineString", "coordinates": [[-120.6462326429786, 39.73910911435649], [-120.64637471018683, 39.73922018144696], [-120.64658784377596, 39.73949478109966], [-120.6468725099052, 39.73976624796983], [-120.64730004341315, 39.74004064781666]]}, "properties": {"OBJECTID": 27411577, "permanent_identifier": "158996600", "fdate": 1329728162000, "resolution": 2, "gnis_id": null, "gnis_name": null, "lengthkm": 0.139, "reachcode": "18020123030676", "flowdir": 1, "wbarea_permanent_identifier": null, "ftype": 460, "fcode": 46007, "innetwork": 1, "mainpath": 0, "visibilityfilter": 0, "Shape_Length": 181.32416255257155, "globalid": "{67178DD9-4C90-11E1-BCF4-0021280458E6}"}}, {"type": "Feature", "id": 27626132, "geometry": {"type": "LineString", "coordinates": [[-120.60573930048885, 39.71625191548026], [-120.60575490017234, 39.71627284907902], [-120.60582316751719, 39.716386849597384], [-120.60591456697009, 39.71650131575704], [-120.60595290023714, 39.71665971611218], [-120.6059607000789, 39.71679504882679], [-120.6059377011592, 39.71691171538174], [-120.60590736751638, 39.71709124904223], [-120.60588396695061, 39.71719884911622], [-120.60584636725991, 39.71727464889951], [-120.60577770035007, 39.71740391589557], [-120.60570130019264, 39.71750591600143], [-120.60566270054889, 39.717568116150396], [-120.60561716782813, 39.717679849449254]]}, "properties": {"OBJECTID": 27626132, "permanent_identifier": "158996804", "fdate": 1329727324000, "resolution": 2, "gnis_id": "00263725", "gnis_name": "Mohawk Creek", "lengthkm": 0.169, "reachcode": "18020123000649", "flowdir": 1, "wbarea_permanent_identifier": null, "ftype": 460, "fcode": 46006, "innetwork": 1, "mainpath": 0, "visibilityfilter": 1000000, "Shape_Length": 218.99041374479776, "globalid": "{A57AE18A-4C7B-11E1-BCF4-0021280458E6}"}}, {"type": "Feature", "id": 27634696, "geometry": {"type": "LineString", "coordinates": [[-120.65693417568764, 39.71737991156431], [-120.65707624185532, 39.71809451206926], [-120.6570049756919, 39.718259711948356], [-120.65693337551711, 39.71858704510004], [-120.65707557591365, 39.71886471231823], [-120.65743090885881, 39.719245778989574], [-120.65757350882035, 39.71968557864324], [-120.65757337563203, 39.7199063121889], [-120.65728757532091, 39.72050857853067], [-120.65728770954975, 39.72078337917973], [-120.65742897554692, 39.72160611145947], [-120.65735730877795, 39.72193797861412], [-120.65734524274743, 39.722104778749916]]}, "properties": {"OBJECTID": 27634696, "permanent_identifier": "158947295", "fdate": 1329728139000, "resolution": 2, "gnis_id": null, "gnis_name": null, "lengthkm": 0.551, "reachcode": "18020123030657", "flowdir": 1, "wbarea_permanent_identifier": null, "ftype": 460, "fcode": 46003, "innetwork": 1, "mainpath": 0, "visibilityfilter": 250000, "Shape_Length": 711.9844276430713, "globalid": "{25624D08-4C8D-11E1-BCF4-0021280458E6}"}}, {"type": "Feature", "id": 27750178, "geometry": {"type": "LineString", "coordinates": [[-120.64748584321859, 39.74330271435717], [-120.64745851047539, 39.74333684752037], [-120.64739771104196, 39.743430114770476], [-120.64730557697216, 39.74358591460904], [-120.64722191076685, 39.74372831437729], [-120.64712277702584, 39.743920048189295], [-120.64705371055098, 39.74402224829212], [-120.64696250984004, 39.744110514950094], [-120.64689397715904, 39.74414964817517], [-120.6467797098937, 39.74420591494835], [-120.64667217696346, 39.744257714870294], [-120.64661951034263, 39.74430624805907], [-120.6465127099482, 39.74440311431636], [-120.64643591022576, 39.74449624811171], [-120.64619197683466, 39.74469391468831], [-120.64594791129576, 39.74490084785331], [-120.64575551034356, 39.745038848555005]]}, "properties": {"OBJECTID": 27750178, "permanent_identifier": "158996849", "fdate": 1329727091000, "resolution": 2, "gnis_id": "00266769", "gnis_name": "Gray Eagle Creek", "lengthkm": 0.248, "reachcode": "18020123000640", "flowdir": 1, "wbarea_permanent_identifier": null, "ftype": 460, "fcode": 46006, "innetwork": 1, "mainpath": 0, "visibilityfilter": 2000000, "Shape_Length": 322.59455106470534, "globalid": "{DAA49482-4C72-11E1-BCF4-0021280458E6}"}}, {"type": "Feature", "id": 27750186, "geometry": {"type": "LineString", "coordinates": [[-120.66224444342414, 39.72209917884209], [-120.66221350939334, 39.722211645104046], [-120.66218291041436, 39.7224272444762], [-120.66214510990064, 39.72253464494759], [-120.66206871078376, 39.72265924500319], [-120.66196177720097, 39.72275611127273], [-120.66185491021238, 39.72281251155834], [-120.66171770958101, 39.722881844982744], [-120.66154250969393, 39.72297291182319], [-120.66153544342855, 39.72298117832505]]}, "properties": {"OBJECTID": 27750186, "permanent_identifier": "158996740", "fdate": 1329727091000, "resolution": 2, "gnis_id": "00266769", "gnis_name": "Gray Eagle Creek", "lengthkm": 0.12300000000000001, "reachcode": "18020123000640", "flowdir": 1, "wbarea_permanent_identifier": null, "ftype": 460, "fcode": 46006, "innetwork": 1, "mainpath": 0, "visibilityfilter": 2000000, "Shape_Length": 160.1335007931444, "globalid": "{9C1D6148-4C96-11E1-BCF4-0021280458E6}"}}, {"type": "Feature", "id": 27851261, "geometry": {"type": "LineString", "coordinates": [[-120.65890651176343, 39.74279784687901], [-120.65890577922762, 39.743401447017696], [-120.65883477944085, 39.74356211381228]]}, "properties": {"OBJECTID": 27851261, "permanent_identifier": "158997550", "fdate": 1329727662000, "resolution": 2, "gnis_id": null, "gnis_name": null, "lengthkm": 0.08700000000000001, "reachcode": "18020123031264", "flowdir": 1, "wbarea_permanent_identifier": null, "ftype": 460, "fcode": 46003, "innetwork": 1, "mainpath": 0, "visibilityfilter": 100000, "Shape_Length": 111.9523000522955, "globalid": "{15244A20-4C7B-11E1-BCF4-0021280458E6}"}}, {"type": "Feature", "id": 28076687, "geometry": {"type": "LineString", "coordinates": [[-120.65622204160407, 39.7176538458612], [-120.65615037483511, 39.71836857799054], [-120.65607877570086, 39.71858784467025], [-120.65593604255098, 39.7189723792573], [-120.65572204219716, 39.71913471172964], [-120.65557977520643, 39.71913631245816]]}, "properties": {"OBJECTID": 28076687, "permanent_identifier": "158997431", "fdate": 1329727865000, "resolution": 2, "gnis_id": null, "gnis_name": null, "lengthkm": 0.188, "reachcode": "18020123030890", "flowdir": 1, "wbarea_permanent_identifier": null, "ftype": 460, "fcode": 46007, "innetwork": 1, "mainpath": 0, "visibilityfilter": 0, "Shape_Length": 243.6343406610959, "globalid": "{9115EC67-4C83-11E1-BCF4-0021280458E6}"}}, {"type": "Feature", "id": 28085207, "geometry": {"type": "LineString", "coordinates": [[-120.63403777562758, 39.74437484940432], [-120.63386230832329, 39.74461904912519], [-120.63348877540055, 39.7449627160646], [-120.63306910832853, 39.74525144911714], [-120.6328781755696, 39.74537364953999], [-120.63281690789597, 39.745458049383444], [-120.63265710895041, 39.745761049345845], [-120.63253497524916, 39.7459792488484], [-120.63245817552672, 39.74609031606685], [-120.63220710823552, 39.74624731556513], [-120.6320845083751, 39.74631244916662], [-120.63198597502213, 39.74637791632656], [-120.63191677535895, 39.74648011598394], [-120.63180217512279, 39.74661291642863], [-120.63164257491918, 39.746713316438246], [-120.631322175817, 39.74686904965009], [-120.6312381745598, 39.74693484989845], [-120.63115537511916, 39.74702631618748]]}, "properties": {"OBJECTID": 28085207, "permanent_identifier": "158996697", "fdate": 1329727397000, "resolution": 2, "gnis_id": null, "gnis_name": null, "lengthkm": 0.393, "reachcode": "18020123003222", "flowdir": 1, "wbarea_permanent_identifier": null, "ftype": 460, "fcode": 46006, "innetwork": 1, "mainpath": 0, "visibilityfilter": 250000, "Shape_Length": 511.01493491158334, "globalid": "{56A814C6-4C9A-11E1-BCF4-0021280458E6}"}}, {"type": "Feature", "id": 28085928, "geometry": {"type": "LineString", "coordinates": [[-120.64075944116802, 39.72834504714444], [-120.64040370761735, 39.728234247421625], [-120.63905030708918, 39.72834178129403], [-120.63819570727293, 39.72823438106485], [-120.63705664006945, 39.72795891388097], [-120.63684357307446, 39.72790051394751], [-120.63670090651877, 39.72784804791606]]}, "properties": {"OBJECTID": 28085928, "permanent_identifier": "158997370", "fdate": 1329728304000, "resolution": 2, "gnis_id": null, "gnis_name": null, "lengthkm": 0.35600000000000004, "reachcode": "18020123030779", "flowdir": 1, "wbarea_permanent_identifier": null, "ftype": 460, "fcode": 46007, "innetwork": 1, "mainpath": 0, "visibilityfilter": 24000, "Shape_Length": 466.28634481462007, "globalid": "{9C1E24C1-4C96-11E1-BCF4-0021280458E6}"}}, {"type": "Feature", "id": 28086062, "geometry": {"type": "LineString", "coordinates": [[-120.6559343090216, 39.72111191207018], [-120.65671690909804, 39.72177191198089]]}, "properties": {"OBJECTID": 28086062, "permanent_identifier": "158997430", "fdate": 1329728363000, "resolution": 2, "gnis_id": null, "gnis_name": null, "lengthkm": 0.099, "reachcode": "18020123030889", "flowdir": 1, "wbarea_permanent_identifier": null, "ftype": 460, "fcode": 46003, "innetwork": 1, "mainpath": 0, "visibilityfilter": 250000, "Shape_Length": 129.28220678573282, "globalid": "{FFC4A70F-4C98-11E1-BCF4-0021280458E6}"}}, {"type": "Feature", "id": 28200951, "geometry": {"type": "LineString", "coordinates": [[-120.6313518913827, 39.75953926410992], [-120.63068564067983, 39.76001515689409], [-120.63020974940167, 39.7608717629773], [-120.63016216058601, 39.76153801234084], [-120.63040010674534, 39.76215667132022], [-120.63020975044222, 39.76272774279755], [-120.62980524186726, 39.76313225146137], [-120.62944832314854, 39.7634891699324], [-120.62927677657582, 39.76389776132899], [-120.62879397095026, 39.76504771701308]]}, "properties": {"OBJECTID": 28200951, "permanent_identifier": "{BA105A82-F4BB-40FE-8A23-FF69D9B844D0}", "fdate": 1507852800000, "resolution": 2, "gnis_id": null, "gnis_name": null, "lengthkm": 0.68518968, "reachcode": "18020123038321", "flowdir": 1, "wbarea_permanent_identifier": null, "ftype": 460, "fcode": 46007, "innetwork": 1, "mainpath": 0, "visibilityfilter": 24000, "Shape_Length": 887.7966973802639, "globalid": "{F9AD8DA0-CED1-4B93-8A17-B71F610875E0}"}}, {"type": "Feature", "id": 28427125, "geometry": {"type": "LineString", "coordinates": [[-120.65642331414784, 39.75893231538269], [-120.65630951408222, 39.75903811516766], [-120.65614931349057, 39.75911604867666], [-120.65576731478444, 39.759193914905936], [-120.65555398037229, 39.75926611536748], [-120.65527891420837, 39.7593326484793], [-120.65504238005344, 39.759422448120915], [-120.65486751417777, 39.75948204838491], [-120.65468378087255, 39.75954131504108], [-120.65451611341, 39.759583048757484], [-120.6543935811843, 39.75962104854252], [-120.654295314208, 39.75965964822694], [-120.65411931310983, 39.759773115463865], [-120.65401231397345, 39.75985211599631], [-120.65393671398655, 39.75990911544327], [-120.65383678111553, 39.759947648575356]]}, "properties": {"OBJECTID": 28427125, "permanent_identifier": "{47541BCE-ED17-4C29-BE91-ED9B54E4DD0D}", "fdate": 1507852800000, "resolution": 2, "gnis_id": null, "gnis_name": null, "lengthkm": 0.2516043, "reachcode": "18020123003223", "flowdir": 1, "wbarea_permanent_identifier": null, "ftype": 460, "fcode": 46006, "innetwork": 1, "mainpath": 0, "visibilityfilter": 500000, "Shape_Length": 328.7966907565784, "globalid": "{85E1E32D-4887-4395-944B-F8E76D2AC28E}"}}, {"type": "Feature", "id": 28528327, "geometry": {"type": "LineString", "coordinates": [[-120.61583390853248, 39.76554691863675], [-120.61558197551712, 39.765636319060654], [-120.61528490830545, 39.76570685233403], [-120.6151013081886, 39.76576171940602], [-120.61495637535016, 39.765857852451], [-120.61484190830234, 39.76587805274666], [-120.6147349747196, 39.76588931903188], [-120.61466697583245, 39.765914918910774], [-120.614574974951, 39.765980652176985], [-120.6142855088391, 39.76623145218484], [-120.6141479086427, 39.766282652478544], [-120.61400257519874, 39.766329252990815], [-120.61375890818431, 39.76639171941474], [-120.61358350851471, 39.7664467195101], [-120.61341537489302, 39.76653785276216], [-120.6133161090042, 39.76660331909594], [-120.61319377552049, 39.76665945235649], [-120.61303370811716, 39.7667326527533], [-120.61286610828935, 39.766832853078455], [-120.61275137486484, 39.76696105217556], [-120.61269797466765, 39.76707265262761], [-120.6126143074218, 39.76721505263505], [-120.61256850832437, 39.76727265303967], [-120.61253790830487, 39.76733505222395], [-120.61249230898993, 39.767406253192824], [-120.61245370830567, 39.76749091876947], [-120.61238510798998, 39.76755265312038], [-120.61233197416945, 39.76763265247725], [-120.61219490776692, 39.76780091923671], [-120.61202690837408, 39.76793265243678], [-120.61194290815739, 39.76795791964002], [-120.61179757471342, 39.767999919386675], [-120.61169090854789, 39.76802931911407], [-120.61156157539294, 39.76805365291965], [-120.61147730879956, 39.76806545311263]]}, "properties": {"OBJECTID": 28528327, "permanent_identifier": "62400885", "fdate": 1329727891000, "resolution": 2, "gnis_id": "00266769", "gnis_name": "Gray Eagle Creek", "lengthkm": 0.48900000000000005, "reachcode": "18020123000638", "flowdir": 1, "wbarea_permanent_identifier": null, "ftype": 460, "fcode": 46006, "innetwork": 1, "mainpath": 0, "visibilityfilter": 2000000, "Shape_Length": 637.5521779585438, "globalid": "{E8964D18-4C84-11E1-BCF4-0021280458E6}"}}, {"type": "Feature", "id": 28536826, "geometry": {"type": "LineString", "coordinates": [[-120.6307519726317, 39.73152098181072], [-120.63052777296508, 39.731758314799606], [-120.63037550644405, 39.73188591500271], [-120.63013130563574, 39.73205204850153], [-120.62986437332493, 39.73224484867334], [-120.62973097272317, 39.732358781977545]]}, "properties": {"OBJECTID": 28536826, "permanent_identifier": "158996861", "fdate": 1329727100000, "resolution": 2, "gnis_id": "00260351", "gnis_name": "Frazier Creek", "lengthkm": 0.128, "reachcode": "18020123000347", "flowdir": 1, "wbarea_permanent_identifier": null, "ftype": 460, "fcode": 46006, "innetwork": 1, "mainpath": 0, "visibilityfilter": 5000000, "Shape_Length": 166.7843803827159, "globalid": "{926F15A0-4C8D-11E1-BCF4-0021280458E6}"}}]}